customer_id,recency,frequency,monetary,r_score,f_score,m_score,segment
CUST000001,200,3,3348.3500000000004,3,3,5,Loyal Customer
CUST000003,63,2,1892.67,4,2,4,Needs Attention
CUST000005,45,3,2734.93,4,3,4,Loyal Customer
CUST000007,47,7,4922.33,4,5,5,Champion
CUST000008,39,8,2693.75,5,5,4,Champion
CUST000009,320,1,298.93,2,1,1,Lost
CUST000010,75,2,1249.94,4,2,3,Needs Attention
CUST000013,40,9,6359.1900000000005,4,5,5,Champion
CUST000016,156,3,1240.46,3,3,3,Loyal Customer
CUST000019,330,1,419.6,2,1,1,Lost
CUST000021,45,3,2400.92,4,3,4,Loyal Customer
CUST000022,122,5,3903.91,3,4,5,Loyal Customer
CUST000023,159,1,492.98,3,1,2,Needs Attention
CUST000025,341,2,664.49,2,2,2,Lost
CUST000026,43,11,8844.81,4,5,5,Champion
CUST000029,32,5,2627.41,5,4,4,Champion
CUST000030,6,16,8554.71,5,5,5,Champion
CUST000031,570,2,1295.98,1,2,3,Lost
CUST000032,308,1,1565.86,2,1,4,Lost
CUST000033,551,2,872.96,1,2,3,Lost
CUST000034,148,1,173.02,3,1,1,Needs Attention
CUST000035,14,3,1358.68,5,3,3,Loyal Customer
CUST000039,185,1,33.42,3,1,1,Needs Attention
CUST000040,8,4,2248.12,5,4,4,Champion
CUST000041,175,5,1852.43,3,4,4,Loyal Customer
CUST000042,345,1,272.2,2,1,1,Lost
CUST000043,296,1,1011.79,2,1,3,Lost
CUST000044,98,4,2460.3199999999997,4,4,4,Champion
CUST000049,226,1,462.92,2,1,2,Lost
CUST000051,101,7,4172.42,4,5,5,Champion
CUST000052,2,6,4737.27,5,5,5,Champion
CUST000053,42,2,709.54,4,2,2,Needs Attention
CUST000056,885,1,483.81,1,1,2,Lost
CUST000057,203,1,76.78,3,1,1,Needs Attention
CUST000059,644,1,1226.84,1,1,3,Lost
CUST000062,6,2,1846.6599999999999,5,2,4,Needs Attention
CUST000063,221,5,6867.4400000000005,2,4,5,At Risk
CUST000064,312,2,600.19,2,2,2,Lost
CUST000066,58,6,4460.67,4,5,5,Champion
CUST000068,288,1,420.68,2,1,1,Lost
CUST000069,287,1,1929.71,2,1,4,Lost
CUST000070,60,2,3189.6099999999997,4,2,5,Needs Attention
CUST000071,630,1,100.49,1,1,1,Lost
CUST000072,382,1,544.88,2,1,2,Lost
CUST000073,388,2,925.01,2,2,3,Lost
CUST000074,565,1,321.12,1,1,1,Lost
CUST000075,13,2,2125.74,5,2,4,Needs Attention
CUST000079,237,1,523.46,2,1,2,Lost
CUST000081,115,3,720.14,3,3,2,Loyal Customer
CUST000082,328,1,442.04,2,1,2,Lost
CUST000083,53,2,709.99,4,2,2,Needs Attention
CUST000086,160,2,1299.33,3,2,3,Needs Attention
CUST000087,7,9,7430.67,5,5,5,Champion
CUST000089,62,6,3868.3399999999997,4,5,5,Champion
CUST000090,145,2,1527.87,3,2,3,Needs Attention
CUST000091,200,2,598.07,3,2,2,Needs Attention
CUST000093,787,1,1077.66,1,1,3,Lost
CUST000095,176,3,1439.6100000000001,3,3,3,Loyal Customer
CUST000096,32,5,2033.55,5,4,4,Champion
CUST000097,108,1,122.97,3,1,1,Needs Attention
CUST000098,549,1,576.69,1,1,2,Lost
CUST000101,133,7,4424.66,3,5,5,Loyal Customer
CUST000103,107,1,434.79,3,1,1,Needs Attention
CUST000105,117,4,1778.27,3,4,4,Loyal Customer
CUST000107,16,45,27453.07,5,5,5,Champion
CUST000108,848,1,164.68,1,1,1,Lost
CUST000109,185,2,952.87,3,2,3,Needs Attention
CUST000110,520,1,84.0,1,1,1,Lost
CUST000111,199,1,520.87,3,1,2,Needs Attention
CUST000114,102,5,2998.5699999999997,3,4,5,Loyal Customer
CUST000117,150,1,170.29,3,1,1,Needs Attention
CUST000119,162,3,385.40999999999997,3,3,1,Loyal Customer
CUST000120,670,1,652.25,1,1,2,Lost
CUST000122,228,1,103.35,2,1,1,Lost
CUST000125,279,1,748.25,2,1,2,Lost
CUST000126,16,4,1699.34,5,4,4,Champion
CUST000127,10,4,2926.55,5,4,5,Champion
CUST000129,66,4,886.16,4,4,3,Loyal Customer
CUST000131,54,3,1514.64,4,3,3,Loyal Customer
CUST000132,105,6,8182.450000000001,3,5,5,Loyal Customer
CUST000134,9,7,3758.0299999999997,5,5,5,Champion
CUST000136,263,2,689.6,2,2,2,Lost
CUST000137,16,5,1072.8000000000002,5,4,3,Loyal Customer
CUST000140,54,3,991.33,4,3,3,Loyal Customer
CUST000142,54,7,3877.36,4,5,5,Champion
CUST000144,254,3,2265.42,2,3,4,At Risk
CUST000145,507,1,2327.31,1,1,4,Lost
CUST000147,39,5,2284.91,5,4,4,Champion
CUST000148,730,1,15.51,1,1,1,Lost
CUST000149,253,1,931.91,2,1,3,Lost
CUST000150,181,1,1122.89,3,1,3,Needs Attention
CUST000151,14,3,1661.8200000000002,5,3,4,Loyal Customer
CUST000152,10,2,1321.4,5,2,3,Needs Attention
CUST000153,176,5,2225.2,3,4,4,Loyal Customer
CUST000156,22,4,1673.48,5,4,4,Champion
CUST000157,86,6,3137.69,4,5,5,Champion
CUST000158,948,1,87.15,1,1,1,Lost
CUST000161,159,3,2546.29,3,3,4,Loyal Customer
CUST000162,19,5,3962.83,5,4,5,Champion
CUST000163,237,4,2845.08,2,4,4,At Risk
CUST000164,222,2,631.59,2,2,2,Lost
CUST000165,6,2,615.71,5,2,2,Needs Attention
CUST000166,433,2,815.36,1,2,2,Lost
CUST000167,23,1,632.17,5,1,2,Needs Attention
CUST000168,194,3,1307.02,3,3,3,Loyal Customer
CUST000169,364,1,438.29,2,1,2,Lost
CUST000170,289,5,2686.05,2,4,4,At Risk
CUST000177,141,3,649.48,3,3,2,Loyal Customer
CUST000179,398,1,567.45,1,1,2,Lost
CUST000180,101,6,3739.63,4,5,5,Champion
CUST000182,172,1,656.23,3,1,2,Needs Attention
CUST000183,1,2,1384.58,5,2,3,Needs Attention
CUST000184,23,4,2000.76,5,4,4,Champion
CUST000185,22,4,2916.54,5,4,5,Champion
CUST000188,5,2,632.03,5,2,2,Needs Attention
CUST000190,21,2,475.95000000000005,5,2,2,Needs Attention
CUST000191,309,4,1995.0,2,4,4,At Risk
CUST000193,22,1,751.45,5,1,2,Needs Attention
CUST000195,18,1,81.69,5,1,1,Needs Attention
CUST000197,15,6,3579.83,5,5,5,Champion
CUST000198,536,2,130.99,1,2,1,Lost
CUST000200,1,5,3437.5,5,4,5,Champion
CUST000201,79,3,760.51,4,3,2,Loyal Customer
CUST000202,108,5,2260.77,3,4,4,Loyal Customer
CUST000203,392,1,155.06,1,1,1,Lost
CUST000204,22,1,1059.4,5,1,3,Needs Attention
CUST000206,638,1,925.67,1,1,3,Lost
CUST000207,193,2,1282.74,3,2,3,Needs Attention
CUST000208,19,1,1451.43,5,1,3,Needs Attention
CUST000209,305,1,701.02,2,1,2,Lost
CUST000212,55,4,2223.01,4,4,4,Champion
CUST000216,19,33,15985.19,5,5,5,Champion
CUST000219,228,4,2535.57,2,4,4,At Risk
CUST000220,84,2,852.13,4,2,2,Needs Attention
CUST000221,218,3,1577.9,2,3,4,At Risk
CUST000222,551,2,1265.8000000000002,1,2,3,Lost
CUST000223,14,6,3402.9,5,5,5,Champion
CUST000224,160,5,2786.23,3,4,4,Loyal Customer
CUST000226,393,1,543.09,1,1,2,Lost
CUST000227,12,5,3119.66,5,4,5,Champion
CUST000228,80,1,813.21,4,1,2,Needs Attention
CUST000229,71,2,667.75,4,2,2,Needs Attention
CUST000230,77,1,631.92,4,1,2,Needs Attention
CUST000231,866,1,71.9,1,1,1,Lost
CUST000233,321,1,1696.66,2,1,4,Lost
CUST000234,115,1,155.37,3,1,1,Needs Attention
CUST000236,203,1,1174.54,3,1,3,Needs Attention
CUST000237,383,2,1585.25,2,2,4,Lost
CUST000240,269,4,3095.6800000000003,2,4,5,At Risk
CUST000241,909,1,660.51,1,1,2,Lost
CUST000243,278,4,1356.1399999999999,2,4,3,At Risk
CUST000244,147,3,2626.79,3,3,4,Loyal Customer
CUST000246,247,1,832.02,2,1,2,Lost
CUST000248,148,6,2342.02,3,5,4,Loyal Customer
CUST000249,185,1,606.06,3,1,2,Needs Attention
CUST000250,55,3,2138.4,4,3,4,Loyal Customer
CUST000251,451,1,663.37,1,1,2,Lost
CUST000255,174,1,280.51,3,1,1,Needs Attention
CUST000256,82,3,2109.13,4,3,4,Loyal Customer
CUST000257,275,2,390.08,2,2,1,Lost
CUST000259,92,1,971.89,4,1,3,Needs Attention
CUST000261,22,8,5381.88,5,5,5,Champion
CUST000262,60,1,962.56,4,1,3,Needs Attention
CUST000263,247,4,2904.68,2,4,5,At Risk
CUST000264,717,1,32.35,1,1,1,Lost
CUST000265,726,1,350.37,1,1,1,Lost
CUST000267,4,57,28398.5,5,5,5,Champion
CUST000268,17,3,573.16,5,3,2,Loyal Customer
CUST000269,437,2,1145.16,1,2,3,Lost
CUST000270,258,2,332.06,2,2,1,Lost
CUST000271,44,3,887.33,4,3,3,Loyal Customer
CUST000274,167,1,637.81,3,1,2,Needs Attention
CUST000277,326,1,369.93,2,1,1,Lost
CUST000278,309,3,280.57,2,3,1,At Risk
CUST000279,208,2,719.1600000000001,2,2,2,Lost
CUST000282,37,1,498.21,5,1,2,Needs Attention
CUST000283,32,7,4419.150000000001,5,5,5,Champion
CUST000284,57,11,4735.72,4,5,5,Champion
CUST000285,256,5,998.44,2,4,3,At Risk
CUST000286,48,3,606.37,4,3,2,Loyal Customer
CUST000287,796,1,844.24,1,1,2,Lost
CUST000289,599,1,507.69,1,1,2,Lost
CUST000293,437,1,667.32,1,1,2,Lost
CUST000295,60,6,3504.52,4,5,5,Champion
CUST000296,19,1,613.85,5,1,2,Needs Attention
CUST000297,88,7,3212.5499999999997,4,5,5,Champion
CUST000298,11,7,3023.3999999999996,5,5,5,Champion
CUST000299,346,1,93.24,2,1,1,Lost
CUST000300,185,1,1206.18,3,1,3,Needs Attention
CUST000302,161,1,312.46,3,1,1,Needs Attention
CUST000304,43,5,4472.639999999999,4,4,5,Champion
CUST000306,235,2,2562.15,2,2,4,Lost
CUST000307,16,26,15939.16,5,5,5,Champion
CUST000308,250,1,68.22,2,1,1,Lost
CUST000310,38,4,2070.4,5,4,4,Champion
CUST000313,347,1,770.22,2,1,2,Lost
CUST000315,2,5,4500.85,5,4,5,Champion
CUST000317,30,3,1644.76,5,3,4,Loyal Customer
CUST000321,315,1,307.14,2,1,1,Lost
CUST000323,319,2,1084.66,2,2,3,Lost
CUST000324,13,22,11607.07,5,5,5,Champion
CUST000325,45,1,147.8,4,1,1,Needs Attention
CUST000328,542,2,1553.6399999999999,1,2,3,Lost
CUST000329,201,1,831.06,3,1,2,Needs Attention
CUST000330,415,1,306.14,1,1,1,Lost
CUST000331,804,1,196.75,1,1,1,Lost
CUST000333,761,1,130.22,1,1,1,Lost
CUST000337,478,1,784.68,1,1,2,Lost
CUST000338,56,2,546.99,4,2,2,Needs Attention
CUST000342,1,28,12724.09,5,5,5,Champion
CUST000345,258,1,148.36,2,1,1,Lost
CUST000346,78,3,984.19,4,3,3,Loyal Customer
CUST000347,521,1,356.28,1,1,1,Lost
CUST000348,262,2,815.1700000000001,2,2,2,Lost
CUST000351,747,1,836.25,1,1,2,Lost
CUST000353,684,2,3855.3999999999996,1,2,5,Lost
CUST000354,60,2,441.53999999999996,4,2,2,Needs Attention
CUST000355,76,4,1154.52,4,4,3,Loyal Customer
CUST000358,116,6,4865.97,3,5,5,Loyal Customer
CUST000359,60,3,875.26,4,3,3,Loyal Customer
CUST000361,42,1,1513.59,4,1,3,Needs Attention
CUST000362,1,10,7609.68,5,5,5,Champion
CUST000364,96,2,1045.46,4,2,3,Needs Attention
CUST000365,95,2,1281.44,4,2,3,Needs Attention
CUST000369,227,1,15.51,2,1,1,Lost
CUST000370,267,3,998.06,2,3,3,At Risk
CUST000371,246,1,201.49,2,1,1,Lost
CUST000372,434,3,914.63,1,3,3,At Risk
CUST000373,120,1,541.89,3,1,2,Needs Attention
CUST000376,45,9,5699.06,4,5,5,Champion
CUST000377,114,2,1040.6200000000001,3,2,3,Needs Attention
CUST000379,8,41,19007.39,5,5,5,Champion
CUST000381,167,4,2279.4900000000002,3,4,4,Loyal Customer
CUST000382,313,2,411.64,2,2,1,Lost
CUST000383,90,1,521.14,4,1,2,Needs Attention
CUST000385,50,15,5786.5,4,5,5,Champion
CUST000386,1013,1,1332.89,1,1,3,Lost
CUST000388,150,2,818.65,3,2,2,Needs Attention
CUST000389,31,3,1400.1,5,3,3,Loyal Customer
CUST000390,327,3,1234.85,2,3,3,At Risk
CUST000391,7,14,9854.68,5,5,5,Champion
CUST000392,172,4,1755.6599999999999,3,4,4,Loyal Customer
CUST000393,262,9,4197.63,2,5,5,At Risk
CUST000395,227,2,471.53999999999996,2,2,2,Lost
CUST000398,393,3,2561.58,1,3,4,At Risk
CUST000399,644,1,413.43,1,1,1,Lost
CUST000400,111,4,488.04,3,4,2,Loyal Customer
CUST000401,107,1,834.57,3,1,2,Needs Attention
CUST000402,121,5,3802.16,3,4,5,Loyal Customer
CUST000405,123,2,261.67,3,2,1,Needs Attention
CUST000408,76,10,6341.73,4,5,5,Champion
CUST000409,661,1,114.66,1,1,1,Lost
CUST000410,917,1,1664.64,1,1,4,Lost
CUST000414,65,5,3160.84,4,4,5,Champion
CUST000415,525,1,869.87,1,1,2,Lost
CUST000416,826,1,129.24,1,1,1,Lost
CUST000418,741,1,220.05,1,1,1,Lost
CUST000419,23,1,164.68,5,1,1,Needs Attention
CUST000420,116,1,1131.18,3,1,3,Needs Attention
CUST000421,138,3,1247.04,3,3,3,Loyal Customer
CUST000422,303,1,178.93,2,1,1,Lost
CUST000423,711,1,170.19,1,1,1,Lost
CUST000424,219,1,749.22,2,1,2,Lost
CUST000425,232,4,2290.87,2,4,4,At Risk
CUST000426,556,1,332.42,1,1,1,Lost
CUST000431,5,24,10128.32,5,5,5,Champion
CUST000433,86,3,782.9599999999999,4,3,2,Loyal Customer
CUST000435,554,1,1352.58,1,1,3,Lost
CUST000436,51,11,9907.17,4,5,5,Champion
CUST000438,333,1,354.15,2,1,1,Lost
CUST000439,87,9,6352.63,4,5,5,Champion
CUST000440,57,14,5815.95,4,5,5,Champion
CUST000441,87,3,1890.1699999999998,4,3,4,Loyal Customer
CUST000442,24,5,1769.0900000000001,5,4,4,Champion
CUST000443,589,1,20.34,1,1,1,Lost
CUST000445,302,3,928.6600000000001,2,3,3,At Risk
CUST000446,45,14,7039.38,4,5,5,Champion
CUST000448,45,2,753.54,4,2,2,Needs Attention
CUST000449,301,1,428.86,2,1,1,Lost
CUST000450,214,4,2206.85,2,4,4,At Risk
CUST000452,4,5,1873.21,5,4,4,Champion
CUST000454,105,3,920.13,3,3,3,Loyal Customer
CUST000457,392,1,310.77,1,1,1,Lost
CUST000458,52,2,1934.67,4,2,4,Needs Attention
CUST000460,165,1,1283.01,3,1,3,Needs Attention
CUST000463,118,9,4867.82,3,5,5,Loyal Customer
CUST000464,75,7,5305.88,4,5,5,Champion
CUST000465,139,5,3431.0599999999995,3,4,5,Loyal Customer
CUST000467,259,2,1996.44,2,2,4,Lost
CUST000468,769,1,164.68,1,1,1,Lost
CUST000469,13,2,1539.06,5,2,3,Needs Attention
CUST000470,331,1,184.83,2,1,1,Lost
CUST000471,106,3,780.87,3,3,2,Loyal Customer
CUST000472,623,1,712.51,1,1,2,Lost
CUST000474,47,2,1254.56,4,2,3,Needs Attention
CUST000475,17,4,1805.93,5,4,4,Champion
CUST000478,21,5,2977.7799999999997,5,4,5,Champion
CUST000479,235,1,799.33,2,1,2,Lost
CUST000481,422,1,446.89,1,1,2,Lost
CUST000482,331,1,126.9,2,1,1,Lost
CUST000483,202,1,460.51,3,1,2,Needs Attention
CUST000484,3,1,206.46,5,1,1,Needs Attention
CUST000485,788,1,1233.3,1,1,3,Lost
CUST000486,134,6,3355.3599999999997,3,5,5,Loyal Customer
CUST000489,47,15,7381.64,4,5,5,Champion
CUST000491,67,11,5661.22,4,5,5,Champion
CUST000492,351,3,1483.6100000000001,2,3,3,At Risk
CUST000495,36,2,327.42,5,2,1,Needs Attention
CUST000496,55,8,6421.969999999999,4,5,5,Champion
CUST000498,163,3,481.49,3,3,2,Loyal Customer
CUST000500,746,1,346.51,1,1,1,Lost
CUST000503,3,26,19507.71,5,5,5,Champion
CUST000506,417,1,737.17,1,1,2,Lost
CUST000507,343,4,2158.83,2,4,4,At Risk
CUST000511,143,1,344.6,3,1,1,Needs Attention
CUST000513,297,2,1654.04,2,2,4,Lost
CUST000515,809,1,540.5,1,1,2,Lost
CUST000516,121,10,4746.99,3,5,5,Loyal Customer
CUST000517,739,1,408.37,1,1,1,Lost
CUST000518,18,8,2354.12,5,5,4,Champion
CUST000519,106,1,653.96,3,1,2,Needs Attention
CUST000520,127,5,2604.59,3,4,4,Loyal Customer
CUST000522,296,1,172.61,2,1,1,Lost
CUST000523,14,5,6151.67,5,4,5,Champion
CUST000525,334,1,34.72,2,1,1,Lost
CUST000526,201,4,2806.96,3,4,4,Loyal Customer
CUST000527,491,1,974.41,1,1,3,Lost
CUST000528,235,4,2228.29,2,4,4,At Risk
CUST000531,27,9,5148.639999999999,5,5,5,Champion
CUST000533,33,5,3324.62,5,4,5,Champion
CUST000537,616,1,1469.58,1,1,3,Lost
CUST000538,51,2,1397.45,4,2,3,Needs Attention
CUST000543,370,1,548.53,2,1,2,Lost
CUST000544,185,4,1594.47,3,4,4,Loyal Customer
CUST000545,1010,1,418.56,1,1,1,Lost
CUST000546,834,1,1629.82,1,1,4,Lost
CUST000547,168,9,5561.91,3,5,5,Loyal Customer
CUST000549,86,11,7580.57,4,5,5,Champion
CUST000552,260,1,337.24,2,1,1,Lost
CUST000553,863,1,516.77,1,1,2,Lost
CUST000554,92,3,1572.0700000000002,4,3,4,Loyal Customer
CUST000556,93,6,3275.11,4,5,5,Champion
CUST000557,497,1,543.88,1,1,2,Lost
CUST000560,295,3,1143.1599999999999,2,3,3,At Risk
CUST000563,499,3,1043.74,1,3,3,At Risk
CUST000564,8,15,6030.9,5,5,5,Champion
CUST000566,82,5,4279.599999999999,4,4,5,Champion
CUST000567,205,2,1069.45,2,2,3,Lost
CUST000568,14,10,5805.570000000001,5,5,5,Champion
CUST000569,113,1,289.05,3,1,1,Needs Attention
CUST000570,108,7,5214.98,3,5,5,Loyal Customer
CUST000571,141,7,4341.58,3,5,5,Loyal Customer
CUST000574,212,1,342.5,2,1,1,Lost
CUST000576,17,1,339.28,5,1,1,Needs Attention
CUST000577,64,9,3351.11,4,5,5,Champion
CUST000580,906,1,308.24,1,1,1,Lost
CUST000581,689,1,221.53,1,1,1,Lost
CUST000582,354,1,828.93,2,1,2,Lost
CUST000584,507,2,664.87,1,2,2,Lost
CUST000585,117,5,3388.73,3,4,5,Loyal Customer
CUST000586,116,3,2463.35,3,3,4,Loyal Customer
CUST000587,118,3,800.6999999999999,3,3,2,Loyal Customer
CUST000589,23,2,2750.27,5,2,4,Needs Attention
CUST000592,975,1,476.84,1,1,2,Lost
CUST000593,32,2,1008.8600000000001,5,2,3,Needs Attention
CUST000596,221,3,1145.02,2,3,3,At Risk
CUST000597,371,1,646.44,2,1,2,Lost
CUST000598,114,4,2278.5699999999997,3,4,4,Loyal Customer
CUST000599,214,2,1470.8000000000002,2,2,3,Lost
CUST000600,23,5,3236.2799999999997,5,4,5,Champion
CUST000602,373,2,1702.26,2,2,4,Lost
CUST000604,41,8,5650.780000000001,4,5,5,Champion
CUST000609,848,1,1182.03,1,1,3,Lost
CUST000610,327,6,4142.05,2,5,5,At Risk
CUST000615,261,7,3550.97,2,5,5,At Risk
CUST000616,236,8,5430.700000000001,2,5,5,At Risk
CUST000617,173,1,305.15,3,1,1,Needs Attention
CUST000618,561,1,155.29,1,1,1,Lost
CUST000619,36,6,3933.27,5,5,5,Champion
CUST000622,196,2,569.76,3,2,2,Needs Attention
CUST000623,79,2,1006.65,4,2,3,Needs Attention
CUST000624,17,1,1032.91,5,1,3,Needs Attention
CUST000626,5,6,3224.6499999999996,5,5,5,Champion
CUST000629,224,2,1799.4399999999998,2,2,4,Lost
CUST000630,93,4,2585.7799999999997,4,4,4,Champion
CUST000631,209,1,494.31,2,1,2,Lost
CUST000632,397,1,890.0,1,1,3,Lost
CUST000633,159,2,2789.09,3,2,4,Needs Attention
CUST000634,35,1,877.4,5,1,3,Needs Attention
CUST000635,90,2,513.48,4,2,2,Needs Attention
CUST000636,7,3,2919.46,5,3,5,Loyal Customer
CUST000640,484,1,1960.18,1,1,4,Lost
CUST000641,247,1,2151.18,2,1,4,Lost
CUST000642,97,3,2850.05,4,3,4,Loyal Customer
CUST000643,604,1,459.09,1,1,2,Lost
CUST000644,650,2,645.5600000000001,1,2,2,Lost
CUST000645,43,1,233.62,4,1,1,Needs Attention
CUST000647,126,3,1543.45,3,3,3,Loyal Customer
CUST000648,165,1,341.09,3,1,1,Needs Attention
CUST000649,111,1,601.85,3,1,2,Needs Attention
CUST000650,263,1,1534.93,2,1,3,Lost
CUST000652,194,3,848.29,3,3,2,Loyal Customer
CUST000654,98,1,1473.82,4,1,3,Needs Attention
CUST000656,4,9,4340.96,5,5,5,Champion
CUST000658,706,1,491.99,1,1,2,Lost
CUST000661,118,5,4375.219999999999,3,4,5,Loyal Customer
CUST000662,595,1,221.53,1,1,1,Lost
CUST000664,155,1,602.59,3,1,2,Needs Attention
CUST000666,166,3,1931.8,3,3,4,Loyal Customer
CUST000667,160,1,193.49,3,1,1,Needs Attention
CUST000669,36,3,834.3399999999999,5,3,2,Loyal Customer
CUST000670,167,1,76.2,3,1,1,Needs Attention
CUST000672,405,1,158.87,1,1,1,Lost
CUST000673,47,3,1150.15,4,3,3,Loyal Customer
CUST000674,23,2,1178.0500000000002,5,2,3,Needs Attention
CUST000676,12,1,237.65,5,1,1,Needs Attention
CUST000681,64,3,1043.98,4,3,3,Loyal Customer
CUST000682,358,1,298.93,2,1,1,Lost
CUST000685,177,4,1825.35,3,4,4,Loyal Customer
CUST000687,76,1,34.74,4,1,1,Needs Attention
CUST000692,401,2,461.19,1,2,2,Lost
CUST000693,69,2,1496.87,4,2,3,Needs Attention
CUST000694,501,1,79.68,1,1,1,Lost
CUST000697,135,1,889.54,3,1,3,Needs Attention
CUST000698,106,5,5076.7,3,4,5,Loyal Customer
CUST000699,148,3,800.36,3,3,2,Loyal Customer
CUST000700,1,14,6308.91,5,5,5,Champion
CUST000702,309,2,1547.4299999999998,2,2,3,Lost
CUST000706,122,1,346.92,3,1,1,Needs Attention
CUST000708,307,2,1036.59,2,2,3,Lost
CUST000709,193,9,2875.71,3,5,4,Loyal Customer
CUST000712,205,1,459.75,2,1,2,Lost
CUST000713,68,1,1235.13,4,1,3,Needs Attention
CUST000714,884,1,600.11,1,1,2,Lost
CUST000716,240,1,816.88,2,1,2,Lost
CUST000717,134,5,3642.82,3,4,5,Loyal Customer
CUST000718,140,1,439.5,3,1,2,Needs Attention
CUST000719,25,15,9340.97,5,5,5,Champion
CUST000720,1,3,2320.5299999999997,5,3,4,Loyal Customer
CUST000721,169,1,130.56,3,1,1,Needs Attention
CUST000722,24,4,4200.04,5,4,5,Champion
CUST000723,39,2,520.85,5,2,2,Needs Attention
CUST000725,3,1,414.24,5,1,1,Needs Attention
CUST000726,459,1,1630.66,1,1,4,Lost
CUST000730,64,3,978.39,4,3,3,Loyal Customer
CUST000731,595,1,1093.86,1,1,3,Lost
CUST000732,923,1,404.08,1,1,1,Lost
CUST000734,73,4,2045.94,4,4,4,Champion
CUST000735,88,2,496.42999999999995,4,2,2,Needs Attention
CUST000736,262,1,571.14,2,1,2,Lost
CUST000737,210,3,1615.54,2,3,4,At Risk
CUST000740,156,2,365.6,3,2,1,Needs Attention
CUST000741,475,1,735.82,1,1,2,Lost
CUST000742,196,2,1298.86,3,2,3,Needs Attention
CUST000743,22,5,1852.46,5,4,4,Champion
CUST000744,147,2,714.97,3,2,2,Needs Attention
CUST000746,28,7,3725.38,5,5,5,Champion
CUST000747,182,1,361.6,3,1,1,Needs Attention
CUST000748,594,1,36.49,1,1,1,Lost
CUST000749,449,1,490.68,1,1,2,Lost
CUST000752,90,1,462.96,4,1,2,Needs Attention
CUST000753,524,1,561.15,1,1,2,Lost
CUST000754,161,2,417.01,3,2,1,Needs Attention
CUST000755,539,1,775.86,1,1,2,Lost
CUST000757,140,4,3320.12,3,4,5,Loyal Customer
CUST000758,38,4,2755.3500000000004,5,4,4,Champion
CUST000759,219,3,1530.05,2,3,3,At Risk
CUST000760,239,2,582.41,2,2,2,Lost
CUST000761,259,1,1518.12,2,1,3,Lost
CUST000763,161,1,576.21,3,1,2,Needs Attention
CUST000764,86,3,1327.1000000000001,4,3,3,Loyal Customer
CUST000765,311,1,279.28,2,1,1,Lost
CUST000766,34,11,4576.41,5,5,5,Champion
CUST000767,372,1,710.44,2,1,2,Lost
CUST000768,507,1,320.28,1,1,1,Lost
CUST000769,421,1,1967.13,1,1,4,Lost
CUST000770,160,4,3834.73,3,4,5,Loyal Customer
CUST000771,68,5,1730.25,4,4,4,Champion
CUST000772,180,6,3802.33,3,5,5,Loyal Customer
CUST000775,64,4,1369.67,4,4,3,Loyal Customer
CUST000777,16,4,4477.46,5,4,5,Champion
CUST000779,310,2,1084.07,2,2,3,Lost
CUST000781,25,4,1678.9,5,4,4,Champion
CUST000783,83,6,3568.78,4,5,5,Champion
CUST000785,872,1,759.45,1,1,2,Lost
CUST000787,46,7,4163.69,4,5,5,Champion
CUST000788,434,1,1721.75,1,1,4,Lost
CUST000793,88,1,86.29,4,1,1,Needs Attention
CUST000794,32,3,1249.75,5,3,3,Loyal Customer
CUST000796,23,2,1048.99,5,2,3,Needs Attention
CUST000797,53,2,2140.73,4,2,4,Needs Attention
CUST000798,359,6,2356.01,2,5,4,At Risk
CUST000799,125,3,3272.32,3,3,5,Loyal Customer
CUST000801,141,2,1782.32,3,2,4,Needs Attention
CUST000803,486,1,646.38,1,1,2,Lost
CUST000804,302,3,1456.66,2,3,3,At Risk
CUST000805,80,4,3238.18,4,4,5,Champion
CUST000806,785,1,60.09,1,1,1,Lost
CUST000807,555,1,550.21,1,1,2,Lost
CUST000808,138,2,771.29,3,2,2,Needs Attention
CUST000810,161,1,546.22,3,1,2,Needs Attention
CUST000811,126,1,329.91,3,1,1,Needs Attention
CUST000813,729,2,524.88,1,2,2,Lost
CUST000814,73,4,1481.8400000000001,4,4,3,Loyal Customer
CUST000815,17,3,2016.48,5,3,4,Loyal Customer
CUST000816,255,2,1733.33,2,2,4,Lost
CUST000818,353,1,650.36,2,1,2,Lost
CUST000819,349,1,475.37,2,1,2,Lost
CUST000820,585,2,1616.3,1,2,4,Lost
CUST000822,285,1,498.92,2,1,2,Lost
CUST000824,142,1,305.5,3,1,1,Needs Attention
CUST000829,446,1,411.71,1,1,1,Lost
CUST000831,428,2,1899.19,1,2,4,Lost
CUST000832,101,1,539.62,4,1,2,Needs Attention
CUST000833,108,3,784.22,3,3,2,Loyal Customer
CUST000835,350,7,2959.23,2,5,5,At Risk
CUST000837,24,8,2425.71,5,5,4,Champion
CUST000838,23,1,222.9,5,1,1,Needs Attention
CUST000839,91,3,1580.16,4,3,4,Loyal Customer
CUST000840,471,2,1603.13,1,2,4,Lost
CUST000842,273,1,321.12,2,1,1,Lost
CUST000843,46,3,2497.95,4,3,4,Loyal Customer
CUST000845,26,2,854.95,5,2,2,Needs Attention
CUST000846,67,3,597.23,4,3,2,Loyal Customer
CUST000847,541,2,590.34,1,2,2,Lost
CUST000848,30,26,17032.28,5,5,5,Champion
CUST000850,518,1,1166.35,1,1,3,Lost
CUST000851,445,1,153.09,1,1,1,Lost
CUST000852,109,1,74.35,3,1,1,Needs Attention
CUST000853,169,2,213.82,3,2,1,Needs Attention
CUST000854,20,12,6332.22,5,5,5,Champion
CUST000855,12,8,5641.66,5,5,5,Champion
CUST000856,4,8,5769.27,5,5,5,Champion
CUST000857,20,23,12686.789999999999,5,5,5,Champion
CUST000859,3,6,3762.63,5,5,5,Champion
CUST000860,33,2,1382.46,5,2,3,Needs Attention
CUST000861,97,2,966.98,4,2,3,Needs Attention
CUST000865,30,4,2697.3,5,4,4,Champion
CUST000866,849,1,380.1,1,1,1,Lost
CUST000867,10,1,541.89,5,1,2,Needs Attention
CUST000869,56,2,1130.29,4,2,3,Needs Attention
CUST000870,27,4,1274.96,5,4,3,Loyal Customer
CUST000871,12,10,7136.16,5,5,5,Champion
CUST000873,45,9,4126.610000000001,4,5,5,Champion
CUST000874,190,1,1787.1,3,1,4,Needs Attention
CUST000876,122,1,322.92,3,1,1,Needs Attention
CUST000877,510,1,71.16,1,1,1,Lost
CUST000878,2,42,24997.59,5,5,5,Champion
CUST000879,411,2,2707.24,1,2,4,Lost
CUST000880,42,9,4968.16,4,5,5,Champion
CUST000883,101,1,688.15,4,1,2,Needs Attention
CUST000884,302,1,319.52,2,1,1,Lost
CUST000885,56,13,7197.3,4,5,5,Champion
CUST000886,158,3,2278.06,3,3,4,Loyal Customer
CUST000887,65,1,812.14,4,1,2,Needs Attention
CUST000888,115,2,1266.15,3,2,3,Needs Attention
CUST000889,150,1,171.63,3,1,1,Needs Attention
CUST000892,20,2,950.8499999999999,5,2,3,Needs Attention
CUST000893,17,19,12263.92,5,5,5,Champion
CUST000895,471,1,166.74,1,1,1,Lost
CUST000896,545,1,1057.65,1,1,3,Lost
CUST000898,132,1,406.28,3,1,1,Needs Attention
CUST000900,105,3,894.8000000000001,3,3,3,Loyal Customer
CUST000901,412,1,221.53,1,1,1,Lost
CUST000903,576,1,100.49,1,1,1,Lost
CUST000905,38,3,816.14,5,3,2,Loyal Customer
CUST000909,10,14,7591.55,5,5,5,Champion
CUST000910,95,4,3317.68,4,4,5,Champion
CUST000911,102,1,1396.29,3,1,3,Needs Attention
CUST000913,142,2,1309.33,3,2,3,Needs Attention
CUST000914,150,1,1236.92,3,1,3,Needs Attention
CUST000915,307,1,404.22,2,1,1,Lost
CUST000916,97,2,540.6600000000001,4,2,2,Needs Attention
CUST000919,152,2,401.93,3,2,1,Needs Attention
CUST000920,118,1,632.73,3,1,2,Needs Attention
CUST000922,394,1,122.97,1,1,1,Lost
CUST000924,184,1,317.63,3,1,1,Needs Attention
CUST000925,118,1,199.88,3,1,1,Needs Attention
CUST000926,132,6,6014.14,3,5,5,Loyal Customer
CUST000928,113,2,2731.59,3,2,4,Needs Attention
CUST000929,4,6,5664.7699999999995,5,5,5,Champion
CUST000930,452,2,923.27,1,2,3,Lost
CUST000936,291,2,1164.25,2,2,3,Lost
CUST000937,919,1,742.54,1,1,2,Lost
CUST000938,52,3,2100.34,4,3,4,Loyal Customer
CUST000939,476,1,421.91,1,1,1,Lost
CUST000940,446,1,739.72,1,1,2,Lost
CUST000941,53,2,579.69,4,2,2,Needs Attention
CUST000944,487,2,450.24,1,2,2,Lost
CUST000947,7,3,2045.19,5,3,4,Loyal Customer
CUST000949,482,1,616.75,1,1,2,Lost
CUST000952,608,1,244.73,1,1,1,Lost
CUST000953,13,19,14859.17,5,5,5,Champion
CUST000954,470,4,2642.87,1,4,4,At Risk
CUST000955,141,5,1768.19,3,4,4,Loyal Customer
CUST000958,134,2,772.8199999999999,3,2,2,Needs Attention
CUST000959,21,10,6412.79,5,5,5,Champion
CUST000963,141,1,246.08,3,1,1,Needs Attention
CUST000964,111,1,1695.01,3,1,4,Needs Attention
CUST000965,162,1,411.8,3,1,1,Needs Attention
CUST000967,285,4,1560.19,2,4,4,At Risk
CUST000968,65,6,3632.39,4,5,5,Champion
CUST000969,39,4,1704.9499999999998,5,4,4,Champion
CUST000970,234,4,2234.05,2,4,4,At Risk
CUST000972,1,11,9912.33,5,5,5,Champion
CUST000974,87,2,695.71,4,2,2,Needs Attention
CUST000975,176,1,305.85,3,1,1,Needs Attention
CUST000976,130,2,1125.1100000000001,3,2,3,Needs Attention
CUST000979,137,8,4091.89,3,5,5,Loyal Customer
CUST000980,181,3,1384.77,3,3,3,Loyal Customer
CUST000981,38,3,802.44,5,3,2,Loyal Customer
CUST000983,144,2,813.3399999999999,3,2,2,Needs Attention
CUST000984,77,1,218.22,4,1,1,Needs Attention
CUST000985,53,2,1554.22,4,2,3,Needs Attention
CUST000987,195,1,250.19,3,1,1,Needs Attention
CUST000988,19,9,5787.32,5,5,5,Champion
CUST000989,116,2,845.25,3,2,2,Needs Attention
CUST000991,75,6,4434.83,4,5,5,Champion
CUST000992,38,3,1458.28,5,3,3,Loyal Customer
CUST000993,1,22,12074.630000000001,5,5,5,Champion
CUST000999,250,1,726.42,2,1,2,Lost
CUST001000,456,1,189.51,1,1,1,Lost
CUST001001,352,2,872.74,2,2,3,Lost
CUST001002,5,7,5068.68,5,5,5,Champion
CUST001005,17,4,2509.8,5,4,4,Champion
CUST001006,148,1,1178.18,3,1,3,Needs Attention
CUST001007,108,3,537.43,3,3,2,Loyal Customer
CUST001008,14,6,3960.52,5,5,5,Champion
CUST001012,990,1,443.32,1,1,2,Lost
CUST001014,427,1,1181.32,1,1,3,Lost
CUST001015,160,7,4398.24,3,5,5,Loyal Customer
CUST001016,696,1,201.21,1,1,1,Lost
CUST001017,100,8,6995.58,4,5,5,Champion
CUST001018,188,1,161.62,3,1,1,Needs Attention
CUST001019,14,3,1958.52,5,3,4,Loyal Customer
CUST001022,358,1,2047.59,2,1,4,Lost
CUST001023,456,1,174.3,1,1,1,Lost
CUST001025,191,3,1435.8,3,3,3,Loyal Customer
CUST001026,17,2,2029.95,5,2,4,Needs Attention
CUST001027,13,12,8269.6,5,5,5,Champion
CUST001028,31,6,2124.4700000000003,5,5,4,Champion
CUST001030,466,2,1043.0,1,2,3,Lost
CUST001031,30,24,14281.27,5,5,5,Champion
CUST001032,185,2,1581.8,3,2,4,Needs Attention
CUST001034,70,9,2515.08,4,5,4,Champion
CUST001036,652,2,738.74,1,2,2,Lost
CUST001037,501,1,566.76,1,1,2,Lost
CUST001038,645,1,126.79,1,1,1,Lost
CUST001040,20,6,3682.75,5,5,5,Champion
CUST001041,49,5,1817.5700000000002,4,4,4,Champion
CUST001042,471,1,826.79,1,1,2,Lost
CUST001043,441,1,377.54,1,1,1,Lost
CUST001044,718,1,510.92,1,1,2,Lost
CUST001046,255,3,2274.07,2,3,4,At Risk
CUST001049,841,1,453.65,1,1,2,Lost
CUST001050,36,3,2814.0299999999997,5,3,4,Loyal Customer
CUST001051,122,4,952.3299999999999,3,4,3,Loyal Customer
CUST001052,54,2,1808.96,4,2,4,Needs Attention
CUST001053,34,2,1520.8600000000001,5,2,3,Needs Attention
CUST001055,72,1,133.8,4,1,1,Needs Attention
CUST001056,65,3,2095.46,4,3,4,Loyal Customer
CUST001057,280,2,1007.77,2,2,3,Lost
CUST001058,90,1,546.71,4,1,2,Needs Attention
CUST001060,12,11,4938.530000000001,5,5,5,Champion
CUST001061,217,1,78.32,2,1,1,Lost
CUST001062,2,3,1089.7,5,3,3,Loyal Customer
CUST001063,143,3,608.0,3,3,2,Loyal Customer
CUST001065,512,1,576.74,1,1,2,Lost
CUST001066,275,6,4294.96,2,5,5,At Risk
CUST001067,478,1,975.2,1,1,3,Lost
CUST001069,42,5,4207.82,4,4,5,Champion
CUST001073,27,3,910.75,5,3,3,Loyal Customer
CUST001074,459,1,1030.65,1,1,3,Lost
CUST001075,505,1,976.68,1,1,3,Lost
CUST001077,21,2,523.01,5,2,2,Needs Attention
CUST001079,80,1,653.96,4,1,2,Needs Attention
CUST001080,20,1,189.51,5,1,1,Needs Attention
CUST001081,193,4,1013.13,3,4,3,Loyal Customer
CUST001082,519,1,1465.52,1,1,3,Lost
CUST001083,169,1,492.4,3,1,2,Needs Attention
CUST001086,622,2,692.72,1,2,2,Lost
CUST001089,255,2,1543.3600000000001,2,2,3,Lost
CUST001090,17,13,7382.12,5,5,5,Champion
CUST001091,620,1,1171.28,1,1,3,Lost
CUST001092,62,5,5044.17,4,4,5,Champion
CUST001093,11,1,353.99,5,1,1,Needs Attention
CUST001096,4,12,7233.06,5,5,5,Champion
CUST001098,384,1,266.79,2,1,1,Lost
CUST001100,187,2,1130.56,3,2,3,Needs Attention
CUST001102,919,1,240.73,1,1,1,Lost
CUST001103,17,39,23081.43,5,5,5,Champion
CUST001104,105,2,1453.02,3,2,3,Needs Attention
CUST001105,172,1,650.67,3,1,2,Needs Attention
CUST001106,110,1,2593.81,3,1,4,Needs Attention
CUST001107,24,3,2811.37,5,3,4,Loyal Customer
CUST001110,111,4,1784.3700000000003,3,4,4,Loyal Customer
CUST001112,16,11,4955.46,5,5,5,Champion
CUST001113,186,3,1026.07,3,3,3,Loyal Customer
CUST001114,429,1,1104.03,1,1,3,Lost
CUST001116,63,4,4185.639999999999,4,4,5,Champion
CUST001118,171,2,667.12,3,2,2,Needs Attention
CUST001119,63,1,509.08,4,1,2,Needs Attention
CUST001120,45,6,2287.48,4,5,4,Champion
CUST001123,11,19,8561.29,5,5,5,Champion
CUST001124,98,1,115.56,4,1,1,Needs Attention
CUST001125,139,3,1202.4499999999998,3,3,3,Loyal Customer
CUST001126,135,8,7611.11,3,5,5,Loyal Customer
CUST001128,104,1,857.12,3,1,2,Needs Attention
CUST001131,66,8,5915.97,4,5,5,Champion
CUST001132,314,3,1000.5,2,3,3,At Risk
CUST001134,50,4,2219.36,4,4,4,Champion
CUST001136,316,1,1697.37,2,1,4,Lost
CUST001137,333,8,3969.96,2,5,5,At Risk
CUST001138,199,5,1730.3,3,4,4,Loyal Customer
CUST001139,107,2,685.58,3,2,2,Needs Attention
CUST001141,199,1,442.04,3,1,2,Needs Attention
CUST001142,14,3,1684.8,5,3,4,Loyal Customer
CUST001143,119,1,645.1,3,1,2,Needs Attention
CUST001145,449,2,422.94,1,2,1,Lost
CUST001146,5,1,124.98,5,1,1,Needs Attention
CUST001147,611,1,62.66,1,1,1,Lost
CUST001149,15,8,5949.280000000001,5,5,5,Champion
CUST001151,33,7,4150.610000000001,5,5,5,Champion
CUST001153,459,2,802.98,1,2,2,Lost
CUST001156,220,1,394.25,2,1,1,Lost
CUST001161,14,20,13600.72,5,5,5,Champion
CUST001162,159,5,3758.02,3,4,5,Loyal Customer
CUST001163,257,3,3315.4800000000005,2,3,5,At Risk
CUST001164,82,2,1131.53,4,2,3,Needs Attention
CUST001166,184,1,293.94,3,1,1,Needs Attention
CUST001167,64,3,2822.65,4,3,4,Loyal Customer
CUST001173,12,24,8931.17,5,5,5,Champion
CUST001174,243,2,557.8900000000001,2,2,2,Lost
CUST001177,154,2,1724.14,3,2,4,Needs Attention
CUST001178,23,1,289.69,5,1,1,Needs Attention
CUST001179,52,3,1470.3400000000001,4,3,3,Loyal Customer
CUST001180,574,1,350.51,1,1,1,Lost
CUST001181,6,4,1564.8400000000001,5,4,4,Champion
CUST001182,76,2,2057.9100000000003,4,2,4,Needs Attention
CUST001183,377,2,674.73,2,2,2,Lost
CUST001184,37,1,492.1,5,1,2,Needs Attention
CUST001185,232,1,1600.02,2,1,4,Lost
CUST001186,70,2,471.88,4,2,2,Needs Attention
CUST001187,218,13,9403.68,2,5,5,At Risk
CUST001188,1,4,1545.0900000000001,5,4,3,Loyal Customer
CUST001190,87,5,1995.57,4,4,4,Champion
CUST001193,53,3,2121.3500000000004,4,3,4,Loyal Customer
CUST001194,747,2,2245.42,1,2,4,Lost
CUST001195,95,2,1078.92,4,2,3,Needs Attention
CUST001198,241,6,3088.87,2,5,5,At Risk
CUST001199,377,1,448.25,2,1,2,Lost
CUST001200,478,1,310.19,1,1,1,Lost
CUST001202,328,2,606.4300000000001,2,2,2,Lost
CUST001203,92,2,1004.68,4,2,3,Needs Attention
CUST001204,46,6,2724.9700000000003,4,5,4,Champion
CUST001205,343,1,460.33,2,1,2,Lost
CUST001206,55,3,1036.6999999999998,4,3,3,Loyal Customer
CUST001207,249,2,669.38,2,2,2,Lost
CUST001209,270,1,1076.68,2,1,3,Lost
CUST001211,453,2,1398.6,1,2,3,Lost
CUST001214,17,8,3602.6400000000003,5,5,5,Champion
CUST001215,183,2,851.55,3,2,2,Needs Attention
CUST001216,65,11,4835.41,4,5,5,Champion
CUST001217,84,4,3794.5699999999997,4,4,5,Champion
CUST001218,731,1,234.96,1,1,1,Lost
CUST001219,7,3,2489.08,5,3,4,Loyal Customer
CUST001220,123,2,1600.17,3,2,4,Needs Attention
CUST001221,132,2,1897.0900000000001,3,2,4,Needs Attention
CUST001222,87,2,2310.12,4,2,4,Needs Attention
CUST001223,251,2,1200.28,2,2,3,Lost
CUST001225,173,2,1235.15,3,2,3,Needs Attention
CUST001226,27,5,2103.33,5,4,4,Champion
CUST001228,14,4,1407.61,5,4,3,Loyal Customer
CUST001229,25,3,805.29,5,3,2,Loyal Customer
CUST001231,31,15,6108.87,5,5,5,Champion
CUST001232,11,13,6189.88,5,5,5,Champion
CUST001235,480,1,1309.26,1,1,3,Lost
CUST001236,67,5,3207.4,4,4,5,Champion
CUST001238,152,1,361.59,3,1,1,Needs Attention
CUST001243,72,8,3525.18,4,5,5,Champion
CUST001244,194,1,690.65,3,1,2,Needs Attention
CUST001245,289,4,1439.51,2,4,3,At Risk
CUST001246,217,3,1275.87,2,3,3,At Risk
CUST001247,697,1,334.79,1,1,1,Lost
CUST001249,27,1,18.74,5,1,1,Needs Attention
CUST001250,473,2,1282.57,1,2,3,Lost
CUST001251,6,8,4250.1,5,5,5,Champion
CUST001252,232,5,2262.71,2,4,4,At Risk
CUST001253,114,1,913.18,3,1,3,Needs Attention
CUST001254,28,8,5030.599999999999,5,5,5,Champion
CUST001255,324,2,1108.3400000000001,2,2,3,Lost
CUST001256,156,6,1960.78,3,5,4,Loyal Customer
CUST001258,256,2,810.8199999999999,2,2,2,Lost
CUST001259,196,3,1551.54,3,3,3,Loyal Customer
CUST001260,125,2,878.59,3,2,3,Needs Attention
CUST001261,850,1,558.22,1,1,2,Lost
CUST001262,452,1,407.91,1,1,1,Lost
CUST001263,128,1,51.56,3,1,1,Needs Attention
CUST001264,1,5,1959.85,5,4,4,Champion
CUST001265,318,2,1023.0,2,2,3,Lost
CUST001266,471,1,65.27,1,1,1,Lost
CUST001267,167,2,344.46000000000004,3,2,1,Needs Attention
CUST001268,205,2,996.89,2,2,3,Lost
CUST001269,77,2,1844.6,4,2,4,Needs Attention
CUST001270,68,1,244.73,4,1,1,Needs Attention
CUST001272,146,1,209.06,3,1,1,Needs Attention
CUST001274,19,2,1836.52,5,2,4,Needs Attention
CUST001275,7,4,2640.37,5,4,4,Champion
CUST001276,81,4,2653.9300000000003,4,4,4,Champion
CUST001280,184,8,5086.43,3,5,5,Loyal Customer
CUST001281,632,1,210.16,1,1,1,Lost
CUST001282,109,2,599.5300000000001,3,2,2,Needs Attention
CUST001285,281,1,1247.67,2,1,3,Lost
CUST001286,452,1,483.77,1,1,2,Lost
CUST001287,87,1,485.74,4,1,2,Needs Attention
CUST001289,180,1,555.41,3,1,2,Needs Attention
CUST001290,128,4,2254.48,3,4,4,Loyal Customer
CUST001292,206,7,5763.96,2,5,5,At Risk
CUST001293,245,1,1482.93,2,1,3,Lost
CUST001294,97,2,906.1500000000001,4,2,3,Needs Attention
CUST001295,192,3,925.73,3,3,3,Loyal Customer
CUST001296,15,11,5386.76,5,5,5,Champion
CUST001299,70,3,2198.9399999999996,4,3,4,Loyal Customer
CUST001302,20,9,4637.17,5,5,5,Champion
CUST001304,341,4,2016.47,2,4,4,At Risk
CUST001305,3,13,7762.44,5,5,5,Champion
CUST001307,310,1,871.76,2,1,3,Lost
CUST001309,588,1,1365.18,1,1,3,Lost
CUST001311,563,1,278.56,1,1,1,Lost
CUST001312,117,4,3877.37,3,4,5,Loyal Customer
CUST001313,73,5,3261.23,4,4,5,Champion
CUST001314,161,4,2956.75,3,4,5,Loyal Customer
CUST001320,182,2,1022.33,3,2,3,Needs Attention
CUST001321,245,2,792.03,2,2,2,Lost
CUST001322,9,8,4706.63,5,5,5,Champion
CUST001324,75,2,1261.92,4,2,3,Needs Attention
CUST001325,98,6,1854.31,4,5,4,Champion
CUST001328,4,22,10567.63,5,5,5,Champion
CUST001330,30,21,9919.46,5,5,5,Champion
CUST001331,190,2,772.64,3,2,2,Needs Attention
CUST001334,7,18,12009.51,5,5,5,Champion
CUST001335,796,1,223.39,1,1,1,Lost
CUST001339,183,2,2033.3400000000001,3,2,4,Needs Attention
CUST001340,45,3,2136.75,4,3,4,Loyal Customer
CUST001341,287,2,1886.13,2,2,4,Lost
CUST001342,62,1,149.71,4,1,1,Needs Attention
CUST001344,102,1,130.23,3,1,1,Needs Attention
CUST001346,45,1,1012.05,4,1,3,Needs Attention
CUST001347,297,2,508.33000000000004,2,2,2,Lost
CUST001350,72,1,384.25,4,1,1,Needs Attention
CUST001352,17,1,440.51,5,1,2,Needs Attention
CUST001353,191,2,234.29000000000002,3,2,1,Needs Attention
CUST001354,61,3,1835.87,4,3,4,Loyal Customer
CUST001355,455,2,968.4000000000001,1,2,3,Lost
CUST001356,798,1,396.23,1,1,1,Lost
CUST001358,291,3,2093.5,2,3,4,At Risk
CUST001360,196,1,538.08,3,1,2,Needs Attention
CUST001361,123,4,2364.71,3,4,4,Loyal Customer
CUST001362,678,1,266.72,1,1,1,Lost
CUST001363,182,2,2141.08,3,2,4,Needs Attention
CUST001366,273,3,2117.7,2,3,4,At Risk
CUST001367,829,1,1983.02,1,1,4,Lost
CUST001368,895,1,555.41,1,1,2,Lost
CUST001372,762,1,1833.98,1,1,4,Lost
CUST001373,6,23,12776.38,5,5,5,Champion
CUST001374,101,4,1940.59,4,4,4,Champion
CUST001376,183,6,2115.15,3,5,4,Loyal Customer
CUST001377,9,3,1619.1499999999999,5,3,4,Loyal Customer
CUST001382,686,1,159.75,1,1,1,Lost
CUST001383,954,1,146.76,1,1,1,Lost
CUST001387,60,1,425.24,4,1,1,Needs Attention
CUST001389,37,1,594.3,5,1,2,Needs Attention
CUST001392,295,1,513.24,2,1,2,Lost
CUST001393,67,13,7264.150000000001,4,5,5,Champion
CUST001395,8,4,3501.87,5,4,5,Champion
CUST001396,60,2,1189.23,4,2,3,Needs Attention
CUST001399,477,1,120.7,1,1,1,Lost
CUST001400,251,1,1013.18,2,1,3,Lost
CUST001404,493,1,713.46,1,1,2,Lost
CUST001405,167,2,726.75,3,2,2,Needs Attention
CUST001406,52,5,2140.58,4,4,4,Champion
CUST001408,226,2,2196.44,2,2,4,Lost
CUST001409,110,3,1685.2800000000002,3,3,4,Loyal Customer
CUST001411,301,2,1447.94,2,2,3,Lost
CUST001413,62,1,80.82,4,1,1,Needs Attention
CUST001414,342,2,882.78,2,2,3,Lost
CUST001418,190,5,5077.98,3,4,5,Loyal Customer
CUST001421,21,16,9894.38,5,5,5,Champion
CUST001422,647,2,1316.04,1,2,3,Lost
CUST001424,233,1,386.21,2,1,1,Lost
CUST001425,5,10,5824.05,5,5,5,Champion
CUST001427,368,1,870.62,2,1,2,Lost
CUST001428,460,2,629.1800000000001,1,2,2,Lost
CUST001430,21,3,1092.8700000000001,5,3,3,Loyal Customer
CUST001431,5,72,37589.36,5,5,5,Champion
CUST001433,320,2,1111.51,2,2,3,Lost
CUST001434,23,3,393.38,5,3,1,Loyal Customer
CUST001435,516,1,675.17,1,1,2,Lost
CUST001436,15,3,971.36,5,3,3,Loyal Customer
CUST001437,627,1,555.71,1,1,2,Lost
CUST001438,31,1,1188.54,5,1,3,Needs Attention
CUST001439,553,1,245.92,1,1,1,Lost
CUST001442,415,1,317.63,1,1,1,Lost
CUST001443,216,1,532.64,2,1,2,Lost
CUST001445,58,5,2447.48,4,4,4,Champion
CUST001446,13,4,2727.78,5,4,4,Champion
CUST001447,116,1,414.5,3,1,1,Needs Attention
CUST001448,244,1,186.01,2,1,1,Lost
CUST001449,43,1,134.97,4,1,1,Needs Attention
CUST001451,139,1,2143.88,3,1,4,Needs Attention
CUST001452,43,2,303.5,4,2,1,Needs Attention
CUST001454,16,3,1886.8000000000002,5,3,4,Loyal Customer
CUST001456,301,1,668.66,2,1,2,Lost
CUST001459,132,2,652.5,3,2,2,Needs Attention
CUST001460,8,1,498.96,5,1,2,Needs Attention
CUST001461,761,1,317.99,1,1,1,Lost
CUST001468,118,4,1570.1200000000001,3,4,4,Loyal Customer
CUST001469,5,5,1660.76,5,4,4,Champion
CUST001470,11,4,1917.62,5,4,4,Champion
CUST001472,297,1,178.93,2,1,1,Lost
CUST001473,9,5,2964.5299999999997,5,4,5,Champion
CUST001474,47,2,1081.92,4,2,3,Needs Attention
CUST001475,268,1,577.99,2,1,2,Lost
CUST001476,533,1,383.22,1,1,1,Lost
CUST001477,138,1,457.2,3,1,2,Needs Attention
CUST001478,474,3,1073.37,1,3,3,At Risk
CUST001479,42,17,6096.44,4,5,5,Champion
CUST001481,10,12,9204.29,5,5,5,Champion
CUST001485,37,6,3156.19,5,5,5,Champion
CUST001486,865,1,444.1,1,1,2,Lost
CUST001488,74,3,2851.19,4,3,4,Loyal Customer
CUST001489,262,2,947.58,2,2,3,Lost
CUST001490,342,1,38.69,2,1,1,Lost
CUST001492,16,5,1844.65,5,4,4,Champion
CUST001493,11,6,2896.65,5,5,4,Champion
CUST001497,150,3,1993.48,3,3,4,Loyal Customer
CUST001499,591,1,145.57,1,1,1,Lost
CUST001500,180,12,7043.29,3,5,5,Loyal Customer
CUST001501,296,1,106.74,2,1,1,Lost
CUST001502,264,1,1111.35,2,1,3,Lost
CUST001503,135,3,1539.3400000000001,3,3,3,Loyal Customer
CUST001504,301,2,1239.48,2,2,3,Lost
CUST001505,87,1,2224.6,4,1,4,Needs Attention
CUST001506,794,1,696.85,1,1,2,Lost
CUST001510,148,9,4329.08,3,5,5,Loyal Customer
CUST001515,3,32,14968.72,5,5,5,Champion
CUST001517,102,6,3045.12,3,5,5,Loyal Customer
CUST001521,92,2,1409.21,4,2,3,Needs Attention
CUST001523,38,21,11689.17,5,5,5,Champion
CUST001526,666,1,389.85,1,1,1,Lost
CUST001527,42,1,70.4,4,1,1,Needs Attention
CUST001529,261,3,352.23,2,3,1,At Risk
CUST001531,159,3,1133.1200000000001,3,3,3,Loyal Customer
CUST001535,69,1,87.04,4,1,1,Needs Attention
CUST001536,275,1,242.05,2,1,1,Lost
CUST001537,103,1,636.97,3,1,2,Needs Attention
CUST001538,93,3,1000.14,4,3,3,Loyal Customer
CUST001542,226,2,179.31,2,2,1,Lost
CUST001543,449,1,569.32,1,1,2,Lost
CUST001547,50,3,1223.4099999999999,4,3,3,Loyal Customer
CUST001548,31,2,985.38,5,2,3,Needs Attention
CUST001549,119,1,1154.51,3,1,3,Needs Attention
CUST001550,374,1,120.67,2,1,1,Lost
CUST001551,114,1,1209.02,3,1,3,Needs Attention
CUST001552,571,1,299.21,1,1,1,Lost
CUST001553,291,1,810.21,2,1,2,Lost
CUST001556,23,13,6311.77,5,5,5,Champion
CUST001557,9,6,2492.65,5,5,4,Champion
CUST001562,870,1,1155.25,1,1,3,Lost
CUST001563,10,3,1956.0099999999998,5,3,4,Loyal Customer
CUST001564,71,1,1329.31,4,1,3,Needs Attention
CUST001565,563,1,756.08,1,1,2,Lost
CUST001566,281,1,47.62,2,1,1,Lost
CUST001568,507,1,518.31,1,1,2,Lost
CUST001569,51,5,2319.3199999999997,4,4,4,Champion
CUST001570,25,5,4176.47,5,4,5,Champion
CUST001572,801,1,1422.2,1,1,3,Lost
CUST001573,118,3,1775.66,3,3,4,Loyal Customer
CUST001574,171,5,3564.74,3,4,5,Loyal Customer
CUST001577,974,1,55.1,1,1,1,Lost
CUST001578,626,1,441.02,1,1,2,Lost
CUST001579,582,1,314.9,1,1,1,Lost
CUST001580,6,9,3580.7599999999998,5,5,5,Champion
CUST001582,530,1,382.64,1,1,1,Lost
CUST001583,34,9,4673.58,5,5,5,Champion
CUST001584,18,1,401.54,5,1,1,Needs Attention
CUST001585,284,3,1642.17,2,3,4,At Risk
CUST001586,203,1,543.19,3,1,2,Needs Attention
CUST001587,242,8,5206.57,2,5,5,At Risk
CUST001589,10,13,9616.34,5,5,5,Champion
CUST001591,102,2,1479.56,3,2,3,Needs Attention
CUST001593,802,1,457.2,1,1,2,Lost
CUST001594,296,1,251.49,2,1,1,Lost
CUST001595,41,17,5456.39,4,5,5,Champion
CUST001597,47,2,1929.56,4,2,4,Needs Attention
CUST001599,67,5,4570.76,4,4,5,Champion
CUST001600,201,2,469.15000000000003,3,2,2,Needs Attention
CUST001601,3,11,4052.1800000000003,5,5,5,Champion
CUST001602,343,2,1962.19,2,2,4,Lost
CUST001604,814,1,227.28,1,1,1,Lost
CUST001605,55,4,2788.85,4,4,4,Champion
CUST001606,19,2,472.95,5,2,2,Needs Attention
CUST001607,76,5,1842.1299999999999,4,4,4,Champion
CUST001609,741,1,492.4,1,1,2,Lost
CUST001610,69,10,4111.51,4,5,5,Champion
CUST001613,461,1,2069.4,1,1,4,Lost
CUST001614,704,1,173.59,1,1,1,Lost
CUST001615,12,2,1301.71,5,2,3,Needs Attention
CUST001616,50,2,1365.8,4,2,3,Needs Attention
CUST001617,10,18,10535.220000000001,5,5,5,Champion
CUST001618,45,6,3581.67,4,5,5,Champion
CUST001619,27,4,2420.45,5,4,4,Champion
CUST001621,56,2,404.25,4,2,1,Needs Attention
CUST001622,340,2,2058.5699999999997,2,2,4,Lost
CUST001623,845,2,929.3199999999999,1,2,3,Lost
CUST001624,146,3,2133.26,3,3,4,Loyal Customer
CUST001629,136,3,1269.63,3,3,3,Loyal Customer
CUST001633,78,5,2247.61,4,4,4,Champion
CUST001634,28,2,475.36,5,2,2,Needs Attention
CUST001635,439,2,418.6,1,2,1,Lost
CUST001636,13,1,755.17,5,1,2,Needs Attention
CUST001637,59,4,2044.4299999999998,4,4,4,Champion
CUST001638,116,3,2377.09,3,3,4,Loyal Customer
CUST001639,108,5,2312.5,3,4,4,Loyal Customer
CUST001640,59,1,390.14,4,1,1,Needs Attention
CUST001641,11,7,5980.35,5,5,5,Champion
CUST001642,16,22,11376.8,5,5,5,Champion
CUST001643,436,1,1018.22,1,1,3,Lost
CUST001647,329,1,16.8,2,1,1,Lost
CUST001650,418,1,308.24,1,1,1,Lost
CUST001652,3,4,3538.6400000000003,5,4,5,Champion
CUST001653,168,5,4259.58,3,4,5,Loyal Customer
CUST001654,56,6,4116.06,4,5,5,Champion
CUST001659,191,3,1197.62,3,3,3,Loyal Customer
CUST001661,415,1,650.87,1,1,2,Lost
CUST001662,18,4,2426.91,5,4,4,Champion
CUST001663,75,2,684.88,4,2,2,Needs Attention
CUST001664,476,2,1553.92,1,2,3,Lost
CUST001666,121,1,605.04,3,1,2,Needs Attention
CUST001668,95,15,10914.7,4,5,5,Champion
CUST001669,44,3,795.69,4,3,2,Loyal Customer
CUST001674,92,4,1351.07,4,4,3,Loyal Customer
CUST001675,663,2,1061.7,1,2,3,Lost
CUST001676,201,1,60.76,3,1,1,Needs Attention
CUST001679,177,2,223.03,3,2,1,Needs Attention
CUST001681,591,1,82.0,1,1,1,Lost
CUST001683,249,1,2424.95,2,1,4,Lost
CUST001684,157,2,1011.05,3,2,3,Needs Attention
CUST001688,119,2,1161.77,3,2,3,Needs Attention
CUST001690,200,1,446.81,3,1,2,Needs Attention
CUST001692,361,2,223.46999999999997,2,2,1,Lost
CUST001693,50,4,3283.5,4,4,5,Champion
CUST001694,22,2,1122.12,5,2,3,Needs Attention
CUST001695,371,1,166.74,2,1,1,Lost
CUST001698,199,9,5344.95,3,5,5,Loyal Customer
CUST001700,599,1,1893.73,1,1,4,Lost
CUST001702,175,1,351.42,3,1,1,Needs Attention
CUST001703,5,4,1898.1799999999998,5,4,4,Champion
CUST001707,694,1,269.04,1,1,1,Lost
CUST001708,400,1,120.74,1,1,1,Lost
CUST001711,394,1,132.06,1,1,1,Lost
CUST001712,257,3,1392.09,2,3,3,At Risk
CUST001713,285,3,758.14,2,3,2,At Risk
CUST001714,289,2,1566.31,2,2,4,Lost
CUST001716,63,1,404.49,4,1,1,Needs Attention
CUST001717,159,6,3063.13,3,5,5,Loyal Customer
CUST001718,64,13,5693.96,4,5,5,Champion
CUST001720,659,1,914.05,1,1,3,Lost
CUST001721,94,3,506.3,4,3,2,Loyal Customer
CUST001723,471,1,583.78,1,1,2,Lost
CUST001724,310,1,45.87,2,1,1,Lost
CUST001727,261,2,1223.08,2,2,3,Lost
CUST001728,181,2,486.39,3,2,2,Needs Attention
CUST001729,167,3,2509.43,3,3,4,Loyal Customer
CUST001730,341,1,170.19,2,1,1,Lost
CUST001731,21,27,17935.68,5,5,5,Champion
CUST001734,212,2,649.66,2,2,2,Lost
CUST001735,378,3,1395.38,2,3,3,At Risk
CUST001738,463,1,128.2,1,1,1,Lost
CUST001739,43,16,8092.15,4,5,5,Champion
CUST001740,65,3,1664.51,4,3,4,Loyal Customer
CUST001742,83,9,5288.860000000001,4,5,5,Champion
CUST001745,55,5,3255.68,4,4,5,Champion
CUST001748,14,1,404.52,5,1,1,Needs Attention
CUST001749,583,1,1004.74,1,1,3,Lost
CUST001750,18,27,11241.61,5,5,5,Champion
CUST001751,418,1,573.71,1,1,2,Lost
CUST001752,280,1,459.07,2,1,2,Lost
CUST001754,218,3,1104.75,2,3,3,At Risk
CUST001755,111,1,359.88,3,1,1,Needs Attention
CUST001758,534,1,15.84,1,1,1,Lost
CUST001759,63,1,660.93,4,1,2,Needs Attention
CUST001760,416,1,389.68,1,1,1,Lost
CUST001761,393,1,119.95,1,1,1,Lost
CUST001763,199,1,511.1,3,1,2,Needs Attention
CUST001765,13,6,4945.93,5,5,5,Champion
CUST001767,106,1,220.94,3,1,1,Needs Attention
CUST001768,133,3,1604.98,3,3,4,Loyal Customer
CUST001769,13,21,19928.15,5,5,5,Champion
CUST001771,56,4,3807.27,4,4,5,Champion
CUST001772,127,9,3598.2799999999997,3,5,5,Loyal Customer
CUST001775,70,4,1401.28,4,4,3,Loyal Customer
CUST001776,53,2,724.38,4,2,2,Needs Attention
CUST001777,44,2,456.55,4,2,2,Needs Attention
CUST001778,113,8,7376.43,3,5,5,Loyal Customer
CUST001780,80,2,427.71,4,2,1,Needs Attention
CUST001783,483,2,689.06,1,2,2,Lost
CUST001784,470,1,504.84,1,1,2,Lost
CUST001786,20,1,1059.28,5,1,3,Needs Attention
CUST001787,259,3,1599.83,2,3,4,At Risk
CUST001788,247,3,1479.32,2,3,3,At Risk
CUST001789,682,1,103.32,1,1,1,Lost
CUST001790,46,2,1729.92,4,2,4,Needs Attention
CUST001791,54,2,524.99,4,2,2,Needs Attention
CUST001793,4,1,444.08,5,1,2,Needs Attention
CUST001795,27,2,497.61,5,2,2,Needs Attention
CUST001796,118,3,1720.1599999999999,3,3,4,Loyal Customer
CUST001797,750,1,560.38,1,1,2,Lost
CUST001798,40,4,2860.6499999999996,4,4,4,Champion
CUST001802,15,3,2138.2799999999997,5,3,4,Loyal Customer
CUST001803,89,1,223.59,4,1,1,Needs Attention
CUST001805,306,1,199.88,2,1,1,Lost
CUST001808,515,1,65.79,1,1,1,Lost
CUST001809,153,2,288.52,3,2,1,Needs Attention
CUST001811,82,1,1155.79,4,1,3,Needs Attention
CUST001813,277,1,392.77,2,1,1,Lost
CUST001814,31,9,5346.77,5,5,5,Champion
CUST001817,459,1,414.5,1,1,1,Lost
CUST001820,634,2,1892.69,1,2,4,Lost
CUST001824,72,2,398.91999999999996,4,2,1,Needs Attention
CUST001826,18,3,4458.0599999999995,5,3,5,Loyal Customer
CUST001827,21,10,4376.81,5,5,5,Champion
CUST001829,600,1,372.5,1,1,1,Lost
CUST001830,100,2,863.48,4,2,2,Needs Attention
CUST001834,4,2,1792.32,5,2,4,Needs Attention
CUST001835,7,9,4321.52,5,5,5,Champion
CUST001836,149,2,837.72,3,2,2,Needs Attention
CUST001837,39,4,2813.86,5,4,4,Champion
CUST001838,61,3,1097.75,4,3,3,Loyal Customer
CUST001839,150,9,3543.4,3,5,5,Loyal Customer
CUST001840,22,1,263.53,5,1,1,Needs Attention
CUST001841,384,1,45.96,2,1,1,Lost
CUST001843,11,5,4517.9800000000005,5,4,5,Champion
CUST001846,269,1,2119.32,2,1,4,Lost
CUST001849,39,12,6853.08,5,5,5,Champion
CUST001850,723,1,1122.25,1,1,3,Lost
CUST001851,39,7,4126.59,5,5,5,Champion
CUST001852,28,79,40196.02,5,5,5,Champion
CUST001853,228,2,1340.97,2,2,3,Lost
CUST001857,44,1,516.21,4,1,2,Needs Attention
CUST001859,575,1,286.26,1,1,1,Lost
CUST001863,106,3,2828.78,3,3,4,Loyal Customer
CUST001867,193,3,3065.62,3,3,5,Loyal Customer
CUST001868,306,1,258.52,2,1,1,Lost
CUST001870,536,2,1600.43,1,2,4,Lost
CUST001871,136,5,4841.57,3,4,5,Loyal Customer
CUST001872,54,3,1900.94,4,3,4,Loyal Customer
CUST001877,228,1,294.16,2,1,1,Lost
CUST001879,131,4,2814.29,3,4,4,Loyal Customer
CUST001880,11,3,990.44,5,3,3,Loyal Customer
CUST001882,143,1,677.0,3,1,2,Needs Attention
CUST001883,402,2,951.28,1,2,3,Lost
CUST001884,532,2,663.63,1,2,2,Lost
CUST001885,75,7,2214.14,4,5,4,Champion
CUST001886,64,5,1081.06,4,4,3,Loyal Customer
CUST001887,363,2,1113.48,2,2,3,Lost
CUST001889,336,5,2870.63,2,4,4,At Risk
CUST001891,26,13,8374.75,5,5,5,Champion
CUST001893,267,1,357.32,2,1,1,Lost
CUST001895,23,1,1054.92,5,1,3,Needs Attention
CUST001896,72,2,176.7,4,2,1,Needs Attention
CUST001897,573,1,649.95,1,1,2,Lost
CUST001898,307,1,1120.77,2,1,3,Lost
CUST001899,146,4,2307.34,3,4,4,Loyal Customer
CUST001900,414,1,817.21,1,1,2,Lost
CUST001901,154,4,3001.5299999999997,3,4,5,Loyal Customer
CUST001902,71,4,970.09,4,4,3,Loyal Customer
CUST001904,11,2,650.15,5,2,2,Needs Attention
CUST001905,79,7,3115.62,4,5,5,Champion
CUST001906,244,1,522.47,2,1,2,Lost
CUST001907,101,1,573.71,4,1,2,Needs Attention
CUST001908,711,1,404.49,1,1,1,Lost
CUST001910,298,3,1719.62,2,3,4,At Risk
CUST001911,111,2,1182.51,3,2,3,Needs Attention
CUST001912,200,8,5468.21,3,5,5,Loyal Customer
CUST001913,710,1,49.03,1,1,1,Lost
CUST001915,75,4,1511.58,4,4,3,Loyal Customer
CUST001916,196,1,560.46,3,1,2,Needs Attention
CUST001920,39,13,5963.26,5,5,5,Champion
CUST001921,198,4,2501.3199999999997,3,4,4,Loyal Customer
CUST001922,289,3,2340.54,2,3,4,At Risk
CUST001924,210,5,3369.07,2,4,5,At Risk
CUST001926,69,1,1188.03,4,1,3,Needs Attention
CUST001927,86,9,5180.9400000000005,4,5,5,Champion
CUST001928,494,1,167.95,1,1,1,Lost
CUST001929,252,1,563.92,2,1,2,Lost
CUST001932,343,4,2525.5299999999997,2,4,4,At Risk
CUST001933,164,1,1199.64,3,1,3,Needs Attention
CUST001934,217,2,1204.9,2,2,3,Lost
CUST001935,291,5,4185.08,2,4,5,At Risk
CUST001937,38,2,1872.73,5,2,4,Needs Attention
CUST001939,680,1,444.87,1,1,2,Lost
CUST001942,46,11,6104.58,4,5,5,Champion
CUST001947,72,2,701.91,4,2,2,Needs Attention
CUST001949,6,3,1866.6599999999999,5,3,4,Loyal Customer
CUST001950,291,3,1506.32,2,3,3,At Risk
CUST001951,68,2,591.58,4,2,2,Needs Attention
CUST001952,66,7,4015.54,4,5,5,Champion
CUST001953,211,3,592.87,2,3,2,At Risk
CUST001956,27,4,1468.58,5,4,3,Loyal Customer
CUST001957,7,3,1370.2,5,3,3,Loyal Customer
CUST001958,594,2,1198.83,1,2,3,Lost
CUST001960,74,1,75.12,4,1,1,Needs Attention
CUST001961,478,5,3852.89,1,4,5,At Risk
CUST001962,34,2,1389.27,5,2,3,Needs Attention
CUST001964,204,3,788.55,2,3,2,At Risk
CUST001965,104,3,1324.45,3,3,3,Loyal Customer
CUST001966,59,3,1324.0600000000002,4,3,3,Loyal Customer
CUST001967,138,3,2338.12,3,3,4,Loyal Customer
CUST001968,167,1,443.06,3,1,2,Needs Attention
CUST001969,340,2,454.6,2,2,2,Lost
CUST001970,107,2,1576.83,3,2,4,Needs Attention
CUST001972,124,5,1850.6200000000001,3,4,4,Loyal Customer
CUST001974,117,3,850.35,3,3,2,Loyal Customer
CUST001975,16,26,16515.39,5,5,5,Champion
CUST001976,34,21,10700.15,5,5,5,Champion
CUST001977,19,3,1734.56,5,3,4,Loyal Customer
CUST001980,18,10,3715.0699999999997,5,5,5,Champion
CUST001982,5,89,49493.479999999996,5,5,5,Champion
CUST001984,132,2,583.81,3,2,2,Needs Attention
CUST001985,458,1,354.41,1,1,1,Lost
CUST001986,486,1,659.84,1,1,2,Lost
CUST001987,43,7,6001.24,4,5,5,Champion
CUST001991,12,3,1284.48,5,3,3,Loyal Customer
CUST001993,96,7,4146.93,4,5,5,Champion
CUST001994,161,1,691.31,3,1,2,Needs Attention
CUST001996,378,1,200.47,2,1,1,Lost
CUST001998,813,1,631.35,1,1,2,Lost
CUST001999,6,119,73202.23,5,5,5,Champion
CUST002004,179,2,917.76,3,2,3,Needs Attention
CUST002007,206,2,2241.92,2,2,4,Lost
CUST002012,162,1,92.28,3,1,1,Needs Attention
CUST002013,440,3,910.98,1,3,3,At Risk
CUST002014,370,1,460.84,2,1,2,Lost
CUST002015,30,2,2301.71,5,2,4,Needs Attention
CUST002017,115,2,1618.29,3,2,4,Needs Attention
CUST002018,14,4,2884.1400000000003,5,4,4,Champion
CUST002020,150,2,1021.0799999999999,3,2,3,Needs Attention
CUST002021,177,4,1085.5,3,4,3,Loyal Customer
CUST002022,537,1,738.51,1,1,2,Lost
CUST002023,125,1,22.72,3,1,1,Needs Attention
CUST002024,171,1,783.27,3,1,2,Needs Attention
CUST002025,75,3,939.22,4,3,3,Loyal Customer
CUST002026,137,1,191.38,3,1,1,Needs Attention
CUST002027,480,1,803.9,1,1,2,Lost
CUST002029,12,24,13795.54,5,5,5,Champion
CUST002030,680,1,284.13,1,1,1,Lost
CUST002031,463,1,303.22,1,1,1,Lost
CUST002032,234,1,969.07,2,1,3,Lost
CUST002033,124,5,3615.62,3,4,5,Loyal Customer
CUST002035,3,2,866.85,5,2,2,Needs Attention
CUST002036,307,1,85.01,2,1,1,Lost
CUST002037,178,2,2004.65,3,2,4,Needs Attention
CUST002038,95,5,1444.97,4,4,3,Loyal Customer
CUST002039,504,1,809.27,1,1,2,Lost
CUST002040,13,5,2631.14,5,4,4,Champion
CUST002041,203,1,1150.39,3,1,3,Needs Attention
CUST002042,308,1,471.14,2,1,2,Lost
CUST002043,5,4,2922.7799999999997,5,4,5,Champion
CUST002044,92,3,1047.8899999999999,4,3,3,Loyal Customer
CUST002046,198,2,824.5300000000001,3,2,2,Needs Attention
CUST002052,76,3,2120.86,4,3,4,Loyal Customer
CUST002053,216,7,5187.86,2,5,5,At Risk
CUST002054,232,4,1541.66,2,4,3,At Risk
CUST002055,57,4,3007.0499999999997,4,4,5,Champion
CUST002056,75,2,480.4,4,2,2,Needs Attention
CUST002057,132,6,4128.87,3,5,5,Loyal Customer
CUST002058,25,3,3285.69,5,3,5,Loyal Customer
CUST002059,62,20,10416.650000000001,4,5,5,Champion
CUST002060,442,1,402.35,1,1,1,Lost
CUST002061,324,4,1411.17,2,4,3,At Risk
CUST002063,106,3,1825.1,3,3,4,Loyal Customer
CUST002064,75,3,920.83,4,3,3,Loyal Customer
CUST002065,386,1,421.45,2,1,1,Lost
CUST002066,315,1,222.29,2,1,1,Lost
CUST002067,262,1,633.08,2,1,2,Lost
CUST002069,231,1,142.95,2,1,1,Lost
CUST002070,95,1,243.27,4,1,1,Needs Attention
CUST002072,144,6,2353.5699999999997,3,5,4,Loyal Customer
CUST002074,111,1,453.91,3,1,2,Needs Attention
CUST002075,335,1,512.84,2,1,2,Lost
CUST002078,30,3,1291.53,5,3,3,Loyal Customer
CUST002079,58,5,2711.8599999999997,4,4,4,Champion
CUST002081,235,1,580.09,2,1,2,Lost
CUST002083,83,3,1962.63,4,3,4,Loyal Customer
CUST002084,796,1,167.18,1,1,1,Lost
CUST002085,67,2,2452.6800000000003,4,2,4,Needs Attention
CUST002086,12,3,2611.93,5,3,4,Loyal Customer
CUST002087,27,2,2579.74,5,2,4,Needs Attention
CUST002090,210,1,771.22,2,1,2,Lost
CUST002092,101,1,372.7,4,1,1,Needs Attention
CUST002095,405,3,2678.31,1,3,4,At Risk
CUST002096,73,1,415.66,4,1,1,Needs Attention
CUST002097,484,2,989.96,1,2,3,Lost
CUST002099,217,6,2057.23,2,5,4,At Risk
CUST002100,8,5,2712.59,5,4,4,Champion
CUST002103,60,9,3073.46,4,5,5,Champion
CUST002104,2,10,5831.53,5,5,5,Champion
CUST002105,287,1,1343.64,2,1,3,Lost
CUST002107,659,1,639.94,1,1,2,Lost
CUST002108,67,2,1396.1899999999998,4,2,3,Needs Attention
CUST002109,206,6,3395.71,2,5,5,At Risk
CUST002111,33,5,2920.69,5,4,5,Champion
CUST002114,6,14,8901.18,5,5,5,Champion
CUST002117,403,2,858.01,1,2,2,Lost
CUST002121,533,1,932.64,1,1,3,Lost
CUST002122,90,1,337.24,4,1,1,Needs Attention
CUST002123,400,2,1014.23,1,2,3,Lost
CUST002124,118,3,2054.41,3,3,4,Loyal Customer
CUST002125,340,1,146.42,2,1,1,Lost
CUST002127,284,2,969.6700000000001,2,2,3,Lost
CUST002128,7,6,3236.5,5,5,5,Champion
CUST002129,82,6,4678.900000000001,4,5,5,Champion
CUST002130,63,11,7302.629999999999,4,5,5,Champion
CUST002131,64,2,1433.3400000000001,4,2,3,Needs Attention
CUST002133,92,2,199.07999999999998,4,2,1,Needs Attention
CUST002136,91,4,3550.43,4,4,5,Champion
CUST002137,22,3,2628.8,5,3,4,Loyal Customer
CUST002139,56,1,662.59,4,1,2,Needs Attention
CUST002140,585,1,130.23,1,1,1,Lost
CUST002142,409,4,2717.44,1,4,4,At Risk
CUST002143,280,1,300.88,2,1,1,Lost
CUST002144,61,4,1018.3499999999999,4,4,3,Loyal Customer
CUST002145,141,2,1902.3600000000001,3,2,4,Needs Attention
CUST002146,16,11,4728.28,5,5,5,Champion
CUST002147,580,1,1129.55,1,1,3,Lost
CUST002148,212,7,6451.41,2,5,5,At Risk
CUST002149,33,5,1470.69,5,4,3,Loyal Customer
CUST002150,85,2,2818.92,4,2,4,Needs Attention
CUST002153,116,4,2749.05,3,4,4,Loyal Customer
CUST002154,78,1,276.18,4,1,1,Needs Attention
CUST002156,21,3,2112.59,5,3,4,Loyal Customer
CUST002157,135,1,460.31,3,1,2,Needs Attention
CUST002161,376,1,177.86,2,1,1,Lost
CUST002163,243,3,925.98,2,3,3,At Risk
CUST002164,289,1,595.8,2,1,2,Lost
CUST002166,133,2,1381.3899999999999,3,2,3,Needs Attention
CUST002167,6,38,23057.97,5,5,5,Champion
CUST002168,333,1,331.89,2,1,1,Lost
CUST002169,39,11,8837.47,5,5,5,Champion
CUST002170,517,1,501.27,1,1,2,Lost
CUST002172,84,2,1832.24,4,2,4,Needs Attention
CUST002174,130,3,1383.6,3,3,3,Loyal Customer
CUST002175,134,7,3199.83,3,5,5,Loyal Customer
CUST002177,320,1,1657.83,2,1,4,Lost
CUST002178,17,3,384.33,5,3,1,Loyal Customer
CUST002179,199,6,4686.1900000000005,3,5,5,Loyal Customer
CUST002180,57,1,1420.9,4,1,3,Needs Attention
CUST002183,40,11,8753.53,4,5,5,Champion
CUST002184,575,1,875.58,1,1,3,Lost
CUST002187,321,1,330.29,2,1,1,Lost
CUST002189,132,1,1271.42,3,1,3,Needs Attention
CUST002190,417,1,111.0,1,1,1,Lost
CUST002193,421,2,400.89,1,2,1,Lost
CUST002194,534,2,1200.52,1,2,3,Lost
CUST002198,16,3,2430.2200000000003,5,3,4,Loyal Customer
CUST002199,468,1,358.91,1,1,1,Lost
CUST002200,262,2,1583.45,2,2,4,Lost
CUST002203,14,4,988.67,5,4,3,Loyal Customer
CUST002205,281,3,1317.26,2,3,3,At Risk
CUST002206,210,4,2180.59,2,4,4,At Risk
CUST002207,300,1,284.35,2,1,1,Lost
CUST002209,313,2,1241.31,2,2,3,Lost
CUST002211,77,9,5550.900000000001,4,5,5,Champion
CUST002212,163,4,1205.81,3,4,3,Loyal Customer
CUST002214,47,5,3833.05,4,4,5,Champion
CUST002215,4,1,684.0,5,1,2,Needs Attention
CUST002217,845,1,3792.25,1,1,5,Lost
CUST002218,22,1,147.63,5,1,1,Needs Attention
CUST002222,732,1,1017.94,1,1,3,Lost
CUST002223,68,5,3880.13,4,4,5,Champion
CUST002224,84,6,1954.29,4,5,4,Champion
CUST002226,104,3,1708.98,3,3,4,Loyal Customer
CUST002227,572,1,590.25,1,1,2,Lost
CUST002228,89,4,3258.27,4,4,5,Champion
CUST002229,112,1,323.19,3,1,1,Needs Attention
CUST002230,58,7,4482.1,4,5,5,Champion
CUST002231,297,2,587.77,2,2,2,Lost
CUST002232,14,2,484.3,5,2,2,Needs Attention
CUST002233,367,3,1710.7,2,3,4,At Risk
CUST002234,10,17,6514.2,5,5,5,Champion
CUST002235,111,3,1658.84,3,3,4,Loyal Customer
CUST002236,294,2,895.26,2,2,3,Lost
CUST002238,247,2,464.52,2,2,2,Lost
CUST002239,92,33,17026.04,4,5,5,Champion
CUST002240,688,1,171.24,1,1,1,Lost
CUST002241,1,14,9786.26,5,5,5,Champion
CUST002243,182,6,3436.3,3,5,5,Loyal Customer
CUST002244,101,3,1297.85,4,3,3,Loyal Customer
CUST002245,895,1,515.32,1,1,2,Lost
CUST002247,100,3,2542.98,4,3,4,Loyal Customer
CUST002249,153,5,2749.09,3,4,4,Loyal Customer
CUST002250,316,4,1527.9,2,4,3,At Risk
CUST002252,27,4,2136.29,5,4,4,Champion
CUST002253,192,1,467.97,3,1,2,Needs Attention
CUST002254,38,4,2240.34,5,4,4,Champion
CUST002255,1,8,3891.25,5,5,5,Champion
CUST002256,279,6,2911.09,2,5,5,At Risk
CUST002258,130,2,789.41,3,2,2,Needs Attention
CUST002259,52,1,904.66,4,1,3,Needs Attention
CUST002260,92,5,2792.9,4,4,4,Champion
CUST002262,75,9,4408.12,4,5,5,Champion
CUST002263,466,1,1180.11,1,1,3,Lost
CUST002265,94,2,1501.4,4,2,3,Needs Attention
CUST002266,320,1,444.87,2,1,2,Lost
CUST002267,298,2,266.53,2,2,1,Lost
CUST002271,382,1,573.03,2,1,2,Lost
CUST002273,65,4,1292.6,4,4,3,Loyal Customer
CUST002274,41,4,1632.46,4,4,4,Champion
CUST002277,316,2,1635.1200000000001,2,2,4,Lost
CUST002280,309,1,61.34,2,1,1,Lost
CUST002281,293,4,1674.87,2,4,4,At Risk
CUST002282,163,8,3151.16,3,5,5,Loyal Customer
CUST002285,198,1,120.53,3,1,1,Needs Attention
CUST002286,19,9,4446.1,5,5,5,Champion
CUST002287,169,1,317.63,3,1,1,Needs Attention
CUST002288,994,1,442.7,1,1,2,Lost
CUST002289,77,4,1325.8899999999999,4,4,3,Loyal Customer
CUST002291,147,1,425.51,3,1,1,Needs Attention
CUST002293,666,1,1307.29,1,1,3,Lost
CUST002294,301,2,882.1600000000001,2,2,3,Lost
CUST002295,218,5,2144.6499999999996,2,4,4,At Risk
CUST002296,22,4,1862.3,5,4,4,Champion
CUST002297,52,2,966.9200000000001,4,2,3,Needs Attention
CUST002299,172,2,1076.04,3,2,3,Needs Attention
CUST002300,222,1,688.18,2,1,2,Lost
CUST002301,407,1,404.23,1,1,1,Lost
CUST002302,33,3,1159.77,5,3,3,Loyal Customer
CUST002303,107,1,478.06,3,1,2,Needs Attention
CUST002304,14,1,622.63,5,1,2,Needs Attention
CUST002305,651,1,748.68,1,1,2,Lost
CUST002307,360,2,1516.0700000000002,2,2,3,Lost
CUST002309,609,1,1006.96,1,1,3,Lost
CUST002310,37,7,3397.1200000000003,5,5,5,Champion
CUST002311,17,5,3816.98,5,4,5,Champion
CUST002312,126,5,2901.24,3,4,4,Loyal Customer
CUST002314,280,2,1279.8,2,2,3,Lost
CUST002315,222,1,781.16,2,1,2,Lost
CUST002317,83,5,1956.5300000000002,4,4,4,Champion
CUST002319,155,1,930.47,3,1,3,Needs Attention
CUST002320,407,2,612.64,1,2,2,Lost
CUST002321,148,1,590.05,3,1,2,Needs Attention
CUST002322,84,4,2145.8599999999997,4,4,4,Champion
CUST002324,4,2,407.16,5,2,1,Needs Attention
CUST002325,138,3,1594.5500000000002,3,3,4,Loyal Customer
CUST002326,2,5,1893.73,5,4,4,Champion
CUST002327,375,2,1626.51,2,2,4,Lost
CUST002328,242,2,1682.2199999999998,2,2,4,Lost
CUST002330,4,1,563.12,5,1,2,Needs Attention
CUST002333,509,2,1450.68,1,2,3,Lost
CUST002334,95,2,351.02,4,2,1,Needs Attention
CUST002336,556,1,227.99,1,1,1,Lost
CUST002337,162,1,602.48,3,1,2,Needs Attention
CUST002338,537,1,1102.22,1,1,3,Lost
CUST002339,147,1,658.3,3,1,2,Needs Attention
CUST002340,120,1,890.8,3,1,3,Needs Attention
CUST002342,40,51,29930.48,4,5,5,Champion
CUST002345,19,7,3450.05,5,5,5,Champion
CUST002346,299,2,2751.8399999999997,2,2,4,Lost
CUST002347,104,1,1142.17,3,1,3,Needs Attention
CUST002348,29,17,11234.05,5,5,5,Champion
CUST002349,83,5,2604.54,4,4,4,Champion
CUST002350,319,1,412.31,2,1,1,Lost
CUST002351,341,1,920.43,2,1,3,Lost
CUST002353,39,8,6003.38,5,5,5,Champion
CUST002354,49,1,649.21,4,1,2,Needs Attention
CUST002355,152,6,2299.2,3,5,4,Loyal Customer
CUST002356,544,3,2141.87,1,3,4,At Risk
CUST002357,30,1,106.52,5,1,1,Needs Attention
CUST002360,264,3,2386.51,2,3,4,At Risk
CUST002361,45,1,604.8,4,1,2,Needs Attention
CUST002362,482,1,775.67,1,1,2,Lost
CUST002363,20,4,2802.1800000000003,5,4,4,Champion
CUST002365,110,11,8375.1,3,5,5,Loyal Customer
CUST002366,322,1,474.67,2,1,2,Lost
CUST002367,19,10,3592.86,5,5,5,Champion
CUST002370,177,4,3706.36,3,4,5,Loyal Customer
CUST002371,213,2,823.63,2,2,2,Lost
CUST002372,61,3,2257.26,4,3,4,Loyal Customer
CUST002373,239,5,2600.75,2,4,4,At Risk
CUST002374,27,16,10635.11,5,5,5,Champion
CUST002375,231,1,425.73,2,1,1,Lost
CUST002376,118,3,3056.75,3,3,5,Loyal Customer
CUST002377,202,1,2284.0,3,1,4,Needs Attention
CUST002378,345,1,74.83,2,1,1,Lost
CUST002379,14,1,168.28,5,1,1,Needs Attention
CUST002380,426,1,1397.06,1,1,3,Lost
CUST002383,134,1,522.77,3,1,2,Needs Attention
CUST002385,88,2,863.27,4,2,2,Needs Attention
CUST002387,95,1,333.86,4,1,1,Needs Attention
CUST002388,95,5,2068.58,4,4,4,Champion
CUST002391,667,1,689.98,1,1,2,Lost
CUST002395,42,4,2163.98,4,4,4,Champion
CUST002397,128,1,103.32,3,1,1,Needs Attention
CUST002398,129,6,2592.2200000000003,3,5,4,Loyal Customer
CUST002399,604,1,91.67,1,1,1,Lost
CUST002400,5,2,1073.03,5,2,3,Needs Attention
CUST002403,436,1,134.97,1,1,1,Lost
CUST002404,178,2,2308.02,3,2,4,Needs Attention
CUST002406,537,1,168.19,1,1,1,Lost
CUST002407,7,13,4761.17,5,5,5,Champion
CUST002408,54,3,676.1300000000001,4,3,2,Loyal Customer
CUST002411,975,1,489.83,1,1,2,Lost
CUST002412,643,1,179.08,1,1,1,Lost
CUST002413,25,11,4122.76,5,5,5,Champion
CUST002414,103,15,9153.42,3,5,5,Loyal Customer
CUST002415,283,1,469.6,2,1,2,Lost
CUST002416,370,1,497.69,2,1,2,Lost
CUST002417,34,4,2187.18,5,4,4,Champion
CUST002418,236,3,1343.73,2,3,3,At Risk
CUST002419,456,1,267.21,1,1,1,Lost
CUST002420,473,1,31.94,1,1,1,Lost
CUST002422,824,2,780.13,1,2,2,Lost
CUST002424,301,3,2559.9399999999996,2,3,4,At Risk
CUST002426,80,6,5769.3,4,5,5,Champion
CUST002428,32,1,1216.06,5,1,3,Needs Attention
CUST002430,189,1,168.07,3,1,1,Needs Attention
CUST002432,42,2,808.25,4,2,2,Needs Attention
CUST002433,118,2,781.12,3,2,2,Needs Attention
CUST002435,123,3,2171.79,3,3,4,Loyal Customer
CUST002436,38,2,1360.26,5,2,3,Needs Attention
CUST002437,157,1,53.4,3,1,1,Needs Attention
CUST002438,140,2,2948.49,3,2,5,Needs Attention
CUST002439,179,3,1698.77,3,3,4,Loyal Customer
CUST002440,164,1,637.72,3,1,2,Needs Attention
CUST002444,437,1,1690.01,1,1,4,Lost
CUST002446,93,2,1278.6499999999999,4,2,3,Needs Attention
CUST002447,28,6,2678.05,5,5,4,Champion
CUST002451,95,6,3772.8,4,5,5,Champion
CUST002452,10,2,1056.09,5,2,3,Needs Attention
CUST002453,217,7,6203.33,2,5,5,At Risk
CUST002454,96,3,3099.4199999999996,4,3,5,Loyal Customer
CUST002455,116,2,831.48,3,2,2,Needs Attention
CUST002456,39,3,3003.87,5,3,5,Loyal Customer
CUST002457,489,1,313.69,1,1,1,Lost
CUST002459,101,6,5246.25,4,5,5,Champion
CUST002460,161,5,3672.74,3,4,5,Loyal Customer
CUST002463,122,2,1124.23,3,2,3,Needs Attention
CUST002466,27,3,1482.85,5,3,3,Loyal Customer
CUST002468,681,1,812.6,1,1,2,Lost
CUST002469,2,4,3247.47,5,4,5,Champion
CUST002471,6,7,3237.87,5,5,5,Champion
CUST002472,27,15,5977.53,5,5,5,Champion
CUST002474,37,23,11194.970000000001,5,5,5,Champion
CUST002475,5,4,1532.37,5,4,3,Loyal Customer
CUST002476,329,1,242.2,2,1,1,Lost
CUST002477,206,4,1533.82,2,4,3,At Risk
CUST002479,174,1,415.56,3,1,1,Needs Attention
CUST002480,187,4,1021.0500000000001,3,4,3,Loyal Customer
CUST002481,375,2,1491.49,2,2,3,Lost
CUST002482,302,1,351.27,2,1,1,Lost
CUST002483,135,2,676.73,3,2,2,Needs Attention
CUST002484,562,2,668.35,1,2,2,Lost
CUST002485,428,2,1729.6599999999999,1,2,4,Lost
CUST002486,306,1,544.94,2,1,2,Lost
CUST002487,123,1,167.68,3,1,1,Needs Attention
CUST002488,824,1,836.78,1,1,2,Lost
CUST002489,363,1,586.19,2,1,2,Lost
CUST002490,28,30,18027.28,5,5,5,Champion
CUST002491,367,4,1677.4199999999998,2,4,4,At Risk
CUST002493,3,11,6548.08,5,5,5,Champion
CUST002494,103,1,195.52,3,1,1,Needs Attention
CUST002496,227,5,4613.25,2,4,5,At Risk
CUST002497,314,1,1356.35,2,1,3,Lost
CUST002500,97,3,1445.77,4,3,3,Loyal Customer
CUST002501,434,1,1318.69,1,1,3,Lost
CUST002502,292,1,777.98,2,1,2,Lost
CUST002504,115,2,976.8999999999999,3,2,3,Needs Attention
CUST002505,106,2,728.77,3,2,2,Needs Attention
CUST002506,241,2,1876.35,2,2,4,Lost
CUST002507,40,9,6192.0,4,5,5,Champion
CUST002512,648,1,188.5,1,1,1,Lost
CUST002513,10,13,7904.43,5,5,5,Champion
CUST002514,12,1,319.85,5,1,1,Needs Attention
CUST002516,314,1,939.2,2,1,3,Lost
CUST002521,216,3,2275.06,2,3,4,At Risk
CUST002523,7,2,596.0,5,2,2,Needs Attention
CUST002524,229,4,2871.55,2,4,4,At Risk
CUST002526,30,2,869.1700000000001,5,2,2,Needs Attention
CUST002527,68,1,545.35,4,1,2,Needs Attention
CUST002528,26,2,741.67,5,2,2,Needs Attention
CUST002532,615,1,609.94,1,1,2,Lost
CUST002533,156,2,2037.71,3,2,4,Needs Attention
CUST002534,13,4,1906.78,5,4,4,Champion
CUST002537,254,3,733.97,2,3,2,At Risk
CUST002538,289,1,414.58,2,1,1,Lost
CUST002540,102,2,159.32999999999998,3,2,1,Needs Attention
CUST002541,89,2,1379.9,4,2,3,Needs Attention
CUST002542,30,1,255.33,5,1,1,Needs Attention
CUST002543,136,5,4006.69,3,4,5,Loyal Customer
CUST002544,203,1,425.09,3,1,1,Needs Attention
CUST002546,50,16,10246.69,4,5,5,Champion
CUST002547,237,1,275.33,2,1,1,Lost
CUST002548,109,1,849.92,3,1,2,Needs Attention
CUST002549,14,7,3099.6099999999997,5,5,5,Champion
CUST002550,34,3,2005.8999999999999,5,3,4,Loyal Customer
CUST002551,105,4,2697.1,3,4,4,Loyal Customer
CUST002552,43,3,694.71,4,3,2,Loyal Customer
CUST002553,774,1,218.22,1,1,1,Lost
CUST002554,142,4,533.9399999999999,3,4,2,Loyal Customer
CUST002556,23,2,568.0799999999999,5,2,2,Needs Attention
CUST002557,861,1,302.4,1,1,1,Lost
CUST002558,753,2,1698.14,1,2,4,Lost
CUST002560,29,2,816.26,5,2,2,Needs Attention
CUST002562,1,1,516.5,5,1,2,Needs Attention
CUST002563,109,3,1876.52,3,3,4,Loyal Customer
CUST002564,240,1,882.08,2,1,3,Lost
CUST002565,457,3,963.0799999999999,1,3,3,At Risk
CUST002566,332,1,197.83,2,1,1,Lost
CUST002567,10,15,7102.610000000001,5,5,5,Champion
CUST002569,71,1,172.61,4,1,1,Needs Attention
CUST002570,93,4,1955.81,4,4,4,Champion
CUST002571,72,8,4257.2,4,5,5,Champion
CUST002572,87,3,1132.01,4,3,3,Loyal Customer
CUST002575,256,3,2809.5499999999997,2,3,4,At Risk
CUST002576,272,4,2488.57,2,4,4,At Risk
CUST002577,29,8,8154.3099999999995,5,5,5,Champion
CUST002578,406,1,1107.22,1,1,3,Lost
CUST002580,51,3,1425.0500000000002,4,3,3,Loyal Customer
CUST002581,20,3,997.9200000000001,5,3,3,Loyal Customer
CUST002582,38,5,2564.8,5,4,4,Champion
CUST002583,748,1,383.52,1,1,1,Lost
CUST002584,43,3,1126.19,4,3,3,Loyal Customer
CUST002586,638,2,1214.97,1,2,3,Lost
CUST002587,306,1,474.04,2,1,2,Lost
CUST002588,47,7,2927.57,4,5,5,Champion
CUST002589,122,3,1111.35,3,3,3,Loyal Customer
CUST002590,718,1,356.27,1,1,1,Lost
CUST002591,153,2,947.49,3,2,3,Needs Attention
CUST002594,49,24,14596.58,4,5,5,Champion
CUST002595,97,4,2254.56,4,4,4,Champion
CUST002597,486,1,555.11,1,1,2,Lost
CUST002600,209,3,981.02,2,3,3,At Risk
CUST002602,223,2,1001.55,2,2,3,Lost
CUST002603,498,2,1613.43,1,2,4,Lost
CUST002604,13,17,13060.369999999999,5,5,5,Champion
CUST002606,103,7,3478.52,3,5,5,Loyal Customer
CUST002607,215,1,76.69,2,1,1,Lost
CUST002610,553,2,1302.3999999999999,1,2,3,Lost
CUST002612,372,1,534.21,2,1,2,Lost
CUST002613,109,5,2638.58,3,4,4,Loyal Customer
CUST002614,391,1,578.38,2,1,2,Lost
CUST002615,171,3,904.35,3,3,3,Loyal Customer
CUST002616,283,2,904.3100000000001,2,2,3,Lost
CUST002617,158,3,1044.2,3,3,3,Loyal Customer
CUST002619,751,1,1432.73,1,1,3,Lost
CUST002620,235,3,1640.8400000000001,2,3,4,At Risk
CUST002621,286,1,544.16,2,1,2,Lost
CUST002622,323,1,635.76,2,1,2,Lost
CUST002624,217,4,2067.26,2,4,4,At Risk
CUST002625,973,1,108.51,1,1,1,Lost
CUST002626,99,19,8413.08,4,5,5,Champion
CUST002632,457,3,2780.83,1,3,4,At Risk
CUST002633,28,8,4880.25,5,5,5,Champion
CUST002634,375,1,1081.0,2,1,3,Lost
CUST002635,82,1,688.56,4,1,2,Needs Attention
CUST002636,775,1,82.51,1,1,1,Lost
CUST002637,520,1,588.32,1,1,2,Lost
CUST002639,58,1,317.48,4,1,1,Needs Attention
CUST002640,125,4,1305.18,3,4,3,Loyal Customer
CUST002641,503,1,369.86,1,1,1,Lost
CUST002642,146,2,2204.89,3,2,4,Needs Attention
CUST002644,539,1,914.78,1,1,3,Lost
CUST002646,75,2,1074.6399999999999,4,2,3,Needs Attention
CUST002648,6,7,2477.34,5,5,4,Champion
CUST002652,100,1,471.65,4,1,2,Needs Attention
CUST002654,544,2,817.12,1,2,2,Lost
CUST002655,1027,1,99.33,1,1,1,Lost
CUST002656,57,14,11473.58,4,5,5,Champion
CUST002658,365,3,1325.52,2,3,3,At Risk
CUST002659,66,1,411.5,4,1,1,Needs Attention
CUST002661,18,21,9706.98,5,5,5,Champion
CUST002662,177,5,1316.51,3,4,3,Loyal Customer
CUST002663,296,3,577.75,2,3,2,At Risk
CUST002664,103,1,419.65,3,1,1,Needs Attention
CUST002665,35,19,8554.58,5,5,5,Champion
CUST002666,240,2,1618.9099999999999,2,2,4,Lost
CUST002669,60,3,585.53,4,3,2,Loyal Customer
CUST002670,14,4,1892.9,5,4,4,Champion
CUST002671,194,3,2483.1,3,3,4,Loyal Customer
CUST002673,103,6,1109.4,3,5,3,Loyal Customer
CUST002674,27,1,675.76,5,1,2,Needs Attention
CUST002675,254,3,1503.9099999999999,2,3,3,At Risk
CUST002677,43,5,1972.73,4,4,4,Champion
CUST002678,160,1,464.45,3,1,2,Needs Attention
CUST002680,53,7,3626.95,4,5,5,Champion
CUST002681,21,7,3141.04,5,5,5,Champion
CUST002683,40,5,3207.93,4,4,5,Champion
CUST002684,57,3,3130.26,4,3,5,Loyal Customer
CUST002689,393,2,293.28,1,2,1,Lost
CUST002690,594,1,573.35,1,1,2,Lost
CUST002691,210,3,2762.66,2,3,4,At Risk
CUST002692,155,5,2380.51,3,4,4,Loyal Customer
CUST002693,107,1,19.19,3,1,1,Needs Attention
CUST002694,179,5,1683.0900000000001,3,4,4,Loyal Customer
CUST002695,58,4,645.0,4,4,2,Loyal Customer
CUST002697,346,4,1560.36,2,4,4,At Risk
CUST002698,77,7,3529.38,4,5,5,Champion
CUST002700,10,10,5729.14,5,5,5,Champion
CUST002703,511,3,1150.9299999999998,1,3,3,At Risk
CUST002705,124,3,1486.79,3,3,3,Loyal Customer
CUST002706,408,2,875.47,1,2,3,Lost
CUST002707,77,2,1135.72,4,2,3,Needs Attention
CUST002708,421,2,1429.5,1,2,3,Lost
CUST002709,711,1,554.29,1,1,2,Lost
CUST002711,82,5,4019.85,4,4,5,Champion
CUST002713,84,2,477.90999999999997,4,2,2,Needs Attention
CUST002715,280,1,520.74,2,1,2,Lost
CUST002716,1012,1,510.5,1,1,2,Lost
CUST002718,150,3,1470.53,3,3,3,Loyal Customer
CUST002724,204,5,2033.69,2,4,4,At Risk
CUST002726,122,5,3207.81,3,4,5,Loyal Customer
CUST002727,381,2,689.9000000000001,2,2,2,Lost
CUST002728,443,1,1163.11,1,1,3,Lost
CUST002730,18,25,11843.960000000001,5,5,5,Champion
CUST002731,327,1,637.65,2,1,2,Lost
CUST002733,27,3,1453.13,5,3,3,Loyal Customer
CUST002734,75,2,513.03,4,2,2,Needs Attention
CUST002735,152,5,5513.76,3,4,5,Loyal Customer
CUST002736,27,8,2757.5,5,5,4,Champion
CUST002737,133,1,883.27,3,1,3,Needs Attention
CUST002738,130,1,276.86,3,1,1,Needs Attention
CUST002740,53,42,17102.03,4,5,5,Champion
CUST002741,13,3,1368.77,5,3,3,Loyal Customer
CUST002742,23,5,2265.34,5,4,4,Champion
CUST002743,319,1,1537.29,2,1,3,Lost
CUST002744,126,3,1314.56,3,3,3,Loyal Customer
CUST002745,193,2,400.14,3,2,1,Needs Attention
CUST002746,85,4,3114.9100000000003,4,4,5,Champion
CUST002748,165,7,5183.59,3,5,5,Loyal Customer
CUST002751,451,1,774.57,1,1,2,Lost
CUST002762,67,2,1375.55,4,2,3,Needs Attention
CUST002763,69,7,2761.36,4,5,4,Champion
CUST002765,352,1,1182.23,2,1,3,Lost
CUST002766,174,3,2467.63,3,3,4,Loyal Customer
CUST002767,40,11,5246.7699999999995,4,5,5,Champion
CUST002769,90,3,2216.26,4,3,4,Loyal Customer
CUST002770,256,2,2366.62,2,2,4,Lost
CUST002773,476,1,613.77,1,1,2,Lost
CUST002776,33,8,4984.25,5,5,5,Champion
CUST002777,452,1,608.8,1,1,2,Lost
CUST002778,1005,1,290.73,1,1,1,Lost
CUST002779,21,5,1883.6100000000001,5,4,4,Champion
CUST002780,63,7,4535.67,4,5,5,Champion
CUST002781,629,1,301.4,1,1,1,Lost
CUST002782,194,2,1033.68,3,2,3,Needs Attention
CUST002787,677,1,1055.18,1,1,3,Lost
CUST002788,182,1,176.26,3,1,1,Needs Attention
CUST002789,104,1,898.51,3,1,3,Needs Attention
CUST002791,589,2,1491.23,1,2,3,Lost
CUST002793,517,1,492.49,1,1,2,Lost
CUST002794,180,4,4056.73,3,4,5,Loyal Customer
CUST002795,250,1,275.9,2,1,1,Lost
CUST002796,6,6,3416.3100000000004,5,5,5,Champion
CUST002799,40,1,2051.5,4,1,4,Needs Attention
CUST002800,479,1,1464.78,1,1,3,Lost
CUST002803,5,19,9822.62,5,5,5,Champion
CUST002805,113,1,521.34,3,1,2,Needs Attention
CUST002807,13,3,1188.55,5,3,3,Loyal Customer
CUST002809,39,2,841.1,5,2,2,Needs Attention
CUST002810,162,7,4969.17,3,5,5,Loyal Customer
CUST002811,154,3,2604.9,3,3,4,Loyal Customer
CUST002812,8,5,2657.63,5,4,4,Champion
CUST002813,18,9,5902.75,5,5,5,Champion
CUST002815,7,2,779.1800000000001,5,2,2,Needs Attention
CUST002817,579,1,732.96,1,1,2,Lost
CUST002819,135,1,150.92,3,1,1,Needs Attention
CUST002823,317,3,1107.4,2,3,3,At Risk
CUST002824,25,2,1941.37,5,2,4,Needs Attention
CUST002826,482,2,1491.23,1,2,3,Lost
CUST002827,493,1,700.62,1,1,2,Lost
CUST002828,609,2,461.19,1,2,2,Lost
CUST002831,67,5,2848.1800000000003,4,4,4,Champion
CUST002833,233,1,656.64,2,1,2,Lost
CUST002834,161,2,327.56,3,2,1,Needs Attention
CUST002835,13,6,2906.8199999999997,5,5,5,Champion
CUST002837,618,1,291.01,1,1,1,Lost
CUST002838,19,6,4970.52,5,5,5,Champion
CUST002839,398,1,205.16,1,1,1,Lost
CUST002840,84,1,505.38,4,1,2,Needs Attention
CUST002842,97,12,6858.23,4,5,5,Champion
CUST002843,38,7,5441.0599999999995,5,5,5,Champion
CUST002844,188,2,2035.56,3,2,4,Needs Attention
CUST002847,215,2,484.77,2,2,2,Lost
CUST002849,223,2,900.5,2,2,3,Lost
CUST002850,79,1,169.22,4,1,1,Needs Attention
CUST002851,200,4,1184.85,3,4,3,Loyal Customer
CUST002853,265,2,1917.92,2,2,4,Lost
CUST002854,187,1,701.58,3,1,2,Needs Attention
CUST002855,639,1,110.47,1,1,1,Lost
CUST002856,509,1,1862.58,1,1,4,Lost
CUST002858,56,4,5442.96,4,4,5,Champion
CUST002859,87,4,2453.1800000000003,4,4,4,Champion
CUST002860,511,4,1319.29,1,4,3,At Risk
CUST002861,35,3,942.0899999999999,5,3,3,Loyal Customer
CUST002863,721,1,1473.1,1,1,3,Lost
CUST002867,157,4,2120.4300000000003,3,4,4,Loyal Customer
CUST002868,62,6,2768.96,4,5,4,Champion
CUST002869,837,1,560.46,1,1,2,Lost
CUST002870,138,1,1524.39,3,1,3,Needs Attention
CUST002871,88,5,3014.2200000000003,4,4,5,Champion
CUST002872,138,2,464.16999999999996,3,2,2,Needs Attention
CUST002874,464,2,322.36,1,2,1,Lost
CUST002875,151,2,992.28,3,2,3,Needs Attention
CUST002878,301,1,451.47,2,1,2,Lost
CUST002879,348,2,250.03,2,2,1,Lost
CUST002880,52,5,3482.5299999999997,4,4,5,Champion
CUST002881,224,1,352.05,2,1,1,Lost
CUST002882,260,1,841.36,2,1,2,Lost
CUST002883,489,1,244.44,1,1,1,Lost
CUST002890,104,5,3071.8,3,4,5,Loyal Customer
CUST002893,182,6,2632.33,3,5,4,Loyal Customer
CUST002894,338,1,60.09,2,1,1,Lost
CUST002898,153,3,1601.74,3,3,4,Loyal Customer
CUST002900,537,1,725.67,1,1,2,Lost
CUST002901,15,5,1582.04,5,4,4,Champion
CUST002902,597,1,114.66,1,1,1,Lost
CUST002906,2,2,2306.59,5,2,4,Needs Attention
CUST002907,19,9,4303.94,5,5,5,Champion
CUST002909,54,24,13060.27,4,5,5,Champion
CUST002913,668,1,1750.89,1,1,4,Lost
CUST002914,51,1,217.64,4,1,1,Needs Attention
CUST002915,138,2,738.4399999999999,3,2,2,Needs Attention
CUST002916,154,1,587.08,3,1,2,Needs Attention
CUST002918,23,4,2119.2,5,4,4,Champion
CUST002920,411,2,1900.1299999999999,1,2,4,Lost
CUST002922,114,2,1568.8799999999999,3,2,4,Needs Attention
CUST002923,263,1,80.54,2,1,1,Lost
CUST002925,15,11,7313.94,5,5,5,Champion
CUST002926,120,3,1536.2,3,3,3,Loyal Customer
CUST002929,79,1,139.69,4,1,1,Needs Attention
CUST002930,315,4,2538.2799999999997,2,4,4,At Risk
CUST002932,351,6,3618.73,2,5,5,At Risk
CUST002933,26,6,3485.95,5,5,5,Champion
CUST002934,574,3,1123.8,1,3,3,At Risk
CUST002935,281,4,2356.88,2,4,4,At Risk
CUST002936,110,1,720.91,3,1,2,Needs Attention
CUST002939,336,1,550.57,2,1,2,Lost
CUST002942,906,1,1319.27,1,1,3,Lost
CUST002943,2,4,3207.97,5,4,5,Champion
CUST002944,769,1,288.9,1,1,1,Lost
CUST002945,163,1,583.2,3,1,2,Needs Attention
CUST002946,183,2,304.46000000000004,3,2,1,Needs Attention
CUST002947,491,1,1126.24,1,1,3,Lost
CUST002948,20,5,1728.63,5,4,4,Champion
CUST002949,652,1,631.92,1,1,2,Lost
CUST002950,277,2,1384.47,2,2,3,Lost
CUST002952,197,1,157.98,3,1,1,Needs Attention
CUST002955,99,1,191.27,4,1,1,Needs Attention
CUST002956,521,1,621.63,1,1,2,Lost
CUST002959,634,1,153.09,1,1,1,Lost
CUST002960,254,2,1923.01,2,2,4,Lost
CUST002961,256,1,103.98,2,1,1,Lost
CUST002963,272,4,1983.7800000000002,2,4,4,At Risk
CUST002964,319,5,1758.1699999999998,2,4,4,At Risk
CUST002965,323,1,299.88,2,1,1,Lost
CUST002968,77,10,6879.469999999999,4,5,5,Champion
CUST002969,93,1,492.4,4,1,2,Needs Attention
CUST002970,33,16,7009.52,5,5,5,Champion
CUST002972,248,2,538.34,2,2,2,Lost
CUST002973,149,3,1465.8899999999999,3,3,3,Loyal Customer
CUST002974,95,2,2611.6000000000004,4,2,4,Needs Attention
CUST002975,139,3,1702.06,3,3,4,Loyal Customer
CUST002976,368,2,663.04,2,2,2,Lost
CUST002977,42,4,5247.219999999999,4,4,5,Champion
CUST002978,216,3,1244.55,2,3,3,At Risk
CUST002979,898,1,885.91,1,1,3,Lost
CUST002980,60,2,3548.27,4,2,5,Needs Attention
CUST002981,304,1,482.15,2,1,2,Lost
CUST002982,195,1,84.0,3,1,1,Needs Attention
CUST002986,71,5,3408.2799999999997,4,4,5,Champion
CUST002988,67,1,1113.89,4,1,3,Needs Attention
CUST002989,7,2,2236.4300000000003,5,2,4,Needs Attention
CUST002994,53,5,4371.280000000001,4,4,5,Champion
CUST002995,102,2,1259.38,3,2,3,Needs Attention
CUST002997,145,3,3465.39,3,3,5,Loyal Customer
CUST002998,65,1,143.8,4,1,1,Needs Attention
CUST002999,123,3,1428.83,3,3,3,Loyal Customer
CUST003000,675,1,1191.74,1,1,3,Lost
CUST003002,14,3,1032.1399999999999,5,3,3,Loyal Customer
CUST003003,7,1,1092.16,5,1,3,Needs Attention
CUST003004,2,1,1476.42,5,1,3,Needs Attention
CUST003005,178,1,929.22,3,1,3,Needs Attention
CUST003006,181,4,5275.74,3,4,5,Loyal Customer
CUST003007,367,2,1475.0500000000002,2,2,3,Lost
CUST003009,523,1,550.21,1,1,2,Lost
CUST003010,30,2,527.61,5,2,2,Needs Attention
CUST003013,185,3,2005.8000000000002,3,3,4,Loyal Customer
CUST003015,789,1,408.01,1,1,1,Lost
CUST003016,143,4,1602.78,3,4,4,Loyal Customer
CUST003018,178,1,1006.77,3,1,3,Needs Attention
CUST003020,108,4,1444.57,3,4,3,Loyal Customer
CUST003021,473,1,289.04,1,1,1,Lost
CUST003022,762,1,1286.51,1,1,3,Lost
CUST003025,466,2,1354.15,1,2,3,Lost
CUST003027,112,1,491.46,3,1,2,Needs Attention
CUST003028,545,1,670.46,1,1,2,Lost
CUST003030,609,1,379.79,1,1,1,Lost
CUST003031,238,2,707.1800000000001,2,2,2,Lost
CUST003032,33,4,1943.02,5,4,4,Champion
CUST003034,951,1,1235.33,1,1,3,Lost
CUST003035,587,1,602.33,1,1,2,Lost
CUST003036,174,7,2151.86,3,5,4,Loyal Customer
CUST003037,78,3,3271.2200000000003,4,3,5,Loyal Customer
CUST003038,164,2,591.9100000000001,3,2,2,Needs Attention
CUST003040,23,3,2141.4,5,3,4,Loyal Customer
CUST003041,32,4,2940.12,5,4,5,Champion
CUST003042,47,3,1708.28,4,3,4,Loyal Customer
CUST003043,300,2,1781.45,2,2,4,Lost
CUST003044,133,1,717.22,3,1,2,Needs Attention
CUST003046,554,1,53.37,1,1,1,Lost
CUST003047,70,5,2720.96,4,4,4,Champion
CUST003048,307,3,2179.01,2,3,4,At Risk
CUST003049,139,5,3351.98,3,4,5,Loyal Customer
CUST003051,315,1,399.67,2,1,1,Lost
CUST003052,40,3,960.71,4,3,3,Loyal Customer
CUST003055,336,3,1219.13,2,3,3,At Risk
CUST003059,39,7,5263.87,5,5,5,Champion
CUST003060,57,1,94.14,4,1,1,Needs Attention
CUST003062,13,10,5876.8,5,5,5,Champion
CUST003063,360,1,1004.93,2,1,3,Lost
CUST003064,343,1,447.92,2,1,2,Lost
CUST003068,50,2,1058.13,4,2,3,Needs Attention
CUST003069,704,1,161.59,1,1,1,Lost
CUST003070,774,1,238.81,1,1,1,Lost
CUST003074,266,1,661.78,2,1,2,Lost
CUST003076,129,5,3687.11,3,4,5,Loyal Customer
CUST003078,43,2,544.05,4,2,2,Needs Attention
CUST003079,57,2,134.75,4,2,1,Needs Attention
CUST003081,499,1,1818.1,1,1,4,Lost
CUST003083,11,4,2468.95,5,4,4,Champion
CUST003084,625,1,45.96,1,1,1,Lost
CUST003085,30,13,5228.89,5,5,5,Champion
CUST003087,91,10,5560.79,4,5,5,Champion
CUST003088,502,2,491.9,1,2,2,Lost
CUST003089,152,3,1877.63,3,3,4,Loyal Customer
CUST003090,43,7,3218.52,4,5,5,Champion
CUST003091,179,1,482.97,3,1,2,Needs Attention
CUST003092,609,1,1440.18,1,1,3,Lost
CUST003093,67,2,638.01,4,2,2,Needs Attention
CUST003094,63,6,3516.73,4,5,5,Champion
CUST003098,27,12,5335.64,5,5,5,Champion
CUST003099,235,2,378.47,2,2,1,Lost
CUST003100,23,2,2554.0099999999998,5,2,4,Needs Attention
CUST003101,123,1,489.86,3,1,2,Needs Attention
CUST003102,37,1,368.93,5,1,1,Needs Attention
CUST003106,37,1,1387.82,5,1,3,Needs Attention
CUST003107,572,3,1362.3500000000001,1,3,3,At Risk
CUST003108,525,1,1517.56,1,1,3,Lost
CUST003110,373,1,58.0,2,1,1,Lost
CUST003111,270,1,803.3,2,1,2,Lost
CUST003112,552,1,180.24,1,1,1,Lost
CUST003114,180,1,227.99,3,1,1,Needs Attention
CUST003115,76,10,9582.6,4,5,5,Champion
CUST003116,60,2,1343.12,4,2,3,Needs Attention
CUST003117,23,2,882.97,5,2,3,Needs Attention
CUST003118,3,2,1170.83,5,2,3,Needs Attention
CUST003120,5,5,3473.5899999999997,5,4,5,Champion
CUST003123,308,1,221.24,2,1,1,Lost
CUST003124,385,3,1321.22,2,3,3,At Risk
CUST003126,530,1,297.9,1,1,1,Lost
CUST003129,107,5,2041.07,3,4,4,Loyal Customer
CUST003130,149,3,1810.69,3,3,4,Loyal Customer
CUST003132,309,1,97.79,2,1,1,Lost
CUST003133,33,7,1908.74,5,5,4,Champion
CUST003134,503,2,651.56,1,2,2,Lost
CUST003135,20,6,3496.39,5,5,5,Champion
CUST003137,403,2,600.86,1,2,2,Lost
CUST003138,173,1,393.13,3,1,1,Needs Attention
CUST003140,357,2,527.0,2,2,2,Lost
CUST003141,67,3,2695.0,4,3,4,Loyal Customer
CUST003143,391,2,1415.98,2,2,3,Lost
CUST003145,66,2,846.54,4,2,2,Needs Attention
CUST003146,31,38,23920.27,5,5,5,Champion
CUST003147,2,11,5293.67,5,5,5,Champion
CUST003148,415,4,2023.29,1,4,4,At Risk
CUST003149,284,2,1377.96,2,2,3,Lost
CUST003154,22,4,2248.45,5,4,4,Champion
CUST003156,49,4,1414.53,4,4,3,Loyal Customer
CUST003158,302,1,1674.33,2,1,4,Lost
CUST003160,569,4,2603.6299999999997,1,4,4,At Risk
CUST003161,22,6,2421.92,5,5,4,Champion
CUST003163,546,1,485.7,1,1,2,Lost
CUST003164,122,1,1501.05,3,1,3,Needs Attention
CUST003166,154,5,1870.31,3,4,4,Loyal Customer
CUST003168,42,3,2320.14,4,3,4,Loyal Customer
CUST003169,376,1,121.43,2,1,1,Lost
CUST003173,98,1,474.71,4,1,2,Needs Attention
CUST003174,195,1,174.67,3,1,1,Needs Attention
CUST003176,82,1,369.93,4,1,1,Needs Attention
CUST003177,53,3,1082.08,4,3,3,Loyal Customer
CUST003178,508,1,79.68,1,1,1,Lost
CUST003179,7,18,10075.89,5,5,5,Champion
CUST003181,204,2,872.12,2,2,3,Lost
CUST003183,260,3,1554.44,2,3,3,At Risk
CUST003184,221,1,99.36,2,1,1,Lost
CUST003185,170,1,2303.25,3,1,4,Needs Attention
CUST003188,438,1,78.0,1,1,1,Lost
CUST003189,171,5,2055.43,3,4,4,Loyal Customer
CUST003191,111,7,5315.26,3,5,5,Loyal Customer
CUST003193,132,2,1244.75,3,2,3,Needs Attention
CUST003194,32,9,4671.59,5,5,5,Champion
CUST003195,32,1,575.52,5,1,2,Needs Attention
CUST003199,176,6,4619.5,3,5,5,Loyal Customer
CUST003200,127,2,2426.51,3,2,4,Needs Attention
CUST003201,39,12,2415.81,5,5,4,Champion
CUST003202,528,1,537.84,1,1,2,Lost
CUST003205,20,8,3688.41,5,5,5,Champion
CUST003206,71,2,1511.62,4,2,3,Needs Attention
CUST003207,8,28,16457.32,5,5,5,Champion
CUST003208,374,1,125.78,2,1,1,Lost
CUST003209,243,2,1385.35,2,2,3,Lost
CUST003210,303,2,412.64,2,2,1,Lost
CUST003211,50,7,1831.4699999999998,4,5,4,Champion
CUST003212,143,5,2508.9700000000003,3,4,4,Loyal Customer
CUST003213,273,2,484.82000000000005,2,2,2,Lost
CUST003214,50,2,816.61,4,2,2,Needs Attention
CUST003217,53,1,417.48,4,1,1,Needs Attention
CUST003218,648,1,485.97,1,1,2,Lost
CUST003219,318,4,3195.71,2,4,5,At Risk
CUST003220,41,4,2073.71,4,4,4,Champion
CUST003222,882,2,536.61,1,2,2,Lost
CUST003223,44,2,587.25,4,2,2,Needs Attention
CUST003224,139,4,1008.38,3,4,3,Loyal Customer
CUST003225,288,3,1917.8600000000001,2,3,4,At Risk
CUST003227,70,7,5791.87,4,5,5,Champion
CUST003228,225,1,350.43,2,1,1,Lost
CUST003229,52,3,1688.81,4,3,4,Loyal Customer
CUST003232,487,1,334.79,1,1,1,Lost
CUST003233,458,1,387.17,1,1,1,Lost
CUST003234,13,20,8973.06,5,5,5,Champion
CUST003237,76,1,628.2,4,1,2,Needs Attention
CUST003239,84,2,2426.56,4,2,4,Needs Attention
CUST003240,76,2,2451.85,4,2,4,Needs Attention
CUST003241,306,1,1134.96,2,1,3,Lost
CUST003245,212,3,2670.49,2,3,4,At Risk
CUST003246,378,1,719.25,2,1,2,Lost
CUST003247,9,4,3388.44,5,4,5,Champion
CUST003248,94,12,6399.75,4,5,5,Champion
CUST003249,441,5,2695.62,1,4,4,At Risk
CUST003250,105,2,603.71,3,2,2,Needs Attention
CUST003251,590,1,317.48,1,1,1,Lost
CUST003252,189,7,3466.1000000000004,3,5,5,Loyal Customer
CUST003254,54,2,729.76,4,2,2,Needs Attention
CUST003255,493,3,1357.9499999999998,1,3,3,At Risk
CUST003256,2,33,21251.76,5,5,5,Champion
CUST003257,199,7,3413.67,3,5,5,Loyal Customer
CUST003259,11,8,2081.79,5,5,4,Champion
CUST003260,8,17,10059.25,5,5,5,Champion
CUST003262,54,6,2335.5,4,5,4,Champion
CUST003263,27,4,2004.13,5,4,4,Champion
CUST003265,649,2,524.61,1,2,2,Lost
CUST003267,122,1,266.72,3,1,1,Needs Attention
CUST003268,12,4,2332.57,5,4,4,Champion
CUST003271,38,2,1627.65,5,2,4,Needs Attention
CUST003272,15,13,7620.53,5,5,5,Champion
CUST003274,343,4,2264.77,2,4,4,At Risk
CUST003275,98,1,1143.9,4,1,3,Needs Attention
CUST003276,484,1,168.07,1,1,1,Lost
CUST003277,78,3,1381.67,4,3,3,Loyal Customer
CUST003278,35,4,1818.37,5,4,4,Champion
CUST003279,728,1,274.58,1,1,1,Lost
CUST003282,429,3,1415.7,1,3,3,At Risk
CUST003285,189,3,1763.27,3,3,4,Loyal Customer
CUST003286,634,1,1191.0,1,1,3,Lost
CUST003289,77,3,1307.43,4,3,3,Loyal Customer
CUST003290,6,20,8865.95,5,5,5,Champion
CUST003292,442,2,404.63,1,2,1,Lost
CUST003294,18,4,2045.85,5,4,4,Champion
CUST003295,61,1,692.61,4,1,2,Needs Attention
CUST003296,73,4,1126.3600000000001,4,4,3,Loyal Customer
CUST003297,800,1,884.58,1,1,3,Lost
CUST003298,36,2,752.9200000000001,5,2,2,Needs Attention
CUST003299,10,3,1024.47,5,3,3,Loyal Customer
CUST003300,356,1,410.76,2,1,1,Lost
CUST003301,356,2,793.55,2,2,2,Lost
CUST003302,547,1,174.67,1,1,1,Lost
CUST003303,556,1,328.32,1,1,1,Lost
CUST003305,316,1,447.08,2,1,2,Lost
CUST003306,59,1,32.91,4,1,1,Needs Attention
CUST003307,165,4,2595.79,3,4,4,Loyal Customer
CUST003308,514,1,826.86,1,1,2,Lost
CUST003309,287,4,3258.58,2,4,5,At Risk
CUST003313,88,2,3117.84,4,2,5,Needs Attention
CUST003317,85,2,2671.92,4,2,4,Needs Attention
CUST003320,271,2,1960.8600000000001,2,2,4,Lost
CUST003321,353,1,460.84,2,1,2,Lost
CUST003322,298,3,1578.3400000000001,2,3,4,At Risk
CUST003323,71,3,1602.72,4,3,4,Loyal Customer
CUST003324,111,3,1604.67,3,3,4,Loyal Customer
CUST003325,26,4,2853.6099999999997,5,4,4,Champion
CUST003327,112,5,1557.3799999999999,3,4,4,Loyal Customer
CUST003328,316,1,189.78,2,1,1,Lost
CUST003330,85,4,1009.0799999999999,4,4,3,Loyal Customer
CUST003331,20,10,8188.28,5,5,5,Champion
CUST003332,7,10,3273.77,5,5,5,Champion
CUST003333,17,47,26726.91,5,5,5,Champion
CUST003334,32,7,4087.58,5,5,5,Champion
CUST003335,257,1,121.86,2,1,1,Lost
CUST003337,4,7,4959.9,5,5,5,Champion
CUST003338,233,4,1832.6100000000001,2,4,4,At Risk
CUST003340,30,1,56.4,5,1,1,Needs Attention
CUST003341,91,1,558.22,4,1,2,Needs Attention
CUST003342,2,5,3724.45,5,4,5,Champion
CUST003343,278,1,1885.87,2,1,4,Lost
CUST003346,39,11,8056.17,5,5,5,Champion
CUST003348,122,2,1245.45,3,2,3,Needs Attention
CUST003349,644,1,286.47,1,1,1,Lost
CUST003350,484,2,760.46,1,2,2,Lost
CUST003352,30,2,262.37,5,2,1,Needs Attention
CUST003354,330,1,41.68,2,1,1,Lost
CUST003355,53,4,1129.37,4,4,3,Loyal Customer
CUST003357,46,14,6491.42,4,5,5,Champion
CUST003361,148,1,783.86,3,1,2,Needs Attention
CUST003363,82,2,1245.46,4,2,3,Needs Attention
CUST003364,610,2,781.4100000000001,1,2,2,Lost
CUST003366,253,1,1386.4,2,1,3,Lost
CUST003367,49,5,2695.88,4,4,4,Champion
CUST003369,160,1,634.52,3,1,2,Needs Attention
CUST003372,343,2,930.73,2,2,3,Lost
CUST003374,50,5,1616.69,4,4,4,Champion
CUST003376,665,2,1729.08,1,2,4,Lost
CUST003377,189,1,425.09,3,1,1,Needs Attention
CUST003378,155,1,682.35,3,1,2,Needs Attention
CUST003379,27,3,2144.11,5,3,4,Loyal Customer
CUST003380,253,1,35.97,2,1,1,Lost
CUST003381,525,2,416.1,1,2,1,Lost
CUST003382,18,9,3638.26,5,5,5,Champion
CUST003385,279,1,579.06,2,1,2,Lost
CUST003386,536,1,224.43,1,1,1,Lost
CUST003388,42,12,6167.07,4,5,5,Champion
CUST003389,238,2,411.35999999999996,2,2,1,Lost
CUST003392,448,1,329.15,1,1,1,Lost
CUST003394,157,1,1107.6,3,1,3,Needs Attention
CUST003397,64,5,3557.39,4,4,5,Champion
CUST003398,96,5,2338.35,4,4,4,Champion
CUST003399,780,1,201.49,1,1,1,Lost
CUST003400,82,6,2272.29,4,5,4,Champion
CUST003402,151,4,1910.7399999999998,3,4,4,Loyal Customer
CUST003403,119,1,935.82,3,1,3,Needs Attention
CUST003404,49,1,405.72,4,1,1,Needs Attention
CUST003405,21,8,4147.2,5,5,5,Champion
CUST003406,91,3,891.98,4,3,3,Loyal Customer
CUST003407,92,4,1392.5100000000002,4,4,3,Loyal Customer
CUST003408,252,2,1260.86,2,2,3,Lost
CUST003410,389,1,462.71,2,1,2,Lost
CUST003413,216,1,173.59,2,1,1,Lost
CUST003414,138,5,2193.34,3,4,4,Loyal Customer
CUST003416,349,2,1019.81,2,2,3,Lost
CUST003417,67,3,1358.81,4,3,3,Loyal Customer
CUST003419,281,1,241.67,2,1,1,Lost
CUST003420,15,8,4229.7,5,5,5,Champion
CUST003421,79,5,729.72,4,4,2,Loyal Customer
CUST003422,621,1,1187.87,1,1,3,Lost
CUST003427,16,6,3606.57,5,5,5,Champion
CUST003428,13,11,5949.36,5,5,5,Champion
CUST003429,127,3,1115.1000000000001,3,3,3,Loyal Customer
CUST003430,209,1,1756.92,2,1,4,Lost
CUST003432,255,2,962.02,2,2,3,Lost
CUST003433,26,4,2213.6600000000003,5,4,4,Champion
CUST003434,710,1,1559.05,1,1,4,Lost
CUST003435,103,4,1461.9099999999999,3,4,3,Loyal Customer
CUST003436,12,2,1425.26,5,2,3,Needs Attention
CUST003437,54,2,326.55,4,2,1,Needs Attention
CUST003439,372,1,453.13,2,1,2,Lost
CUST003441,14,3,2312.43,5,3,4,Loyal Customer
CUST003442,182,1,238.26,3,1,1,Needs Attention
CUST003446,12,32,18466.41,5,5,5,Champion
CUST003447,246,2,1076.3400000000001,2,2,3,Lost
CUST003448,4,8,5393.52,5,5,5,Champion
CUST003449,930,1,1223.56,1,1,3,Lost
CUST003451,532,2,1573.48,1,2,4,Lost
CUST003455,211,8,5049.94,2,5,5,At Risk
CUST003457,125,1,96.97,3,1,1,Needs Attention
CUST003458,551,1,434.79,1,1,1,Lost
CUST003459,402,1,494.68,1,1,2,Lost
CUST003460,23,4,3453.33,5,4,5,Champion
CUST003461,36,1,480.62,5,1,2,Needs Attention
CUST003463,128,1,417.12,3,1,1,Needs Attention
CUST003464,73,6,3141.52,4,5,5,Champion
CUST003465,340,1,402.35,2,1,1,Lost
CUST003466,2,6,2594.27,5,5,4,Champion
CUST003467,208,1,642.04,2,1,2,Lost
CUST003468,25,1,86.39,5,1,1,Needs Attention
CUST003469,31,11,6471.36,5,5,5,Champion
CUST003470,168,2,878.34,3,2,3,Needs Attention
CUST003471,122,8,5463.04,3,5,5,Loyal Customer
CUST003472,274,2,476.41999999999996,2,2,2,Lost
CUST003474,164,1,604.65,3,1,2,Needs Attention
CUST003475,1,9,3986.61,5,5,5,Champion
CUST003476,393,2,1199.0700000000002,1,2,3,Lost
CUST003477,114,1,123.53,3,1,1,Needs Attention
CUST003479,473,1,1158.68,1,1,3,Lost
CUST003483,276,1,1565.27,2,1,4,Lost
CUST003484,144,2,1098.33,3,2,3,Needs Attention
CUST003485,97,6,2410.25,4,5,4,Champion
CUST003486,4,3,895.79,5,3,3,Loyal Customer
CUST003488,54,2,964.8199999999999,4,2,3,Needs Attention
CUST003489,413,1,80.54,1,1,1,Lost
CUST003490,144,7,3412.5099999999998,3,5,5,Loyal Customer
CUST003493,32,4,2981.83,5,4,5,Champion
CUST003494,21,7,6305.0,5,5,5,Champion
CUST003495,408,3,1307.43,1,3,3,At Risk
CUST003496,603,2,793.27,1,2,2,Lost
CUST003497,176,1,711.32,3,1,2,Needs Attention
CUST003498,129,5,1968.1,3,4,4,Loyal Customer
CUST003499,169,5,2161.13,3,4,4,Loyal Customer
CUST003500,125,1,182.9,3,1,1,Needs Attention
CUST003501,157,6,3299.27,3,5,5,Loyal Customer
CUST003503,4,1,122.25,5,1,1,Needs Attention
CUST003504,223,2,3086.11,2,2,5,Lost
CUST003505,1,11,10437.7,5,5,5,Champion
CUST003506,405,5,2482.36,1,4,4,At Risk
CUST003508,6,37,20756.17,5,5,5,Champion
CUST003511,528,1,506.71,1,1,2,Lost
CUST003513,462,1,280.51,1,1,1,Lost
CUST003514,49,5,2194.31,4,4,4,Champion
CUST003515,39,2,1131.13,5,2,3,Needs Attention
CUST003518,55,1,678.87,4,1,2,Needs Attention
CUST003519,83,2,568.51,4,2,2,Needs Attention
CUST003521,307,4,3130.6,2,4,5,At Risk
CUST003522,19,2,606.01,5,2,2,Needs Attention
CUST003524,567,2,466.1,1,2,2,Lost
CUST003526,931,1,1002.13,1,1,3,Lost
CUST003527,221,1,420.68,2,1,1,Lost
CUST003528,94,3,3971.04,4,3,5,Loyal Customer
CUST003529,75,1,726.14,4,1,2,Needs Attention
CUST003530,98,1,424.55,4,1,1,Needs Attention
CUST003531,32,2,745.86,5,2,2,Needs Attention
CUST003532,198,3,648.77,3,3,2,Loyal Customer
CUST003535,76,7,4138.92,4,5,5,Champion
CUST003536,100,8,6910.139999999999,4,5,5,Champion
CUST003540,294,1,341.06,2,1,1,Lost
CUST003541,112,2,2470.29,3,2,4,Needs Attention
CUST003543,214,5,1909.15,2,4,4,At Risk
CUST003544,947,1,539.69,1,1,2,Lost
CUST003546,38,5,2090.03,5,4,4,Champion
CUST003548,13,2,1071.92,5,2,3,Needs Attention
CUST003549,5,8,4737.46,5,5,5,Champion
CUST003553,101,2,1105.94,4,2,3,Needs Attention
CUST003555,196,2,2129.85,3,2,4,Needs Attention
CUST003557,89,1,1282.53,4,1,3,Needs Attention
CUST003559,354,2,2095.39,2,2,4,Lost
CUST003560,344,1,489.86,2,1,2,Lost
CUST003562,631,1,496.57,1,1,2,Lost
CUST003563,2,21,11694.08,5,5,5,Champion
CUST003564,141,2,2501.0699999999997,3,2,4,Needs Attention
CUST003565,271,2,1698.4299999999998,2,2,4,Lost
CUST003566,500,2,765.28,1,2,2,Lost
CUST003567,505,3,1807.12,1,3,4,At Risk
CUST003572,27,1,652.5,5,1,2,Needs Attention
CUST003574,490,1,251.49,1,1,1,Lost
CUST003575,83,6,1775.5099999999998,4,5,4,Champion
CUST003579,78,1,508.86,4,1,2,Needs Attention
CUST003580,376,1,640.61,2,1,2,Lost
CUST003582,581,2,1307.1100000000001,1,2,3,Lost
CUST003583,54,5,1283.75,4,4,3,Loyal Customer
CUST003585,13,2,1260.63,5,2,3,Needs Attention
CUST003586,102,10,8064.24,3,5,5,Loyal Customer
CUST003593,746,1,1232.23,1,1,3,Lost
CUST003594,518,1,99.37,1,1,1,Lost
CUST003596,16,4,3406.09,5,4,5,Champion
CUST003597,19,6,4008.75,5,5,5,Champion
CUST003599,67,16,6011.74,4,5,5,Champion
CUST003600,28,3,3679.5,5,3,5,Loyal Customer
CUST003601,61,1,220.97,4,1,1,Needs Attention
CUST003602,59,2,1188.85,4,2,3,Needs Attention
CUST003603,104,5,5494.58,3,4,5,Loyal Customer
CUST003604,116,3,2861.21,3,3,4,Loyal Customer
CUST003605,257,1,645.6,2,1,2,Lost
CUST003606,475,2,540.74,1,2,2,Lost
CUST003607,223,3,1998.44,2,3,4,At Risk
CUST003609,266,1,199.73,2,1,1,Lost
CUST003612,17,1,727.11,5,1,2,Needs Attention
CUST003613,623,1,536.77,1,1,2,Lost
CUST003615,26,6,1541.59,5,5,3,Loyal Customer
CUST003616,248,3,1281.22,2,3,3,At Risk
CUST003619,102,2,870.63,3,2,3,Needs Attention
CUST003620,294,1,1290.56,2,1,3,Lost
CUST003621,12,2,1241.6399999999999,5,2,3,Needs Attention
CUST003623,90,1,65.37,4,1,1,Needs Attention
CUST003624,184,1,913.08,3,1,3,Needs Attention
CUST003626,15,6,2794.0,5,5,4,Champion
CUST003627,1,3,1780.98,5,3,4,Loyal Customer
CUST003628,19,3,546.23,5,3,2,Loyal Customer
CUST003629,297,2,505.76,2,2,2,Lost
CUST003630,527,1,260.46,1,1,1,Lost
CUST003634,5,7,4253.37,5,5,5,Champion
CUST003635,3,7,4791.0199999999995,5,5,5,Champion
CUST003637,6,2,949.77,5,2,3,Needs Attention
CUST003644,374,2,1563.91,2,2,4,Lost
CUST003645,66,4,1809.17,4,4,4,Champion
CUST003646,4,4,1236.44,5,4,3,Loyal Customer
CUST003648,335,3,914.22,2,3,3,At Risk
CUST003649,194,1,407.87,3,1,1,Needs Attention
CUST003650,234,1,33.42,2,1,1,Lost
CUST003652,33,9,4098.7,5,5,5,Champion
CUST003653,489,2,548.0,1,2,2,Lost
CUST003654,22,4,1195.35,5,4,3,Loyal Customer
CUST003655,180,3,2649.21,3,3,4,Loyal Customer
CUST003656,148,2,1985.54,3,2,4,Needs Attention
CUST003659,18,3,511.85,5,3,2,Loyal Customer
CUST003660,231,1,648.79,2,1,2,Lost
CUST003661,106,8,4957.49,3,5,5,Loyal Customer
CUST003662,482,2,1705.97,1,2,4,Lost
CUST003663,22,3,1797.73,5,3,4,Loyal Customer
CUST003666,120,3,2061.99,3,3,4,Loyal Customer
CUST003668,32,3,2377.06,5,3,4,Loyal Customer
CUST003669,130,2,2979.34,3,2,5,Needs Attention
CUST003670,10,2,1596.32,5,2,4,Needs Attention
CUST003671,298,2,2771.5600000000004,2,2,4,Lost
CUST003672,193,2,1117.64,3,2,3,Needs Attention
CUST003673,227,2,1332.74,2,2,3,Lost
CUST003674,1007,1,603.24,1,1,2,Lost
CUST003677,532,3,2614.58,1,3,4,At Risk
CUST003679,281,2,1279.77,2,2,3,Lost
CUST003680,214,1,607.08,2,1,2,Lost
CUST003681,23,4,2946.26,5,4,5,Champion
CUST003682,1,43,22253.99,5,5,5,Champion
CUST003685,336,1,1198.4,2,1,3,Lost
CUST003688,346,1,86.03,2,1,1,Lost
CUST003689,3,3,1074.55,5,3,3,Loyal Customer
CUST003691,128,2,766.29,3,2,2,Needs Attention
CUST003692,43,2,1861.54,4,2,4,Needs Attention
CUST003693,213,6,3664.5099999999998,2,5,5,At Risk
CUST003696,155,2,1012.45,3,2,3,Needs Attention
CUST003698,58,3,1478.12,4,3,3,Loyal Customer
CUST003699,117,1,580.39,3,1,2,Needs Attention
CUST003700,99,1,133.8,4,1,1,Needs Attention
CUST003702,68,3,906.71,4,3,3,Loyal Customer
CUST003705,224,1,702.22,2,1,2,Lost
CUST003706,54,1,878.62,4,1,3,Needs Attention
CUST003707,108,1,138.3,3,1,1,Needs Attention
CUST003708,21,12,7447.55,5,5,5,Champion
CUST003709,148,8,5726.88,3,5,5,Loyal Customer
CUST003710,157,1,108.51,3,1,1,Needs Attention
CUST003713,39,3,2464.5,5,3,4,Loyal Customer
CUST003715,276,1,567.27,2,1,2,Lost
CUST003716,127,5,928.94,3,4,3,Loyal Customer
CUST003719,113,1,1015.13,3,1,3,Needs Attention
CUST003720,207,3,2309.07,2,3,4,At Risk
CUST003724,233,1,492.98,2,1,2,Lost
CUST003725,144,5,2380.16,3,4,4,Loyal Customer
CUST003726,94,3,2054.75,4,3,4,Loyal Customer
CUST003728,255,1,163.55,2,1,1,Lost
CUST003729,283,4,3387.69,2,4,5,At Risk
CUST003733,4,7,1725.58,5,5,4,Champion
CUST003734,364,1,372.97,2,1,1,Lost
CUST003736,26,2,436.79,5,2,2,Needs Attention
CUST003740,497,1,573.71,1,1,2,Lost
CUST003741,197,4,2124.89,3,4,4,Loyal Customer
CUST003744,9,6,4262.3,5,5,5,Champion
CUST003745,803,1,678.71,1,1,2,Lost
CUST003747,763,1,168.19,1,1,1,Lost
CUST003748,15,17,8702.48,5,5,5,Champion
CUST003749,36,2,776.77,5,2,2,Needs Attention
CUST003751,12,1,914.78,5,1,3,Needs Attention
CUST003752,152,11,4844.650000000001,3,5,5,Loyal Customer
CUST003753,74,2,1278.14,4,2,3,Needs Attention
CUST003755,140,5,2930.3,3,4,5,Loyal Customer
CUST003756,185,2,450.37,3,2,2,Needs Attention
CUST003758,277,1,1446.27,2,1,3,Lost
CUST003761,123,3,1033.23,3,3,3,Loyal Customer
CUST003765,104,5,4295.63,3,4,5,Loyal Customer
CUST003766,638,1,438.29,1,1,2,Lost
CUST003767,796,1,483.77,1,1,2,Lost
CUST003768,18,4,1406.85,5,4,3,Loyal Customer
CUST003769,291,3,1513.07,2,3,3,At Risk
CUST003770,64,4,2567.5299999999997,4,4,4,Champion
CUST003772,486,1,1981.44,1,1,4,Lost
CUST003773,90,5,3341.36,4,4,5,Champion
CUST003774,116,1,559.71,3,1,2,Needs Attention
CUST003775,19,1,526.27,5,1,2,Needs Attention
CUST003777,259,2,2563.5299999999997,2,2,4,Lost
CUST003779,54,1,2437.8,4,1,4,Needs Attention
CUST003781,430,1,487.46,1,1,2,Lost
CUST003782,30,9,6609.85,5,5,5,Champion
CUST003784,99,1,82.62,4,1,1,Needs Attention
CUST003786,811,1,249.46,1,1,1,Lost
CUST003787,137,2,1030.1299999999999,3,2,3,Needs Attention
CUST003788,6,49,27988.39,5,5,5,Champion
CUST003793,1,2,1021.09,5,2,3,Needs Attention
CUST003794,953,1,1287.33,1,1,3,Lost
CUST003795,120,1,258.19,3,1,1,Needs Attention
CUST003796,407,3,1390.95,1,3,3,At Risk
CUST003798,526,3,1100.81,1,3,3,At Risk
CUST003799,289,2,2122.31,2,2,4,Lost
CUST003800,274,1,743.43,2,1,2,Lost
CUST003801,20,6,2201.69,5,5,4,Champion
CUST003802,137,4,2410.02,3,4,4,Loyal Customer
CUST003803,791,1,980.08,1,1,3,Lost
CUST003804,108,6,4454.55,3,5,5,Loyal Customer
CUST003805,548,1,149.71,1,1,1,Lost
CUST003806,66,2,561.64,4,2,2,Needs Attention
CUST003808,22,12,8589.7,5,5,5,Champion
CUST003811,44,2,1384.19,4,2,3,Needs Attention
CUST003812,201,1,200.6,3,1,1,Needs Attention
CUST003813,386,1,1228.52,2,1,3,Lost
CUST003816,280,3,1851.29,2,3,4,At Risk
CUST003817,435,1,525.94,1,1,2,Lost
CUST003818,3,4,1315.83,5,4,3,Loyal Customer
CUST003820,422,3,1547.79,1,3,3,At Risk
CUST003821,220,1,660.18,2,1,2,Lost
CUST003825,829,1,259.95,1,1,1,Lost
CUST003826,488,1,38.69,1,1,1,Lost
CUST003828,55,2,454.64000000000004,4,2,2,Needs Attention
CUST003830,1,2,616.45,5,2,2,Needs Attention
CUST003831,584,1,372.7,1,1,1,Lost
CUST003835,923,1,198.88,1,1,1,Lost
CUST003836,287,1,404.95,2,1,1,Lost
CUST003837,132,1,2426.24,3,1,4,Needs Attention
CUST003839,468,2,1076.03,1,2,3,Lost
CUST003843,88,2,4165.1,4,2,5,Needs Attention
CUST003845,63,1,290.19,4,1,1,Needs Attention
CUST003846,62,2,1183.6799999999998,4,2,3,Needs Attention
CUST003847,60,1,755.83,4,1,2,Needs Attention
CUST003849,769,2,610.23,1,2,2,Lost
CUST003850,800,1,1295.63,1,1,3,Lost
CUST003853,32,2,2265.91,5,2,4,Needs Attention
CUST003854,51,5,3490.4,4,4,5,Champion
CUST003855,535,1,142.62,1,1,1,Lost
CUST003856,129,1,257.49,3,1,1,Needs Attention
CUST003857,153,3,3074.8,3,3,5,Loyal Customer
CUST003859,60,1,583.02,4,1,2,Needs Attention
CUST003862,31,1,454.3,5,1,2,Needs Attention
CUST003863,29,1,156.65,5,1,1,Needs Attention
CUST003864,55,1,233.62,4,1,1,Needs Attention
CUST003865,133,4,3320.89,3,4,5,Loyal Customer
CUST003866,373,4,2180.74,2,4,4,At Risk
CUST003867,91,7,4525.9400000000005,4,5,5,Champion
CUST003869,408,3,637.59,1,3,2,At Risk
CUST003870,249,4,3195.7799999999997,2,4,5,At Risk
CUST003871,155,7,4576.01,3,5,5,Loyal Customer
CUST003873,47,5,2602.7,4,4,4,Champion
CUST003874,716,1,310.94,1,1,1,Lost
CUST003876,324,1,1366.39,2,1,3,Lost
CUST003877,25,10,8972.98,5,5,5,Champion
CUST003878,448,1,655.29,1,1,2,Lost
CUST003880,16,9,3700.59,5,5,5,Champion
CUST003882,277,3,616.18,2,3,2,At Risk
CUST003883,477,2,893.46,1,2,3,Lost
CUST003884,71,1,543.97,4,1,2,Needs Attention
CUST003886,20,4,3695.4300000000003,5,4,5,Champion
CUST003887,7,43,19245.69,5,5,5,Champion
CUST003888,8,7,3764.25,5,5,5,Champion
CUST003890,942,1,704.7,1,1,2,Lost
CUST003891,834,1,965.38,1,1,3,Lost
CUST003892,308,2,1547.6100000000001,2,2,3,Lost
CUST003894,85,2,808.8199999999999,4,2,2,Needs Attention
CUST003895,339,2,808.08,2,2,2,Lost
CUST003896,338,1,370.67,2,1,1,Lost
CUST003898,167,1,541.27,3,1,2,Needs Attention
CUST003901,166,2,661.88,3,2,2,Needs Attention
CUST003902,348,1,683.74,2,1,2,Lost
CUST003903,130,3,464.09000000000003,3,3,2,Loyal Customer
CUST003904,402,1,204.97,1,1,1,Lost
CUST003906,520,1,1041.48,1,1,3,Lost
CUST003907,681,1,126.9,1,1,1,Lost
CUST003908,220,2,963.44,2,2,3,Lost
CUST003909,147,1,580.07,3,1,2,Needs Attention
CUST003911,785,1,602.59,1,1,2,Lost
CUST003913,260,1,323.34,2,1,1,Lost
CUST003914,226,3,1277.7,2,3,3,At Risk
CUST003918,276,2,1365.0900000000001,2,2,3,Lost
CUST003923,232,1,638.59,2,1,2,Lost
CUST003926,472,2,1462.6999999999998,1,2,3,Lost
CUST003927,668,1,1157.36,1,1,3,Lost
CUST003931,85,14,7354.12,4,5,5,Champion
CUST003932,203,6,2957.3399999999997,3,5,5,Loyal Customer
CUST003934,220,2,636.43,2,2,2,Lost
CUST003935,61,11,6182.94,4,5,5,Champion
CUST003939,757,1,462.7,1,1,2,Lost
CUST003940,189,3,2669.84,3,3,4,Loyal Customer
CUST003941,8,1,1255.68,5,1,3,Needs Attention
CUST003942,13,2,964.26,5,2,3,Needs Attention
CUST003944,113,3,1128.31,3,3,3,Loyal Customer
CUST003945,39,2,986.2099999999999,5,2,3,Needs Attention
CUST003948,31,1,730.03,5,1,2,Needs Attention
CUST003949,579,1,313.99,1,1,1,Lost
CUST003950,43,1,397.72,4,1,1,Needs Attention
CUST003951,98,1,845.97,4,1,2,Needs Attention
CUST003952,122,11,7582.98,3,5,5,Loyal Customer
CUST003953,34,5,1336.63,5,4,3,Loyal Customer
CUST003955,31,3,2723.33,5,3,4,Loyal Customer
CUST003956,114,4,4397.37,3,4,5,Loyal Customer
CUST003958,147,7,4889.86,3,5,5,Loyal Customer
CUST003959,520,1,131.16,1,1,1,Lost
CUST003960,45,3,1737.76,4,3,4,Loyal Customer
CUST003961,73,2,1026.6399999999999,4,2,3,Needs Attention
CUST003963,108,1,112.93,3,1,1,Needs Attention
CUST003965,11,2,2775.8900000000003,5,2,4,Needs Attention
CUST003966,18,15,7340.26,5,5,5,Champion
CUST003967,49,3,945.67,4,3,3,Loyal Customer
CUST003970,62,5,3411.05,4,4,5,Champion
CUST003971,445,1,97.79,1,1,1,Lost
CUST003972,28,2,262.89,5,2,1,Needs Attention
CUST003973,92,3,795.84,4,3,2,Loyal Customer
CUST003974,77,6,4304.5,4,5,5,Champion
CUST003975,86,2,1248.6000000000001,4,2,3,Needs Attention
CUST003978,276,2,1609.1799999999998,2,2,4,Lost
CUST003979,104,8,3443.1,3,5,5,Loyal Customer
CUST003980,4,66,37559.95,5,5,5,Champion
CUST003981,163,2,171.94,3,2,1,Needs Attention
CUST003982,2,5,2596.0299999999997,5,4,4,Champion
CUST003985,62,1,503.64,4,1,2,Needs Attention
CUST003986,139,7,2725.6099999999997,3,5,4,Loyal Customer
CUST003989,15,2,921.73,5,2,3,Needs Attention
CUST003990,129,1,1218.58,3,1,3,Needs Attention
CUST003991,415,1,333.33,1,1,1,Lost
CUST003993,224,4,2395.19,2,4,4,At Risk
CUST003994,306,1,504.92,2,1,2,Lost
CUST003995,50,9,6504.59,4,5,5,Champion
CUST003997,50,5,2162.77,4,4,4,Champion
CUST003998,117,3,997.28,3,3,3,Loyal Customer
CUST004000,290,3,1320.33,2,3,3,At Risk
CUST004003,48,7,4154.35,4,5,5,Champion
CUST004004,823,1,466.05,1,1,2,Lost
CUST004006,560,1,489.3,1,1,2,Lost
CUST004008,4,7,3118.28,5,5,5,Champion
CUST004009,120,8,2510.64,3,5,4,Loyal Customer
CUST004010,330,1,156.89,2,1,1,Lost
CUST004011,12,1,543.28,5,1,2,Needs Attention
CUST004012,571,1,841.64,1,1,2,Lost
CUST004014,577,1,136.1,1,1,1,Lost
CUST004015,280,2,736.81,2,2,2,Lost
CUST004016,107,1,444.38,3,1,2,Needs Attention
CUST004017,420,2,497.4,1,2,2,Lost
CUST004018,52,5,3030.6000000000004,4,4,5,Champion
CUST004019,343,2,378.81,2,2,1,Lost
CUST004020,241,2,819.5,2,2,2,Lost
CUST004021,183,1,420.08,3,1,1,Needs Attention
CUST004022,258,3,1934.58,2,3,4,At Risk
CUST004023,19,10,6710.889999999999,5,5,5,Champion
CUST004024,74,4,2055.91,4,4,4,Champion
CUST004026,180,1,598.82,3,1,2,Needs Attention
CUST004027,499,2,920.88,1,2,3,Lost
CUST004029,9,20,11367.85,5,5,5,Champion
CUST004031,283,1,387.76,2,1,1,Lost
CUST004033,277,1,268.25,2,1,1,Lost
CUST004034,396,6,3811.29,1,5,5,At Risk
CUST004039,101,2,1753.3600000000001,4,2,4,Needs Attention
CUST004040,77,2,1971.0300000000002,4,2,4,Needs Attention
CUST004042,32,18,9104.44,5,5,5,Champion
CUST004044,201,2,2426.82,3,2,4,Needs Attention
CUST004045,224,4,3913.6900000000005,2,4,5,At Risk
CUST004047,152,3,2205.65,3,3,4,Loyal Customer
CUST004049,47,2,1961.26,4,2,4,Needs Attention
CUST004050,14,7,4121.87,5,5,5,Champion
CUST004052,32,1,166.32,5,1,1,Needs Attention
CUST004053,106,1,412.96,3,1,1,Needs Attention
CUST004054,572,1,599.26,1,1,2,Lost
CUST004055,213,1,599.41,2,1,2,Lost
CUST004056,171,9,3221.56,3,5,5,Loyal Customer
CUST004057,59,3,835.74,4,3,2,Loyal Customer
CUST004058,75,2,2096.6499999999996,4,2,4,Needs Attention
CUST004066,22,3,1030.9499999999998,5,3,3,Loyal Customer
CUST004067,677,2,1083.46,1,2,3,Lost
CUST004068,23,61,32707.37,5,5,5,Champion
CUST004070,193,1,559.71,3,1,2,Needs Attention
CUST004073,385,2,1420.16,2,2,3,Lost
CUST004074,577,1,179.29,1,1,1,Lost
CUST004075,10,1,176.95,5,1,1,Needs Attention
CUST004077,378,1,463.3,2,1,2,Lost
CUST004078,173,4,2516.91,3,4,4,Loyal Customer
CUST004080,103,2,638.1,3,2,2,Needs Attention
CUST004083,410,1,797.1,1,1,2,Lost
CUST004085,84,5,1597.82,4,4,4,Champion
CUST004086,427,1,49.03,1,1,1,Lost
CUST004087,250,4,2862.5299999999997,2,4,4,At Risk
CUST004088,36,2,390.86,5,2,1,Needs Attention
CUST004089,327,2,1033.5,2,2,3,Lost
CUST004090,42,6,2684.37,4,5,4,Champion
CUST004091,79,3,1144.45,4,3,3,Loyal Customer
CUST004093,109,5,1783.46,3,4,4,Loyal Customer
CUST004094,360,1,45.96,2,1,1,Lost
CUST004096,170,1,198.32,3,1,1,Needs Attention
CUST004097,127,9,3742.9700000000003,3,5,5,Loyal Customer
CUST004099,452,2,1003.08,1,2,3,Lost
CUST004101,18,2,2572.82,5,2,4,Needs Attention
CUST004102,122,2,796.96,3,2,2,Needs Attention
CUST004103,53,2,1589.31,4,2,4,Needs Attention
CUST004105,133,1,1422.5,3,1,3,Needs Attention
CUST004106,106,4,2382.15,3,4,4,Loyal Customer
CUST004107,104,1,632.48,3,1,2,Needs Attention
CUST004110,58,4,1825.5,4,4,4,Champion
CUST004111,112,2,472.71999999999997,3,2,2,Needs Attention
CUST004112,25,1,412.04,5,1,1,Needs Attention
CUST004113,41,2,982.39,4,2,3,Needs Attention
CUST004114,731,1,34.74,1,1,1,Lost
CUST004115,103,1,313.13,3,1,1,Needs Attention
CUST004116,499,1,1143.44,1,1,3,Lost
CUST004117,185,1,771.03,3,1,2,Needs Attention
CUST004119,202,3,1259.6799999999998,3,3,3,Loyal Customer
CUST004125,285,5,5094.65,2,4,5,At Risk
CUST004128,259,5,2175.66,2,4,4,At Risk
CUST004129,49,3,2217.4,4,3,4,Loyal Customer
CUST004130,177,5,1770.25,3,4,4,Loyal Customer
CUST004132,162,2,1698.77,3,2,4,Needs Attention
CUST004134,112,2,1029.23,3,2,3,Needs Attention
CUST004135,492,1,120.74,1,1,1,Lost
CUST004136,356,1,359.18,2,1,1,Lost
CUST004137,290,4,1508.06,2,4,3,At Risk
CUST004140,14,2,671.35,5,2,2,Needs Attention
CUST004142,479,1,571.39,1,1,2,Lost
CUST004143,183,1,478.77,3,1,2,Needs Attention
CUST004144,235,2,529.12,2,2,2,Lost
CUST004145,194,1,444.09,3,1,2,Needs Attention
CUST004146,8,5,2447.5699999999997,5,4,4,Champion
CUST004147,82,2,190.12,4,2,1,Needs Attention
CUST004148,99,2,1003.39,4,2,3,Needs Attention
CUST004150,217,5,2066.14,2,4,4,At Risk
CUST004152,829,2,1052.0,1,2,3,Lost
CUST004153,60,1,678.68,4,1,2,Needs Attention
CUST004154,814,1,90.2,1,1,1,Lost
CUST004157,964,1,319.52,1,1,1,Lost
CUST004158,135,2,861.23,3,2,2,Needs Attention
CUST004159,257,2,494.88,2,2,2,Lost
CUST004163,33,11,5068.74,5,5,5,Champion
CUST004165,386,1,635.71,2,1,2,Lost
CUST004166,355,3,484.57,2,3,2,At Risk
CUST004169,227,1,910.02,2,1,3,Lost
CUST004170,22,2,3233.78,5,2,5,Needs Attention
CUST004171,257,1,1694.52,2,1,4,Lost
CUST004172,65,2,320.73,4,2,1,Needs Attention
CUST004173,61,7,3509.91,4,5,5,Champion
CUST004174,2,9,4762.97,5,5,5,Champion
CUST004176,30,2,1798.4899999999998,5,2,4,Needs Attention
CUST004177,396,1,344.6,1,1,1,Lost
CUST004178,474,2,616.42,1,2,2,Lost
CUST004180,15,10,7297.43,5,5,5,Champion
CUST004181,192,1,838.32,3,1,2,Needs Attention
CUST004182,167,1,243.07,3,1,1,Needs Attention
CUST004183,131,4,1745.03,3,4,4,Loyal Customer
CUST004184,390,1,239.45,2,1,1,Lost
CUST004188,86,10,6496.22,4,5,5,Champion
CUST004189,222,7,2143.76,2,5,4,At Risk
CUST004191,64,5,3432.69,4,4,5,Champion
CUST004193,323,2,974.3399999999999,2,2,3,Lost
CUST004195,222,2,668.56,2,2,2,Lost
CUST004200,26,14,10581.67,5,5,5,Champion
CUST004201,3,14,8562.83,5,5,5,Champion
CUST004202,111,1,584.65,3,1,2,Needs Attention
CUST004203,154,1,392.11,3,1,1,Needs Attention
CUST004204,88,1,207.47,4,1,1,Needs Attention
CUST004205,11,1,283.28,5,1,1,Needs Attention
CUST004206,99,1,768.02,4,1,2,Needs Attention
CUST004210,568,2,1518.8,1,2,3,Lost
CUST004211,524,1,541.27,1,1,2,Lost
CUST004212,893,1,1133.52,1,1,3,Lost
CUST004213,192,2,1706.84,3,2,4,Needs Attention
CUST004216,348,1,208.53,2,1,1,Lost
CUST004217,216,2,1195.69,2,2,3,Lost
CUST004219,602,1,574.35,1,1,2,Lost
CUST004220,242,1,516.96,2,1,2,Lost
CUST004222,379,1,414.58,2,1,1,Lost
CUST004223,1077,1,322.8,1,1,1,Lost
CUST004224,313,1,899.71,2,1,3,Lost
CUST004225,23,5,3316.36,5,4,5,Champion
CUST004228,673,1,280.51,1,1,1,Lost
CUST004231,208,1,1643.89,2,1,4,Lost
CUST004232,8,4,1278.95,5,4,3,Loyal Customer
CUST004233,421,1,1140.23,1,1,3,Lost
CUST004234,335,1,1585.04,2,1,4,Lost
CUST004235,71,4,2120.97,4,4,4,Champion
CUST004236,10,3,1973.7800000000002,5,3,4,Loyal Customer
CUST004239,63,3,2628.87,4,3,4,Loyal Customer
CUST004240,572,1,910.32,1,1,3,Lost
CUST004242,96,4,3325.91,4,4,5,Champion
CUST004244,253,2,1409.31,2,2,3,Lost
CUST004245,533,1,410.76,1,1,1,Lost
CUST004246,245,1,231.65,2,1,1,Lost
CUST004248,666,1,363.7,1,1,1,Lost
CUST004249,98,2,766.28,4,2,2,Needs Attention
CUST004250,582,1,366.7,1,1,1,Lost
CUST004251,12,1,103.18,5,1,1,Needs Attention
CUST004253,283,1,660.17,2,1,2,Lost
CUST004256,368,1,538.49,2,1,2,Lost
CUST004260,5,1,458.9,5,1,2,Needs Attention
CUST004261,16,22,14249.48,5,5,5,Champion
CUST004262,543,2,626.92,1,2,2,Lost
CUST004264,591,1,420.24,1,1,1,Lost
CUST004265,174,5,2018.43,3,4,4,Loyal Customer
CUST004266,792,1,22.96,1,1,1,Lost
CUST004268,10,1,204.97,5,1,1,Needs Attention
CUST004269,355,3,2869.59,2,3,4,At Risk
CUST004270,359,1,537.36,2,1,2,Lost
CUST004271,327,1,304.97,2,1,1,Lost
CUST004272,227,1,74.83,2,1,1,Lost
CUST004273,384,3,1417.1399999999999,2,3,3,At Risk
CUST004274,191,5,879.39,3,4,3,Loyal Customer
CUST004276,387,2,385.83000000000004,2,2,1,Lost
CUST004277,228,2,1643.58,2,2,4,Lost
CUST004279,30,4,2593.1,5,4,4,Champion
CUST004280,803,2,213.18,1,2,1,Lost
CUST004281,546,1,1392.8,1,1,3,Lost
CUST004283,2,14,7700.599999999999,5,5,5,Champion
CUST004284,55,10,6983.15,4,5,5,Champion
CUST004285,563,1,1433.11,1,1,3,Lost
CUST004287,524,1,189.7,1,1,1,Lost
CUST004288,274,2,2032.6100000000001,2,2,4,Lost
CUST004289,10,7,5002.7,5,5,5,Champion
CUST004290,248,2,251.85000000000002,2,2,1,Lost
CUST004292,673,1,171.62,1,1,1,Lost
CUST004293,196,1,513.48,3,1,2,Needs Attention
CUST004294,820,2,1696.72,1,2,4,Lost
CUST004296,40,2,924.03,4,2,3,Needs Attention
CUST004298,175,4,2705.73,3,4,4,Loyal Customer
CUST004299,258,5,1913.23,2,4,4,At Risk
CUST004301,72,1,938.27,4,1,3,Needs Attention
CUST004304,16,8,3868.74,5,5,5,Champion
CUST004305,941,1,160.2,1,1,1,Lost
CUST004306,127,2,1151.43,3,2,3,Needs Attention
CUST004307,145,3,928.8299999999999,3,3,3,Loyal Customer
CUST004308,187,2,1463.71,3,2,3,Needs Attention
CUST004311,34,1,110.62,5,1,1,Needs Attention
CUST004312,139,2,893.02,3,2,3,Needs Attention
CUST004314,97,8,5255.39,4,5,5,Champion
CUST004316,80,3,406.75,4,3,1,Loyal Customer
CUST004318,94,2,1117.27,4,2,3,Needs Attention
CUST004319,209,1,603.5,2,1,2,Lost
CUST004320,48,3,2083.4700000000003,4,3,4,Loyal Customer
CUST004321,290,2,841.3000000000001,2,2,2,Lost
CUST004322,52,1,322.28,4,1,1,Needs Attention
CUST004323,84,1,186.01,4,1,1,Needs Attention
CUST004324,87,3,985.78,4,3,3,Loyal Customer
CUST004325,58,6,3545.8900000000003,4,5,5,Champion
CUST004326,80,6,4957.46,4,5,5,Champion
CUST004327,88,3,1878.6100000000001,4,3,4,Loyal Customer
CUST004329,124,5,3321.06,3,4,5,Loyal Customer
CUST004330,42,8,2952.1800000000003,4,5,5,Champion
CUST004331,281,2,1546.44,2,2,3,Lost
CUST004332,36,1,489.3,5,1,2,Needs Attention
CUST004334,766,1,600.06,1,1,2,Lost
CUST004336,910,1,594.3,1,1,2,Lost
CUST004337,190,1,1373.93,3,1,3,Needs Attention
CUST004338,338,1,539.96,2,1,2,Lost
CUST004340,70,1,534.99,4,1,2,Needs Attention
CUST004342,16,1,342.75,5,1,1,Needs Attention
CUST004343,145,5,2554.12,3,4,4,Loyal Customer
CUST004345,137,1,1460.92,3,1,3,Needs Attention
CUST004346,98,7,3750.3999999999996,4,5,5,Champion
CUST004347,103,1,1057.49,3,1,3,Needs Attention
CUST004349,153,2,444.71000000000004,3,2,2,Needs Attention
CUST004350,101,3,787.0600000000001,4,3,2,Loyal Customer
CUST004351,97,8,5332.13,4,5,5,Champion
CUST004353,10,2,337.75,5,2,1,Needs Attention
CUST004354,72,3,2089.49,4,3,4,Loyal Customer
CUST004356,739,1,126.9,1,1,1,Lost
CUST004362,2,27,15356.13,5,5,5,Champion
CUST004366,91,2,699.24,4,2,2,Needs Attention
CUST004367,15,7,5609.55,5,5,5,Champion
CUST004368,196,2,980.54,3,2,3,Needs Attention
CUST004369,145,7,4461.67,3,5,5,Loyal Customer
CUST004370,317,4,3041.89,2,4,5,At Risk
CUST004371,75,4,4259.6,4,4,5,Champion
CUST004376,33,1,1404.42,5,1,3,Needs Attention
CUST004378,112,2,1406.39,3,2,3,Needs Attention
CUST004379,43,3,1226.34,4,3,3,Loyal Customer
CUST004382,293,1,159.82,2,1,1,Lost
CUST004384,47,12,6201.58,4,5,5,Champion
CUST004385,24,4,1854.16,5,4,4,Champion
CUST004386,27,1,301.4,5,1,1,Needs Attention
CUST004387,47,1,597.31,4,1,2,Needs Attention
CUST004388,4,5,1907.3200000000002,5,4,4,Champion
CUST004389,219,1,96.43,2,1,1,Lost
CUST004390,377,1,609.22,2,1,2,Lost
CUST004391,391,1,405.72,2,1,1,Lost
CUST004392,72,1,252.29,4,1,1,Needs Attention
CUST004393,82,1,560.46,4,1,2,Needs Attention
CUST004394,284,8,3370.14,2,5,5,At Risk
CUST004396,373,2,592.53,2,2,2,Lost
CUST004398,6,4,1747.34,5,4,4,Champion
CUST004399,190,2,1463.1000000000001,3,2,3,Needs Attention
CUST004400,48,1,460.51,4,1,2,Needs Attention
CUST004401,603,2,622.13,1,2,2,Lost
CUST004402,164,1,295.69,3,1,1,Needs Attention
CUST004404,119,5,2509.9,3,4,4,Loyal Customer
CUST004405,504,2,799.7,1,2,2,Lost
CUST004406,886,1,1502.52,1,1,3,Lost
CUST004407,12,1,359.77,5,1,1,Needs Attention
CUST004408,354,1,558.66,2,1,2,Lost
CUST004409,489,1,869.85,1,1,2,Lost
CUST004410,607,1,357.29,1,1,1,Lost
CUST004412,76,7,3471.08,4,5,5,Champion
CUST004415,31,1,218.22,5,1,1,Needs Attention
CUST004416,316,1,2209.33,2,1,4,Lost
CUST004423,83,7,4132.53,4,5,5,Champion
CUST004425,436,1,662.73,1,1,2,Lost
CUST004426,30,1,3007.32,5,1,5,Needs Attention
CUST004428,37,4,2298.25,5,4,4,Champion
CUST004431,386,4,1424.6100000000001,2,4,3,At Risk
CUST004433,48,2,651.83,4,2,2,Needs Attention
CUST004434,1023,1,371.26,1,1,1,Lost
CUST004437,100,8,5338.47,4,5,5,Champion
CUST004438,437,1,152.75,1,1,1,Lost
CUST004439,203,1,425.62,3,1,1,Needs Attention
CUST004440,101,3,2547.1099999999997,4,3,4,Loyal Customer
CUST004441,287,3,3708.9900000000002,2,3,5,At Risk
CUST004442,181,1,1905.14,3,1,4,Needs Attention
CUST004443,74,4,2255.49,4,4,4,Champion
CUST004444,653,1,191.38,1,1,1,Lost
CUST004445,802,1,129.88,1,1,1,Lost
CUST004446,412,1,99.18,1,1,1,Lost
CUST004447,15,5,3059.3,5,4,5,Champion
CUST004449,3,3,1909.07,5,3,4,Loyal Customer
CUST004450,188,4,1802.34,3,4,4,Loyal Customer
CUST004452,20,12,7918.67,5,5,5,Champion
CUST004453,456,1,570.56,1,1,2,Lost
CUST004454,379,2,745.38,2,2,2,Lost
CUST004456,880,1,261.56,1,1,1,Lost
CUST004459,271,2,806.8800000000001,2,2,2,Lost
CUST004460,14,4,2831.19,5,4,4,Champion
CUST004461,676,1,78.0,1,1,1,Lost
CUST004464,313,1,1632.5,2,1,4,Lost
CUST004465,417,1,242.5,1,1,1,Lost
CUST004466,14,20,11446.53,5,5,5,Champion
CUST004467,13,5,2299.8,5,4,4,Champion
CUST004468,302,3,1106.47,2,3,3,At Risk
CUST004470,87,3,1176.57,4,3,3,Loyal Customer
CUST004472,654,1,361.7,1,1,1,Lost
CUST004475,676,1,953.42,1,1,3,Lost
CUST004479,517,1,301.4,1,1,1,Lost
CUST004480,77,8,3916.84,4,5,5,Champion
CUST004481,305,2,738.0,2,2,2,Lost
CUST004482,52,4,2423.17,4,4,4,Champion
CUST004485,340,2,1322.24,2,2,3,Lost
CUST004486,50,12,5848.97,4,5,5,Champion
CUST004488,118,3,881.05,3,3,3,Loyal Customer
CUST004491,62,6,1299.84,4,5,3,Loyal Customer
CUST004494,343,1,487.47,2,1,2,Lost
CUST004495,66,2,324.78999999999996,4,2,1,Needs Attention
CUST004497,8,3,1442.28,5,3,3,Loyal Customer
CUST004498,57,4,2994.3500000000004,4,4,5,Champion
CUST004500,25,4,4367.66,5,4,5,Champion
CUST004501,191,1,923.07,3,1,3,Needs Attention
CUST004502,461,1,1134.02,1,1,3,Lost
CUST004503,956,1,103.18,1,1,1,Lost
CUST004504,14,2,729.01,5,2,2,Needs Attention
CUST004505,133,4,2711.81,3,4,4,Loyal Customer
CUST004506,123,4,1209.6,3,4,3,Loyal Customer
CUST004507,452,1,651.13,1,1,2,Lost
CUST004508,25,3,2693.54,5,3,4,Loyal Customer
CUST004509,957,1,120.67,1,1,1,Lost
CUST004510,431,1,988.02,1,1,3,Lost
CUST004513,563,2,589.79,1,2,2,Lost
CUST004514,593,1,675.76,1,1,2,Lost
CUST004515,342,3,1430.0600000000002,2,3,3,At Risk
CUST004518,41,4,2430.59,4,4,4,Champion
CUST004519,64,5,3541.81,4,4,5,Champion
CUST004520,46,5,1709.45,4,4,4,Champion
CUST004521,20,4,2607.91,5,4,4,Champion
CUST004523,49,9,6641.81,4,5,5,Champion
CUST004524,527,2,3278.8199999999997,1,2,5,Lost
CUST004525,133,7,4154.1,3,5,5,Loyal Customer
CUST004527,48,8,5339.1,4,5,5,Champion
CUST004528,583,1,333.84,1,1,1,Lost
CUST004529,283,1,1065.53,2,1,3,Lost
CUST004531,18,1,52.71,5,1,1,Needs Attention
CUST004532,236,2,1586.16,2,2,4,Lost
CUST004533,10,20,9025.89,5,5,5,Champion
CUST004534,583,1,609.22,1,1,2,Lost
CUST004536,255,1,464.45,2,1,2,Lost
CUST004538,15,1,1374.95,5,1,3,Needs Attention
CUST004539,466,3,1357.98,1,3,3,At Risk
CUST004543,237,1,1776.04,2,1,4,Lost
CUST004544,74,1,403.76,4,1,1,Needs Attention
CUST004546,287,1,199.13,2,1,1,Lost
CUST004547,206,3,1033.47,2,3,3,At Risk
CUST004548,66,1,181.35,4,1,1,Needs Attention
CUST004550,421,4,3294.69,1,4,5,At Risk
CUST004551,71,12,9027.01,4,5,5,Champion
CUST004555,5,14,8440.76,5,5,5,Champion
CUST004556,11,3,3190.8,5,3,5,Loyal Customer
CUST004558,483,1,636.08,1,1,2,Lost
CUST004559,16,10,4787.29,5,5,5,Champion
CUST004560,237,3,2843.49,2,3,4,At Risk
CUST004561,126,2,1751.23,3,2,4,Needs Attention
CUST004563,277,1,180.24,2,1,1,Lost
CUST004566,17,4,1188.2,5,4,3,Loyal Customer
CUST004568,228,2,1596.04,2,2,4,Lost
CUST004569,5,4,2591.73,5,4,4,Champion
CUST004571,25,3,1434.77,5,3,3,Loyal Customer
CUST004572,28,1,340.96,5,1,1,Needs Attention
CUST004573,44,8,5008.360000000001,4,5,5,Champion
CUST004574,19,3,1600.47,5,3,4,Loyal Customer
CUST004575,19,3,3043.94,5,3,5,Loyal Customer
CUST004578,70,7,2784.16,4,5,4,Champion
CUST004580,140,2,1818.13,3,2,4,Needs Attention
CUST004583,219,1,573.35,2,1,2,Lost
CUST004584,526,1,387.64,1,1,1,Lost
CUST004585,45,24,12834.08,4,5,5,Champion
CUST004586,136,2,1047.81,3,2,3,Needs Attention
CUST004588,432,1,60.09,1,1,1,Lost
CUST004589,192,2,518.52,3,2,2,Needs Attention
CUST004590,160,5,2459.84,3,4,4,Loyal Customer
CUST004591,73,6,2539.6400000000003,4,5,4,Champion
CUST004593,71,1,323.34,4,1,1,Needs Attention
CUST004594,312,2,1001.22,2,2,3,Lost
CUST004595,53,22,15146.46,4,5,5,Champion
CUST004596,380,1,169.22,2,1,1,Lost
CUST004597,54,6,4781.15,4,5,5,Champion
CUST004598,204,3,1649.5,2,3,4,At Risk
CUST004599,253,1,191.38,2,1,1,Lost
CUST004600,15,6,2605.38,5,5,4,Champion
CUST004601,50,2,568.75,4,2,2,Needs Attention
CUST004602,204,1,213.28,2,1,1,Lost
CUST004603,13,7,3614.7799999999997,5,5,5,Champion
CUST004605,123,1,38.69,3,1,1,Needs Attention
CUST004606,592,2,760.12,1,2,2,Lost
CUST004607,70,3,3165.21,4,3,5,Loyal Customer
CUST004608,216,7,5372.85,2,5,5,At Risk
CUST004609,163,10,4792.96,3,5,5,Loyal Customer
CUST004610,228,1,65.19,2,1,1,Lost
CUST004612,174,2,876.58,3,2,3,Needs Attention
CUST004613,756,1,609.3,1,1,2,Lost
CUST004616,407,2,909.68,1,2,3,Lost
CUST004617,41,1,1943.1,4,1,4,Needs Attention
CUST004618,8,3,1229.35,5,3,3,Loyal Customer
CUST004621,434,2,2175.8,1,2,4,Lost
CUST004624,9,6,3076.31,5,5,5,Champion
CUST004625,105,8,5450.92,3,5,5,Loyal Customer
CUST004627,85,5,3308.4300000000003,4,4,5,Champion
CUST004628,445,1,459.09,1,1,2,Lost
CUST004633,87,3,865.5300000000001,4,3,2,Loyal Customer
CUST004635,420,2,2033.42,1,2,4,Lost
CUST004636,130,3,1167.35,3,3,3,Loyal Customer
CUST004638,325,1,344.6,2,1,1,Lost
CUST004641,94,5,1753.9499999999998,4,4,4,Champion
CUST004645,830,1,560.02,1,1,2,Lost
CUST004647,120,3,2696.68,3,3,4,Loyal Customer
CUST004651,85,4,2396.81,4,4,4,Champion
CUST004652,152,7,6288.5,3,5,5,Loyal Customer
CUST004653,524,2,1633.18,1,2,4,Lost
CUST004661,101,8,2750.56,4,5,4,Champion
CUST004663,114,2,1427.08,3,2,3,Needs Attention
CUST004664,5,5,1750.03,5,4,4,Champion
CUST004666,281,7,5283.95,2,5,5,At Risk
CUST004668,32,16,6271.0,5,5,5,Champion
CUST004669,75,16,7391.5,4,5,5,Champion
CUST004671,127,4,1865.39,3,4,4,Loyal Customer
CUST004672,325,1,244.44,2,1,1,Lost
CUST004675,571,1,320.4,1,1,1,Lost
CUST004677,356,1,668.7,2,1,2,Lost
CUST004678,59,4,2180.9700000000003,4,4,4,Champion
CUST004680,84,12,7766.85,4,5,5,Champion
CUST004683,54,4,2432.61,4,4,4,Champion
CUST004684,253,4,3669.8999999999996,2,4,5,At Risk
CUST004685,38,3,2727.7200000000003,5,3,4,Loyal Customer
CUST004686,296,1,457.84,2,1,2,Lost
CUST004689,199,1,897.57,3,1,3,Needs Attention
CUST004690,45,1,246.89,4,1,1,Needs Attention
CUST004692,3,2,539.3100000000001,5,2,2,Needs Attention
CUST004693,250,4,961.97,2,4,3,At Risk
CUST004694,7,3,3734.41,5,3,5,Loyal Customer
CUST004695,14,2,374.07,5,2,1,Needs Attention
CUST004696,295,5,2545.77,2,4,4,At Risk
CUST004699,66,5,2137.13,4,4,4,Champion
CUST004700,870,1,284.13,1,1,1,Lost
CUST004701,257,2,1201.98,2,2,3,Lost
CUST004703,50,6,3224.39,4,5,5,Champion
CUST004705,49,4,3239.13,4,4,5,Champion
CUST004706,241,2,641.74,2,2,2,Lost
CUST004708,672,1,85.29,1,1,1,Lost
CUST004710,189,2,778.11,3,2,2,Needs Attention
CUST004711,15,9,5436.12,5,5,5,Champion
CUST004712,391,1,2589.67,2,1,4,Lost
CUST004713,77,2,1739.19,4,2,4,Needs Attention
CUST004714,28,4,1263.97,5,4,3,Loyal Customer
CUST004715,71,3,1685.5,4,3,4,Loyal Customer
CUST004717,17,20,9861.09,5,5,5,Champion
CUST004720,92,3,1112.6399999999999,4,3,3,Loyal Customer
CUST004722,313,3,2634.85,2,3,4,At Risk
CUST004723,899,1,781.11,1,1,2,Lost
CUST004726,64,12,7236.91,4,5,5,Champion
CUST004727,129,5,1242.41,3,4,3,Loyal Customer
CUST004732,40,5,2404.31,4,4,4,Champion
CUST004733,54,12,5265.02,4,5,5,Champion
CUST004734,856,1,255.58,1,1,1,Lost
CUST004735,67,1,146.19,4,1,1,Needs Attention
CUST004737,428,1,132.66,1,1,1,Lost
CUST004738,350,2,3620.91,2,2,5,Lost
CUST004739,437,2,914.51,1,2,3,Lost
CUST004740,31,5,4663.04,5,4,5,Champion
CUST004741,143,2,1244.25,3,2,3,Needs Attention
CUST004744,16,7,2917.79,5,5,5,Champion
CUST004745,366,3,824.4300000000001,2,3,2,At Risk
CUST004747,275,4,2387.77,2,4,4,At Risk
CUST004748,439,1,469.77,1,1,2,Lost
CUST004751,34,3,1555.92,5,3,3,Loyal Customer
CUST004752,484,1,39.39,1,1,1,Lost
CUST004753,164,1,429.93,3,1,1,Needs Attention
CUST004754,46,2,739.37,4,2,2,Needs Attention
CUST004755,166,2,961.12,3,2,3,Needs Attention
CUST004756,901,1,350.5,1,1,1,Lost
CUST004757,6,3,1565.06,5,3,4,Loyal Customer
CUST004758,24,2,858.2,5,2,2,Needs Attention
CUST004760,509,1,1652.14,1,1,4,Lost
CUST004764,30,2,597.98,5,2,2,Needs Attention
CUST004765,18,5,2597.46,5,4,4,Champion
CUST004767,77,2,2562.0299999999997,4,2,4,Needs Attention
CUST004768,641,2,1146.69,1,2,3,Lost
CUST004770,62,2,894.3,4,2,3,Needs Attention
CUST004771,307,1,560.1,2,1,2,Lost
CUST004772,64,5,3818.74,4,4,5,Champion
CUST004775,33,1,286.26,5,1,1,Needs Attention
CUST004779,491,1,368.32,1,1,1,Lost
CUST004780,52,5,1914.6,4,4,4,Champion
CUST004781,9,1,614.17,5,1,2,Needs Attention
CUST004784,483,1,295.47,1,1,1,Lost
CUST004785,994,1,1643.46,1,1,4,Lost
CUST004788,337,3,883.1400000000001,2,3,3,At Risk
CUST004790,765,1,231.12,1,1,1,Lost
CUST004791,248,2,2604.75,2,2,4,Lost
CUST004794,366,1,679.07,2,1,2,Lost
CUST004795,505,1,1626.01,1,1,4,Lost
CUST004797,154,2,1084.54,3,2,3,Needs Attention
CUST004798,472,4,4270.12,1,4,5,At Risk
CUST004799,206,2,878.4100000000001,2,2,3,Lost
CUST004802,61,2,1628.0,4,2,4,Needs Attention
CUST004803,1,17,8998.5,5,5,5,Champion
CUST004804,545,1,312.0,1,1,1,Lost
CUST004805,510,1,571.14,1,1,2,Lost
CUST004807,212,2,942.89,2,2,3,Lost
CUST004809,30,2,572.99,5,2,2,Needs Attention
CUST004811,117,6,4733.18,3,5,5,Loyal Customer
CUST004812,76,10,7392.9,4,5,5,Champion
CUST004813,49,3,1437.8,4,3,3,Loyal Customer
CUST004814,290,2,2041.9700000000003,2,2,4,Lost
CUST004815,220,4,2726.59,2,4,4,At Risk
CUST004816,165,3,597.45,3,3,2,Loyal Customer
CUST004817,94,10,3886.8,4,5,5,Champion
CUST004818,359,3,2707.53,2,3,4,At Risk
CUST004821,79,3,1632.6,4,3,4,Loyal Customer
CUST004823,683,1,243.07,1,1,1,Lost
CUST004826,128,7,4233.65,3,5,5,Loyal Customer
CUST004827,282,2,1390.19,2,2,3,Lost
CUST004829,8,27,17823.71,5,5,5,Champion
CUST004830,183,2,228.5,3,2,1,Needs Attention
CUST004831,46,5,2294.78,4,4,4,Champion
CUST004832,519,2,319.51,1,2,1,Lost
CUST004833,239,2,1099.19,2,2,3,Lost
CUST004834,552,1,1814.43,1,1,4,Lost
CUST004837,49,12,7513.3,4,5,5,Champion
CUST004839,562,1,594.28,1,1,2,Lost
CUST004840,88,7,3250.48,4,5,5,Champion
CUST004841,162,1,949.34,3,1,3,Needs Attention
CUST004843,616,1,614.25,1,1,2,Lost
CUST004844,70,1,205.13,4,1,1,Needs Attention
CUST004846,85,9,4416.66,4,5,5,Champion
CUST004847,104,1,1032.56,3,1,3,Needs Attention
CUST004849,54,3,2798.68,4,3,4,Loyal Customer
CUST004850,223,1,321.12,2,1,1,Lost
CUST004852,263,1,142.95,2,1,1,Lost
CUST004853,322,3,2277.5299999999997,2,3,4,At Risk
CUST004855,754,1,782.49,1,1,2,Lost
CUST004856,62,4,1180.82,4,4,3,Loyal Customer
CUST004857,806,1,33.98,1,1,1,Lost
CUST004859,38,6,3890.4799999999996,5,5,5,Champion
CUST004861,31,2,499.46,5,2,2,Needs Attention
CUST004865,7,9,3419.76,5,5,5,Champion
CUST004866,523,1,372.04,1,1,1,Lost
CUST004867,265,2,406.19,2,2,1,Lost
CUST004873,83,1,284.2,4,1,1,Needs Attention
CUST004874,333,4,3066.0600000000004,2,4,5,At Risk
CUST004876,13,11,7225.96,5,5,5,Champion
CUST004878,7,2,525.65,5,2,2,Needs Attention
CUST004879,196,5,2388.74,3,4,4,Loyal Customer
CUST004880,141,6,5984.45,3,5,5,Loyal Customer
CUST004882,217,1,265.39,2,1,1,Lost
CUST004884,161,1,862.74,3,1,2,Needs Attention
CUST004885,61,3,1845.9499999999998,4,3,4,Loyal Customer
CUST004891,61,3,802.61,4,3,2,Loyal Customer
CUST004893,309,2,562.69,2,2,2,Lost
CUST004894,755,1,222.29,1,1,1,Lost
CUST004895,464,1,484.68,1,1,2,Lost
CUST004896,211,3,2032.32,2,3,4,At Risk
CUST004899,35,2,832.69,5,2,2,Needs Attention
CUST004900,31,6,3368.1000000000004,5,5,5,Champion
CUST004901,4,8,3199.6,5,5,5,Champion
CUST004902,26,1,775.51,5,1,2,Needs Attention
CUST004905,55,1,728.9,4,1,2,Needs Attention
CUST004906,181,2,789.37,3,2,2,Needs Attention
CUST004907,800,1,927.38,1,1,3,Lost
CUST004909,157,1,1083.9,3,1,3,Needs Attention
CUST004910,996,1,207.12,1,1,1,Lost
CUST004911,72,3,1283.51,4,3,3,Loyal Customer
CUST004913,397,3,1595.73,1,3,4,At Risk
CUST004917,28,4,1542.3,5,4,3,Loyal Customer
CUST004919,548,1,124.12,1,1,1,Lost
CUST004920,137,2,1513.35,3,2,3,Needs Attention
CUST004921,129,1,502.94,3,1,2,Needs Attention
CUST004923,151,3,1238.23,3,3,3,Loyal Customer
CUST004926,462,1,283.28,1,1,1,Lost
CUST004927,6,1,424.28,5,1,1,Needs Attention
CUST004929,140,1,566.51,3,1,2,Needs Attention
CUST004930,310,1,434.4,2,1,1,Lost
CUST004932,44,9,5485.79,4,5,5,Champion
CUST004933,21,6,1901.38,5,5,4,Champion
CUST004935,49,1,1101.1,4,1,3,Needs Attention
CUST004936,121,2,199.28,3,2,1,Needs Attention
CUST004937,243,3,1308.51,2,3,3,At Risk
CUST004940,1,10,3415.38,5,5,5,Champion
CUST004941,20,9,3838.88,5,5,5,Champion
CUST004942,181,1,71.88,3,1,1,Needs Attention
CUST004943,40,3,898.08,4,3,3,Loyal Customer
CUST004944,47,1,560.96,4,1,2,Needs Attention
CUST004946,82,2,448.96000000000004,4,2,2,Needs Attention
CUST004948,218,2,1114.12,2,2,3,Lost
CUST004949,29,20,9919.44,5,5,5,Champion
CUST004950,736,1,1243.1,1,1,3,Lost
CUST004951,15,5,2507.73,5,4,4,Champion
CUST004952,276,1,1477.1,2,1,3,Lost
CUST004953,117,1,480.0,3,1,2,Needs Attention
CUST004955,792,1,65.79,1,1,1,Lost
CUST004956,707,1,201.24,1,1,1,Lost
CUST004957,46,5,3037.36,4,4,5,Champion
CUST004958,79,1,1478.94,4,1,3,Needs Attention
CUST004960,567,1,797.01,1,1,2,Lost
CUST004965,106,4,1619.02,3,4,4,Loyal Customer
CUST004966,136,1,107.31,3,1,1,Needs Attention
CUST004967,4,2,780.79,5,2,2,Needs Attention
CUST004971,85,9,4548.67,4,5,5,Champion
CUST004973,43,3,1381.88,4,3,3,Loyal Customer
CUST004974,20,2,508.53,5,2,2,Needs Attention
CUST004975,297,2,807.04,2,2,2,Lost
CUST004977,139,1,492.49,3,1,2,Needs Attention
CUST004978,60,4,3445.44,4,4,5,Champion
CUST004979,1,15,7667.43,5,5,5,Champion
CUST004981,41,2,797.75,4,2,2,Needs Attention
CUST004983,195,2,2498.5299999999997,3,2,4,Needs Attention
CUST004985,500,1,682.53,1,1,2,Lost
CUST004986,104,7,4019.35,3,5,5,Loyal Customer
CUST004989,67,8,3828.51,4,5,5,Champion
CUST004990,52,16,11665.699999999999,4,5,5,Champion
CUST004992,277,1,383.22,2,1,1,Lost
CUST004993,74,3,1326.04,4,3,3,Loyal Customer
CUST004994,92,1,1044.12,4,1,3,Needs Attention
CUST004995,27,3,880.86,5,3,3,Loyal Customer
CUST004996,240,2,1202.5900000000001,2,2,3,Lost
CUST004997,6,5,1948.11,5,4,4,Champion
CUST004998,301,1,467.99,2,1,2,Lost
CUST005002,872,1,1027.03,1,1,3,Lost
CUST005004,96,1,1496.57,4,1,3,Needs Attention
CUST005005,117,1,252.0,3,1,1,Needs Attention
CUST005007,647,1,1411.33,1,1,3,Lost
CUST005009,81,5,3490.94,4,4,5,Champion
CUST005011,289,2,180.88,2,2,1,Lost
CUST005013,252,4,1465.72,2,4,3,At Risk
CUST005014,219,4,2090.08,2,4,4,At Risk
CUST005020,58,3,1094.26,4,3,3,Loyal Customer
CUST005022,52,38,19638.77,4,5,5,Champion
CUST005023,277,1,248.43,2,1,1,Lost
CUST005024,12,2,1645.72,5,2,4,Needs Attention
CUST005026,12,3,1911.64,5,3,4,Loyal Customer
CUST005027,57,2,630.5699999999999,4,2,2,Needs Attention
CUST005032,69,4,1888.9299999999998,4,4,4,Champion
CUST005034,63,2,709.5,4,2,2,Needs Attention
CUST005035,82,1,2206.98,4,1,4,Needs Attention
CUST005038,4,12,4805.96,5,5,5,Champion
CUST005039,8,2,1055.1,5,2,3,Needs Attention
CUST005041,147,1,1498.75,3,1,3,Needs Attention
CUST005042,47,6,2035.69,4,5,4,Champion
CUST005043,164,1,419.6,3,1,1,Needs Attention
CUST005046,90,7,2865.3599999999997,4,5,4,Champion
CUST005047,256,1,490.86,2,1,2,Lost
CUST005049,192,2,1410.94,3,2,3,Needs Attention
CUST005051,192,3,2278.05,3,3,4,Loyal Customer
CUST005053,38,14,9206.710000000001,5,5,5,Champion
CUST005055,776,1,1063.35,1,1,3,Lost
CUST005057,169,6,3588.7,3,5,5,Loyal Customer
CUST005059,63,3,1042.06,4,3,3,Loyal Customer
CUST005064,57,3,1420.7,4,3,3,Loyal Customer
CUST005065,139,6,3834.11,3,5,5,Loyal Customer
CUST005066,173,6,1764.68,3,5,4,Loyal Customer
CUST005067,67,3,1603.03,4,3,4,Loyal Customer
CUST005069,321,1,739.78,2,1,2,Lost
CUST005070,52,10,8911.5,4,5,5,Champion
CUST005071,235,1,250.82,2,1,1,Lost
CUST005072,201,3,1206.45,3,3,3,Loyal Customer
CUST005073,236,4,3874.57,2,4,5,At Risk
CUST005074,11,6,2059.48,5,5,4,Champion
CUST005075,87,8,5127.26,4,5,5,Champion
CUST005076,347,2,1265.6200000000001,2,2,3,Lost
CUST005077,23,5,3171.96,5,4,5,Champion
CUST005078,10,5,4852.4400000000005,5,4,5,Champion
CUST005080,109,9,3914.4,3,5,5,Loyal Customer
CUST005082,203,2,839.6800000000001,3,2,2,Needs Attention
CUST005083,85,4,1081.1200000000001,4,4,3,Loyal Customer
CUST005084,422,1,332.42,1,1,1,Lost
CUST005085,6,5,2619.59,5,4,4,Champion
CUST005086,19,2,1267.3400000000001,5,2,3,Needs Attention
CUST005087,537,2,2411.25,1,2,4,Lost
CUST005088,514,1,126.9,1,1,1,Lost
CUST005089,698,1,217.92,1,1,1,Lost
CUST005090,56,6,2099.07,4,5,4,Champion
CUST005092,108,1,304.61,3,1,1,Needs Attention
CUST005094,11,2,1149.1100000000001,5,2,3,Needs Attention
CUST005096,310,3,1410.74,2,3,3,At Risk
CUST005099,279,3,1656.18,2,3,4,At Risk
CUST005100,220,2,1152.25,2,2,3,Lost
CUST005101,8,1,192.72,5,1,1,Needs Attention
CUST005103,142,3,1532.8200000000002,3,3,3,Loyal Customer
CUST005104,16,4,2901.7,5,4,5,Champion
CUST005105,106,4,4218.16,3,4,5,Loyal Customer
CUST005106,284,1,28.19,2,1,1,Lost
CUST005107,615,1,1441.44,1,1,3,Lost
CUST005109,148,5,3456.88,3,4,5,Loyal Customer
CUST005110,3,14,8796.08,5,5,5,Champion
CUST005113,120,1,483.77,3,1,2,Needs Attention
CUST005114,544,1,703.48,1,1,2,Lost
CUST005116,505,2,2447.7999999999997,1,2,4,Lost
CUST005117,49,8,5462.82,4,5,5,Champion
CUST005118,41,13,6447.25,4,5,5,Champion
CUST005120,95,13,7387.81,4,5,5,Champion
CUST005121,269,4,1841.02,2,4,4,At Risk
CUST005123,647,1,1142.7,1,1,3,Lost
CUST005124,364,1,241.67,2,1,1,Lost
CUST005125,31,7,2731.71,5,5,4,Champion
CUST005128,46,2,2334.45,4,2,4,Needs Attention
CUST005129,55,15,11729.07,4,5,5,Champion
CUST005130,1,13,6462.43,5,5,5,Champion
CUST005133,21,7,4051.32,5,5,5,Champion
CUST005135,28,13,11660.23,5,5,5,Champion
CUST005136,125,9,4204.45,3,5,5,Loyal Customer
CUST005137,650,1,870.4,1,1,2,Lost
CUST005138,71,7,3412.96,4,5,5,Champion
CUST005140,152,3,852.38,3,3,2,Loyal Customer
CUST005141,335,3,1873.7599999999998,2,3,4,At Risk
CUST005142,15,8,3973.35,5,5,5,Champion
CUST005143,180,14,6290.719999999999,3,5,5,Loyal Customer
CUST005145,4,2,157.47,5,2,1,Needs Attention
CUST005146,181,3,812.9,3,3,2,Loyal Customer
CUST005147,131,3,898.2799999999999,3,3,3,Loyal Customer
CUST005148,509,2,1803.5500000000002,1,2,4,Lost
CUST005149,40,10,5682.53,4,5,5,Champion
CUST005150,252,2,507.09000000000003,2,2,2,Lost
CUST005151,495,1,266.72,1,1,1,Lost
CUST005153,336,1,535.95,2,1,2,Lost
CUST005154,292,1,422.31,2,1,1,Lost
CUST005155,85,3,2910.59,4,3,5,Loyal Customer
CUST005156,529,1,923.03,1,1,3,Lost
CUST005157,41,6,4547.2,4,5,5,Champion
CUST005160,636,1,614.07,1,1,2,Lost
CUST005161,191,3,690.07,3,3,2,Loyal Customer
CUST005162,5,12,6937.5,5,5,5,Champion
CUST005163,787,3,1644.06,1,3,4,At Risk
CUST005165,21,6,2524.19,5,5,4,Champion
CUST005166,6,78,37299.18,5,5,5,Champion
CUST005167,19,1,387.25,5,1,1,Needs Attention
CUST005169,134,1,188.5,3,1,1,Needs Attention
CUST005170,634,2,633.38,1,2,2,Lost
CUST005172,16,7,2893.08,5,5,4,Champion
CUST005173,473,1,124.98,1,1,1,Lost
CUST005174,438,1,291.36,1,1,1,Lost
CUST005175,306,1,163.51,2,1,1,Lost
CUST005176,43,2,2616.14,4,2,4,Needs Attention
CUST005179,56,3,2701.71,4,3,4,Loyal Customer
CUST005181,78,1,507.69,4,1,2,Needs Attention
CUST005182,28,1,1714.21,5,1,4,Needs Attention
CUST005186,12,7,2729.92,5,5,4,Champion
CUST005187,64,2,1352.23,4,2,3,Needs Attention
CUST005188,91,5,2065.67,4,4,4,Champion
CUST005190,425,2,965.1400000000001,1,2,3,Lost
CUST005193,123,5,3344.95,3,4,5,Loyal Customer
CUST005194,52,4,2002.46,4,4,4,Champion
CUST005195,9,37,22013.01,5,5,5,Champion
CUST005196,507,1,677.8,1,1,2,Lost
CUST005200,921,1,599.26,1,1,2,Lost
CUST005201,168,5,1857.63,3,4,4,Loyal Customer
CUST005202,23,2,1697.78,5,2,4,Needs Attention
CUST005203,12,3,1205.1299999999999,5,3,3,Loyal Customer
CUST005204,497,1,109.67,1,1,1,Lost
CUST005205,9,1,219.25,5,1,1,Needs Attention
CUST005206,243,1,417.39,2,1,1,Lost
CUST005207,669,1,123.53,1,1,1,Lost
CUST005208,676,1,546.22,1,1,2,Lost
CUST005209,16,29,15758.03,5,5,5,Champion
CUST005210,348,1,908.6,2,1,3,Lost
CUST005211,178,1,232.13,3,1,1,Needs Attention
CUST005212,370,1,1189.72,2,1,3,Lost
CUST005213,17,8,6572.76,5,5,5,Champion
CUST005215,163,3,3557.73,3,3,5,Loyal Customer
CUST005216,679,1,74.91,1,1,1,Lost
CUST005217,444,1,49.03,1,1,1,Lost
CUST005218,120,1,508.86,3,1,2,Needs Attention
CUST005219,83,1,782.49,4,1,2,Needs Attention
CUST005220,149,1,476.44,3,1,2,Needs Attention
CUST005222,332,2,2097.82,2,2,4,Lost
CUST005223,103,4,1510.04,3,4,3,Loyal Customer
CUST005224,32,2,591.5400000000001,5,2,2,Needs Attention
CUST005226,77,1,319.45,4,1,1,Needs Attention
CUST005227,77,3,1780.7199999999998,4,3,4,Loyal Customer
CUST005228,72,1,1436.92,4,1,3,Needs Attention
CUST005229,96,1,103.32,4,1,1,Needs Attention
CUST005234,90,10,5793.08,4,5,5,Champion
CUST005235,23,41,24721.58,5,5,5,Champion
CUST005236,467,1,2338.65,1,1,4,Lost
CUST005238,28,5,1311.42,5,4,3,Loyal Customer
CUST005239,23,12,5724.54,5,5,5,Champion
CUST005240,101,3,2716.98,4,3,4,Loyal Customer
CUST005241,213,2,768.4300000000001,2,2,2,Lost
CUST005242,449,1,622.82,1,1,2,Lost
CUST005244,38,8,5253.67,5,5,5,Champion
CUST005245,149,8,5181.91,3,5,5,Loyal Customer
CUST005248,393,1,343.98,1,1,1,Lost
CUST005249,1054,1,532.64,1,1,2,Lost
CUST005250,94,2,1005.39,4,2,3,Needs Attention
CUST005251,246,2,1274.31,2,2,3,Lost
CUST005252,105,1,1632.37,3,1,4,Needs Attention
CUST005254,66,1,65.27,4,1,1,Needs Attention
CUST005255,635,3,1923.13,1,3,4,At Risk
CUST005258,29,3,917.8000000000001,5,3,3,Loyal Customer
CUST005259,36,3,1256.88,5,3,3,Loyal Customer
CUST005261,95,2,1633.02,4,2,4,Needs Attention
CUST005262,431,2,598.1800000000001,1,2,2,Lost
CUST005263,182,1,418.28,3,1,1,Needs Attention
CUST005264,490,1,1114.54,1,1,3,Lost
CUST005267,127,4,2941.56,3,4,5,Loyal Customer
CUST005268,114,8,7055.27,3,5,5,Loyal Customer
CUST005270,619,1,1446.86,1,1,3,Lost
CUST005272,580,1,452.14,1,1,2,Lost
CUST005274,263,1,76.78,2,1,1,Lost
CUST005275,983,1,382.9,1,1,1,Lost
CUST005276,102,3,2917.42,3,3,5,Loyal Customer
CUST005277,418,4,2683.23,1,4,4,At Risk
CUST005279,83,5,1628.83,4,4,4,Champion
CUST005282,450,1,241.22,1,1,1,Lost
CUST005283,30,2,734.52,5,2,2,Needs Attention
CUST005285,164,1,566.56,3,1,2,Needs Attention
CUST005287,116,4,1500.56,3,4,3,Loyal Customer
CUST005288,642,2,1091.15,1,2,3,Lost
CUST005289,43,3,1116.3,4,3,3,Loyal Customer
CUST005290,145,7,5252.12,3,5,5,Loyal Customer
CUST005291,41,3,670.99,4,3,2,Loyal Customer
CUST005292,116,1,99.37,3,1,1,Needs Attention
CUST005294,511,2,1420.8400000000001,1,2,3,Lost
CUST005297,64,1,940.98,4,1,3,Needs Attention
CUST005298,107,3,1887.2199999999998,3,3,4,Loyal Customer
CUST005303,234,4,2747.56,2,4,4,At Risk
CUST005304,82,4,2071.96,4,4,4,Champion
CUST005305,185,1,1039.99,3,1,3,Needs Attention
CUST005306,85,4,2095.23,4,4,4,Champion
CUST005307,95,1,278.56,4,1,1,Needs Attention
CUST005308,49,3,2320.8199999999997,4,3,4,Loyal Customer
CUST005309,12,6,1846.92,5,5,4,Champion
CUST005310,1,22,10544.08,5,5,5,Champion
CUST005311,445,2,1665.81,1,2,4,Lost
CUST005312,18,12,8851.8,5,5,5,Champion
CUST005313,467,1,71.16,1,1,1,Lost
CUST005316,180,1,1079.47,3,1,3,Needs Attention
CUST005317,869,1,109.02,1,1,1,Lost
CUST005318,60,2,1005.96,4,2,3,Needs Attention
CUST005319,1,7,4776.28,5,5,5,Champion
CUST005320,47,1,487.18,4,1,2,Needs Attention
CUST005321,47,2,328.08000000000004,4,2,1,Needs Attention
CUST005323,8,10,5761.7699999999995,5,5,5,Champion
CUST005324,468,1,516.49,1,1,2,Lost
CUST005325,474,1,509.08,1,1,2,Lost
CUST005327,787,1,84.45,1,1,1,Lost
CUST005328,33,9,5791.200000000001,5,5,5,Champion
CUST005330,294,4,2027.4700000000003,2,4,4,At Risk
CUST005332,11,14,6417.4,5,5,5,Champion
CUST005333,11,17,11397.03,5,5,5,Champion
CUST005334,53,5,2638.75,4,4,4,Champion
CUST005335,520,1,139.13,1,1,1,Lost
CUST005336,761,2,503.99,1,2,2,Lost
CUST005337,92,1,197.83,4,1,1,Needs Attention
CUST005338,248,1,485.97,2,1,2,Lost
CUST005339,749,1,123.7,1,1,1,Lost
CUST005340,790,1,237.9,1,1,1,Lost
CUST005341,4,31,20200.8,5,5,5,Champion
CUST005343,14,6,1988.09,5,5,4,Champion
CUST005344,595,2,2329.34,1,2,4,Lost
CUST005345,598,1,296.11,1,1,1,Lost
CUST005347,14,44,26909.98,5,5,5,Champion
CUST005351,828,1,867.25,1,1,2,Lost
CUST005352,441,1,284.2,1,1,1,Lost
CUST005353,409,1,924.27,1,1,3,Lost
CUST005354,119,3,2465.95,3,3,4,Loyal Customer
CUST005355,230,3,1276.21,2,3,3,At Risk
CUST005356,394,1,226.07,1,1,1,Lost
CUST005357,8,12,7614.63,5,5,5,Champion
CUST005359,117,5,1423.6200000000001,3,4,3,Loyal Customer
CUST005360,206,1,326.03,2,1,1,Lost
CUST005361,551,1,2004.14,1,1,4,Lost
CUST005363,104,1,182.9,3,1,1,Needs Attention
CUST005364,7,12,6124.02,5,5,5,Champion
CUST005365,20,7,2922.27,5,5,5,Champion
CUST005366,82,6,3309.09,4,5,5,Champion
CUST005367,25,2,1362.16,5,2,3,Needs Attention
CUST005368,112,1,421.7,3,1,1,Needs Attention
CUST005369,21,5,4331.42,5,4,5,Champion
CUST005371,101,3,850.22,4,3,2,Loyal Customer
CUST005372,69,2,843.16,4,2,2,Needs Attention
CUST005373,61,2,839.3399999999999,4,2,2,Needs Attention
CUST005376,74,4,3453.5299999999997,4,4,5,Champion
CUST005377,699,1,571.14,1,1,2,Lost
CUST005378,174,2,596.86,3,2,2,Needs Attention
CUST005379,78,1,273.43,4,1,1,Needs Attention
CUST005380,20,1,247.0,5,1,1,Needs Attention
CUST005381,166,3,1425.0900000000001,3,3,3,Loyal Customer
CUST005383,367,1,1082.19,2,1,3,Lost
CUST005384,15,5,1584.81,5,4,4,Champion
CUST005385,87,3,1284.59,4,3,3,Loyal Customer
CUST005386,102,5,3344.91,3,4,5,Loyal Customer
CUST005387,222,1,41.68,2,1,1,Lost
CUST005388,170,1,900.98,3,1,3,Needs Attention
CUST005389,130,2,1338.48,3,2,3,Needs Attention
CUST005393,452,2,450.22,1,2,2,Lost
CUST005394,27,3,1825.82,5,3,4,Loyal Customer
CUST005395,22,4,1114.33,5,4,3,Loyal Customer
CUST005396,212,4,1711.18,2,4,4,At Risk
CUST005398,34,1,389.51,5,1,1,Needs Attention
CUST005400,404,2,1155.7,1,2,3,Lost
CUST005401,175,4,986.78,3,4,3,Loyal Customer
CUST005402,28,1,405.72,5,1,1,Needs Attention
CUST005403,17,16,7824.22,5,5,5,Champion
CUST005404,224,4,2320.33,2,4,4,At Risk
CUST005405,104,4,2056.3,3,4,4,Loyal Customer
CUST005406,25,1,521.57,5,1,2,Needs Attention
CUST005407,30,4,1522.05,5,4,3,Loyal Customer
CUST005408,3,43,26284.08,5,5,5,Champion
CUST005409,140,2,1347.53,3,2,3,Needs Attention
CUST005410,38,1,210.76,5,1,1,Needs Attention
CUST005411,150,2,561.5699999999999,3,2,2,Needs Attention
CUST005412,753,1,313.69,1,1,1,Lost
CUST005413,38,16,9948.66,5,5,5,Champion
CUST005414,1,5,3788.56,5,4,5,Champion
CUST005416,20,3,1712.0600000000002,5,3,4,Loyal Customer
CUST005417,90,2,1028.11,4,2,3,Needs Attention
CUST005419,56,1,196.98,4,1,1,Needs Attention
CUST005420,68,2,3357.2,4,2,5,Needs Attention
CUST005421,152,6,2315.94,3,5,4,Loyal Customer
CUST005422,698,1,787.36,1,1,2,Lost
CUST005423,5,2,1259.52,5,2,3,Needs Attention
CUST005424,461,1,293.54,1,1,1,Lost
CUST005426,644,1,405.04,1,1,1,Lost
CUST005429,106,2,1057.79,3,2,3,Needs Attention
CUST005430,57,2,1772.5,4,2,4,Needs Attention
CUST005431,515,2,494.20000000000005,1,2,2,Lost
CUST005432,65,4,3112.91,4,4,5,Champion
CUST005433,796,1,333.3,1,1,1,Lost
CUST005436,52,9,8218.439999999999,4,5,5,Champion
CUST005439,1,30,17495.56,5,5,5,Champion
CUST005440,336,3,511.71,2,3,2,At Risk
CUST005442,361,1,469.6,2,1,2,Lost
CUST005443,1,6,3852.43,5,5,5,Champion
CUST005444,9,7,8664.31,5,5,5,Champion
CUST005445,294,1,444.1,2,1,2,Lost
CUST005449,142,8,6275.71,3,5,5,Loyal Customer
CUST005450,3,1,1007.8,5,1,3,Needs Attention
CUST005452,91,6,3220.08,4,5,5,Champion
CUST005455,11,2,563.63,5,2,2,Needs Attention
CUST005456,333,1,603.77,2,1,2,Lost
CUST005457,46,2,1347.3000000000002,4,2,3,Needs Attention
CUST005460,379,1,319.97,2,1,1,Lost
CUST005461,95,3,1324.8600000000001,4,3,3,Loyal Customer
CUST005463,474,2,1729.57,1,2,4,Lost
CUST005464,41,2,137.95999999999998,4,2,1,Needs Attention
CUST005465,31,5,3596.3,5,4,5,Champion
CUST005466,483,1,289.19,1,1,1,Lost
CUST005468,196,1,128.04,3,1,1,Needs Attention
CUST005469,531,2,513.0600000000001,1,2,2,Lost
CUST005470,112,4,2981.8,3,4,5,Loyal Customer
CUST005471,99,6,3786.36,4,5,5,Champion
CUST005472,125,3,2272.59,3,3,4,Loyal Customer
CUST005473,56,1,231.19,4,1,1,Needs Attention
CUST005474,713,1,499.78,1,1,2,Lost
CUST005475,360,1,486.14,2,1,2,Lost
CUST005476,143,5,3105.31,3,4,5,Loyal Customer
CUST005477,18,5,2007.8999999999999,5,4,4,Champion
CUST005478,337,4,1773.9099999999999,2,4,4,At Risk
CUST005479,178,1,1019.64,3,1,3,Needs Attention
CUST005480,51,1,903.8,4,1,3,Needs Attention
CUST005482,167,2,339.88,3,2,1,Needs Attention
CUST005483,467,3,1268.3100000000002,1,3,3,At Risk
CUST005484,130,7,4369.79,3,5,5,Loyal Customer
CUST005485,30,6,4319.8099999999995,5,5,5,Champion
CUST005489,138,1,211.74,3,1,1,Needs Attention
CUST005492,112,4,2258.54,3,4,4,Loyal Customer
CUST005493,101,1,873.31,4,1,3,Needs Attention
CUST005495,985,1,877.33,1,1,3,Lost
CUST005496,37,5,2881.47,5,4,4,Champion
CUST005497,236,4,3984.2200000000003,2,4,5,At Risk
CUST005498,7,17,9427.32,5,5,5,Champion
CUST005499,46,1,825.74,4,1,2,Needs Attention
CUST005500,141,1,837.41,3,1,2,Needs Attention
CUST005501,76,5,2816.9700000000003,4,4,4,Champion
CUST005502,62,2,1634.17,4,2,4,Needs Attention
CUST005504,105,1,503.58,3,1,2,Needs Attention
CUST005505,132,3,1324.74,3,3,3,Loyal Customer
CUST005506,69,7,3436.69,4,5,5,Champion
CUST005507,194,1,539.19,3,1,2,Needs Attention
CUST005509,136,6,3554.97,3,5,5,Loyal Customer
CUST005511,437,3,1092.95,1,3,3,At Risk
CUST005512,166,2,598.73,3,2,2,Needs Attention
CUST005514,400,1,1091.57,1,1,3,Lost
CUST005516,190,4,1405.62,3,4,3,Loyal Customer
CUST005517,44,3,1070.33,4,3,3,Loyal Customer
CUST005518,11,1,372.97,5,1,1,Needs Attention
CUST005519,33,3,1036.8200000000002,5,3,3,Loyal Customer
CUST005520,341,3,984.1700000000001,2,3,3,At Risk
CUST005522,548,2,1755.55,1,2,4,Lost
CUST005523,258,1,176.26,2,1,1,Lost
CUST005526,2,28,18697.18,5,5,5,Champion
CUST005527,64,1,410.76,4,1,1,Needs Attention
CUST005530,445,2,2214.87,1,2,4,Lost
CUST005531,16,2,583.7,5,2,2,Needs Attention
CUST005532,78,1,33.53,4,1,1,Needs Attention
CUST005535,56,3,2324.38,4,3,4,Loyal Customer
CUST005537,90,1,779.65,4,1,2,Needs Attention
CUST005539,732,1,406.3,1,1,1,Lost
CUST005541,513,2,175.06,1,2,1,Lost
CUST005544,189,4,859.38,3,4,2,Loyal Customer
CUST005545,59,5,3094.34,4,4,5,Champion
CUST005547,594,2,1465.33,1,2,3,Lost
CUST005548,52,14,9204.470000000001,4,5,5,Champion
CUST005549,19,20,11989.77,5,5,5,Champion
CUST005552,476,1,233.62,1,1,1,Lost
CUST005553,141,1,1043.85,3,1,3,Needs Attention
CUST005555,617,1,2030.94,1,1,4,Lost
CUST005556,401,1,108.71,1,1,1,Lost
CUST005558,142,3,1233.91,3,3,3,Loyal Customer
CUST005559,28,6,4152.46,5,5,5,Champion
CUST005561,117,5,2352.4500000000003,3,4,4,Loyal Customer
CUST005564,1,4,1716.35,5,4,4,Champion
CUST005565,31,1,176.95,5,1,1,Needs Attention
CUST005566,243,2,1356.79,2,2,3,Lost
CUST005569,141,2,556.1700000000001,3,2,2,Needs Attention
CUST005572,102,1,476.44,3,1,2,Needs Attention
CUST005575,49,3,1055.62,4,3,3,Loyal Customer
CUST005576,348,1,1625.67,2,1,4,Lost
CUST005578,1,12,7251.900000000001,5,5,5,Champion
CUST005582,67,3,1220.6,4,3,3,Loyal Customer
CUST005583,190,1,278.56,3,1,1,Needs Attention
CUST005587,366,4,2123.58,2,4,4,At Risk
CUST005588,625,1,514.16,1,1,2,Lost
CUST005589,210,2,1257.21,2,2,3,Lost
CUST005590,226,4,855.16,2,4,2,At Risk
CUST005594,573,1,1254.84,1,1,3,Lost
CUST005595,227,4,1646.89,2,4,4,At Risk
CUST005597,53,1,377.54,4,1,1,Needs Attention
CUST005598,542,2,629.42,1,2,2,Lost
CUST005603,109,2,990.5,3,2,3,Needs Attention
CUST005604,37,2,1845.75,5,2,4,Needs Attention
CUST005606,100,1,299.18,4,1,1,Needs Attention
CUST005607,766,1,550.21,1,1,2,Lost
CUST005608,488,1,85.01,1,1,1,Lost
CUST005609,119,3,1006.07,3,3,3,Loyal Customer
CUST005610,470,1,545.88,1,1,2,Lost
CUST005615,210,1,655.71,2,1,2,Lost
CUST005616,36,3,1754.98,5,3,4,Loyal Customer
CUST005622,41,1,181.35,4,1,1,Needs Attention
CUST005623,169,1,624.97,3,1,2,Needs Attention
CUST005625,244,1,915.1,2,1,3,Lost
CUST005626,203,4,2335.69,3,4,4,Loyal Customer
CUST005627,10,2,1443.67,5,2,3,Needs Attention
CUST005628,14,10,4836.9,5,5,5,Champion
CUST005629,41,3,2874.98,4,3,4,Loyal Customer
CUST005630,329,3,2070.18,2,3,4,At Risk
CUST005631,83,6,3417.06,4,5,5,Champion
CUST005637,220,3,889.3399999999999,2,3,3,At Risk
CUST005640,722,1,310.58,1,1,1,Lost
CUST005642,43,2,475.06,4,2,2,Needs Attention
CUST005644,449,3,1789.74,1,3,4,At Risk
CUST005645,183,2,1356.43,3,2,3,Needs Attention
CUST005646,120,1,625.74,3,1,2,Needs Attention
CUST005647,6,1,387.82,5,1,1,Needs Attention
CUST005648,47,7,6750.87,4,5,5,Champion
CUST005650,193,4,3654.78,3,4,5,Loyal Customer
CUST005651,45,13,8879.43,4,5,5,Champion
CUST005656,106,2,1041.5,3,2,3,Needs Attention
CUST005657,949,1,259.95,1,1,1,Lost
CUST005658,196,6,2352.7200000000003,3,5,4,Loyal Customer
CUST005659,73,1,326.0,4,1,1,Needs Attention
CUST005660,226,1,1564.98,2,1,4,Lost
CUST005661,309,2,824.62,2,2,2,Lost
CUST005666,6,6,3338.5499999999997,5,5,5,Champion
CUST005668,232,1,187.96,2,1,1,Lost
CUST005670,12,4,2102.39,5,4,4,Champion
CUST005671,260,2,2088.73,2,2,4,Lost
CUST005673,43,10,4566.93,4,5,5,Champion
CUST005674,118,8,8203.01,3,5,5,Loyal Customer
CUST005675,57,1,283.28,4,1,1,Needs Attention
CUST005676,211,5,4530.52,2,4,5,At Risk
CUST005678,463,3,1723.73,1,3,4,At Risk
CUST005679,298,1,605.45,2,1,2,Lost
CUST005680,293,2,1043.57,2,2,3,Lost
CUST005681,5,32,17460.739999999998,5,5,5,Champion
CUST005685,811,1,282.42,1,1,1,Lost
CUST005688,19,34,20662.79,5,5,5,Champion
CUST005690,10,2,1386.9,5,2,3,Needs Attention
CUST005694,222,4,2771.91,2,4,4,At Risk
CUST005697,39,1,650.69,5,1,2,Needs Attention
CUST005698,507,3,1380.56,1,3,3,At Risk
CUST005700,264,2,1083.1799999999998,2,2,3,Lost
CUST005701,379,1,178.3,2,1,1,Lost
CUST005702,349,1,473.44,2,1,2,Lost
CUST005703,10,8,3215.26,5,5,5,Champion
CUST005704,21,8,2837.52,5,5,4,Champion
CUST005706,100,2,1802.27,4,2,4,Needs Attention
CUST005707,6,2,1187.83,5,2,3,Needs Attention
CUST005708,9,31,15712.65,5,5,5,Champion
CUST005709,764,1,693.91,1,1,2,Lost
CUST005710,36,3,753.9,5,3,2,Loyal Customer
CUST005714,69,1,637.65,4,1,2,Needs Attention
CUST005715,155,1,541.27,3,1,2,Needs Attention
CUST005717,317,1,332.25,2,1,1,Lost
CUST005718,549,1,76.78,1,1,1,Lost
CUST005719,265,1,1150.17,2,1,3,Lost
CUST005723,615,4,995.78,1,4,3,At Risk
CUST005725,2,11,8736.99,5,5,5,Champion
CUST005730,240,1,630.08,2,1,2,Lost
CUST005731,113,1,30.17,3,1,1,Needs Attention
CUST005732,622,1,10.21,1,1,1,Lost
CUST005733,54,2,2692.86,4,2,4,Needs Attention
CUST005735,206,2,422.53999999999996,2,2,1,Lost
CUST005736,337,3,662.85,2,3,2,At Risk
CUST005737,69,1,1154.11,4,1,3,Needs Attention
CUST005738,137,1,458.38,3,1,2,Needs Attention
CUST005745,280,1,44.73,2,1,1,Lost
CUST005746,35,35,23745.420000000002,5,5,5,Champion
CUST005747,39,28,16552.97,5,5,5,Champion
CUST005750,313,1,276.18,2,1,1,Lost
CUST005752,395,1,583.02,1,1,2,Lost
CUST005753,187,2,796.74,3,2,2,Needs Attention
CUST005754,253,1,442.04,2,1,2,Lost
CUST005755,148,4,3693.6500000000005,3,4,5,Loyal Customer
CUST005756,237,3,2303.06,2,3,4,At Risk
CUST005757,36,25,14010.99,5,5,5,Champion
CUST005759,15,8,4490.83,5,5,5,Champion
CUST005760,264,3,1770.53,2,3,4,At Risk
CUST005761,523,2,1365.92,1,2,3,Lost
CUST005762,179,4,3306.6,3,4,5,Loyal Customer
CUST005763,41,13,9142.66,4,5,5,Champion
CUST005764,499,3,1438.38,1,3,3,At Risk
CUST005767,297,1,538.83,2,1,2,Lost
CUST005768,131,3,2311.57,3,3,4,Loyal Customer
CUST005769,376,1,120.24,2,1,1,Lost
CUST005771,632,1,1645.99,1,1,4,Lost
CUST005773,23,10,5049.57,5,5,5,Champion
CUST005774,671,1,107.31,1,1,1,Lost
CUST005775,775,1,1133.02,1,1,3,Lost
CUST005776,145,5,835.6600000000001,3,4,2,Loyal Customer
CUST005778,54,3,880.9100000000001,4,3,3,Loyal Customer
CUST005779,765,1,917.52,1,1,3,Lost
CUST005781,427,1,1808.52,1,1,4,Lost
CUST005782,264,5,2561.8199999999997,2,4,4,At Risk
CUST005783,5,2,300.66999999999996,5,2,1,Needs Attention
CUST005785,735,1,93.24,1,1,1,Lost
CUST005787,573,1,557.58,1,1,2,Lost
CUST005788,706,1,1926.48,1,1,4,Lost
CUST005789,945,1,222.62,1,1,1,Lost
CUST005790,65,1,13.32,4,1,1,Needs Attention
CUST005791,356,1,199.84,2,1,1,Lost
CUST005792,668,1,333.84,1,1,1,Lost
CUST005793,214,3,2055.79,2,3,4,At Risk
CUST005794,21,2,991.6800000000001,5,2,3,Needs Attention
CUST005795,152,4,1571.21,3,4,4,Loyal Customer
CUST005798,453,2,1785.8200000000002,1,2,4,Lost
CUST005799,107,3,2822.46,3,3,4,Loyal Customer
CUST005802,267,1,590.38,2,1,2,Lost
CUST005803,334,2,943.66,2,2,3,Lost
CUST005806,62,7,5152.1,4,5,5,Champion
CUST005807,148,3,1118.74,3,3,3,Loyal Customer
CUST005809,100,4,1866.44,4,4,4,Champion
CUST005810,350,2,546.56,2,2,2,Lost
CUST005812,132,1,530.42,3,1,2,Needs Attention
CUST005818,176,5,2245.8199999999997,3,4,4,Loyal Customer
CUST005819,200,3,2509.23,3,3,4,Loyal Customer
CUST005822,333,2,579.5799999999999,2,2,2,Lost
CUST005824,58,1,454.75,4,1,2,Needs Attention
CUST005825,289,1,153.64,2,1,1,Lost
CUST005827,12,1,600.7,5,1,2,Needs Attention
CUST005828,233,3,1036.81,2,3,3,At Risk
CUST005829,84,2,1170.25,4,2,3,Needs Attention
CUST005832,311,1,2083.09,2,1,4,Lost
CUST005833,49,28,13807.7,4,5,5,Champion
CUST005835,194,1,195.52,3,1,1,Needs Attention
CUST005836,174,3,1107.0900000000001,3,3,3,Loyal Customer
CUST005837,72,2,678.1700000000001,4,2,2,Needs Attention
CUST005838,131,3,1069.03,3,3,3,Loyal Customer
CUST005839,185,1,503.64,3,1,2,Needs Attention
CUST005840,141,1,318.86,3,1,1,Needs Attention
CUST005842,456,1,56.4,1,1,1,Lost
CUST005843,330,1,460.97,2,1,2,Lost
CUST005847,115,4,3422.36,3,4,5,Loyal Customer
CUST005848,135,2,2424.79,3,2,4,Needs Attention
CUST005849,107,2,785.4,3,2,2,Needs Attention
CUST005850,359,2,834.64,2,2,2,Lost
CUST005852,332,2,216.97,2,2,1,Lost
CUST005854,285,1,299.63,2,1,1,Lost
CUST005855,310,2,1091.25,2,2,3,Lost
CUST005856,189,5,3516.1900000000005,3,4,5,Loyal Customer
CUST005857,47,4,1150.8600000000001,4,4,3,Loyal Customer
CUST005858,91,1,1005.4,4,1,3,Needs Attention
CUST005859,163,1,1066.64,3,1,3,Needs Attention
CUST005860,41,2,1658.6100000000001,4,2,4,Needs Attention
CUST005864,333,2,1551.05,2,2,3,Lost
CUST005866,124,7,3513.2400000000002,3,5,5,Loyal Customer
CUST005867,75,1,358.33,4,1,1,Needs Attention
CUST005868,75,6,6020.65,4,5,5,Champion
CUST005870,477,1,540.37,1,1,2,Lost
CUST005871,54,5,3003.51,4,4,5,Champion
CUST005872,99,1,32.91,4,1,1,Needs Attention
CUST005873,5,7,3571.0,5,5,5,Champion
CUST005874,280,2,664.3499999999999,2,2,2,Lost
CUST005875,1,9,4171.37,5,5,5,Champion
CUST005876,23,2,919.81,5,2,3,Needs Attention
CUST005878,635,1,207.58,1,1,1,Lost
CUST005879,69,7,4105.21,4,5,5,Champion
CUST005881,23,17,8506.43,5,5,5,Champion
CUST005882,477,1,846.33,1,1,2,Lost
CUST005884,88,1,199.73,4,1,1,Needs Attention
CUST005887,490,2,184.86,1,2,1,Lost
CUST005888,97,1,217.98,4,1,1,Needs Attention
CUST005890,231,1,432.6,2,1,1,Lost
CUST005892,4,9,6579.51,5,5,5,Champion
CUST005893,707,1,291.22,1,1,1,Lost
CUST005894,481,1,1102.92,1,1,3,Lost
CUST005895,639,1,999.65,1,1,3,Lost
CUST005896,1014,1,191.92,1,1,1,Lost
CUST005897,5,15,10626.77,5,5,5,Champion
CUST005898,41,9,5320.37,4,5,5,Champion
CUST005899,142,9,6365.82,3,5,5,Loyal Customer
CUST005900,43,1,433.46,4,1,1,Needs Attention
CUST005902,123,2,877.59,3,2,3,Needs Attention
CUST005907,29,3,598.16,5,3,2,Loyal Customer
CUST005910,16,4,2404.7200000000003,5,4,4,Champion
CUST005911,202,3,3080.98,3,3,5,Loyal Customer
CUST005912,35,8,6325.509999999999,5,5,5,Champion
CUST005913,227,1,368.15,2,1,1,Lost
CUST005917,23,5,2425.6,5,4,4,Champion
CUST005919,102,3,2344.63,3,3,4,Loyal Customer
CUST005920,74,2,732.9300000000001,4,2,2,Needs Attention
CUST005922,188,2,947.49,3,2,3,Needs Attention
CUST005923,29,1,157.69,5,1,1,Needs Attention
CUST005926,546,2,912.38,1,2,3,Lost
CUST005927,74,4,1745.51,4,4,4,Champion
CUST005929,39,10,5789.62,5,5,5,Champion
CUST005932,104,2,2318.1,3,2,4,Needs Attention
CUST005933,23,6,3850.9700000000003,5,5,5,Champion
CUST005934,96,4,2597.16,4,4,4,Champion
CUST005935,536,1,724.06,1,1,2,Lost
CUST005936,40,10,5083.25,4,5,5,Champion
CUST005937,10,5,1755.01,5,4,4,Champion
CUST005939,126,1,414.58,3,1,1,Needs Attention
CUST005940,204,3,2582.9,2,3,4,At Risk
CUST005941,160,2,440.46000000000004,3,2,2,Needs Attention
CUST005944,343,1,262.92,2,1,1,Lost
CUST005946,174,1,1561.5,3,1,4,Needs Attention
CUST005947,56,6,4571.53,4,5,5,Champion
CUST005949,152,2,981.03,3,2,3,Needs Attention
CUST005950,118,1,536.54,3,1,2,Needs Attention
CUST005951,56,2,1379.71,4,2,3,Needs Attention
CUST005952,13,36,25193.13,5,5,5,Champion
CUST005953,142,1,626.59,3,1,2,Needs Attention
CUST005954,97,2,1973.67,4,2,4,Needs Attention
CUST005955,2,22,10924.14,5,5,5,Champion
CUST005957,514,1,1247.3,1,1,3,Lost
CUST005958,198,1,133.8,3,1,1,Needs Attention
CUST005961,861,1,21.77,1,1,1,Lost
CUST005962,100,2,1108.79,4,2,3,Needs Attention
CUST005963,175,6,3092.77,3,5,5,Loyal Customer
CUST005965,20,3,1083.82,5,3,3,Loyal Customer
CUST005967,150,3,4007.81,3,3,5,Loyal Customer
CUST005968,384,2,829.25,2,2,2,Lost
CUST005969,4,7,4690.5599999999995,5,5,5,Champion
CUST005971,36,1,701.47,5,1,2,Needs Attention
CUST005973,116,1,60.25,3,1,1,Needs Attention
CUST005974,96,7,3882.36,4,5,5,Champion
CUST005975,45,4,2418.42,4,4,4,Champion
CUST005976,895,1,382.64,1,1,1,Lost
CUST005977,14,4,1410.9700000000003,5,4,3,Loyal Customer
CUST005980,60,5,2700.61,4,4,4,Champion
CUST005986,7,6,3020.79,5,5,5,Champion
CUST005989,998,1,776.61,1,1,2,Lost
CUST005991,50,5,3365.48,4,4,5,Champion
CUST005992,63,3,2784.9,4,3,4,Loyal Customer
CUST005993,38,17,8409.67,5,5,5,Champion
CUST005995,1,21,14403.51,5,5,5,Champion
CUST005996,324,1,156.21,2,1,1,Lost
CUST005998,289,4,2330.0699999999997,2,4,4,At Risk
CUST006001,27,10,3774.27,5,5,5,Champion
CUST006002,141,2,2637.95,3,2,4,Needs Attention
CUST006004,160,4,2089.59,3,4,4,Loyal Customer
CUST006005,52,3,1645.69,4,3,4,Loyal Customer
CUST006006,85,5,2139.59,4,4,4,Champion
CUST006007,72,1,148.36,4,1,1,Needs Attention
CUST006008,834,2,2338.5,1,2,4,Lost
CUST006009,593,2,405.58,1,2,1,Lost
CUST006010,154,3,2712.77,3,3,4,Loyal Customer
CUST006011,389,1,370.96,2,1,1,Lost
CUST006012,9,1,855.29,5,1,2,Needs Attention
CUST006013,249,3,2706.56,2,3,4,At Risk
CUST006014,8,44,28365.98,5,5,5,Champion
CUST006017,32,3,1704.6899999999998,5,3,4,Loyal Customer
CUST006019,64,1,300.77,4,1,1,Needs Attention
CUST006021,126,1,157.69,3,1,1,Needs Attention
CUST006022,57,6,5935.69,4,5,5,Champion
CUST006023,293,1,244.73,2,1,1,Lost
CUST006025,39,13,6476.5199999999995,5,5,5,Champion
CUST006026,83,1,28.66,4,1,1,Needs Attention
CUST006027,51,1,417.79,4,1,1,Needs Attention
CUST006028,341,3,1237.9299999999998,2,3,3,At Risk
CUST006029,8,22,12176.47,5,5,5,Champion
CUST006031,69,4,2094.31,4,4,4,Champion
CUST006032,334,1,677.4,2,1,2,Lost
CUST006034,190,5,3507.48,3,4,5,Loyal Customer
CUST006035,381,1,20.34,2,1,1,Lost
CUST006037,396,1,708.3,1,1,2,Lost
CUST006039,80,4,1246.22,4,4,3,Loyal Customer
CUST006040,377,1,714.64,2,1,2,Lost
CUST006041,549,2,761.71,1,2,2,Lost
CUST006042,40,14,8765.55,4,5,5,Champion
CUST006043,112,6,1798.4699999999998,3,5,4,Loyal Customer
CUST006044,527,1,961.35,1,1,3,Lost
CUST006045,105,2,581.66,3,2,2,Needs Attention
CUST006046,651,1,61.34,1,1,1,Lost
CUST006048,180,1,525.28,3,1,2,Needs Attention
CUST006049,8,21,11123.31,5,5,5,Champion
CUST006050,20,7,1642.76,5,5,4,Champion
CUST006051,157,1,30.67,3,1,1,Needs Attention
CUST006052,695,1,645.33,1,1,2,Lost
CUST006053,13,25,14887.91,5,5,5,Champion
CUST006054,240,2,1874.14,2,2,4,Lost
CUST006056,776,1,835.76,1,1,2,Lost
CUST006057,59,6,3460.4500000000003,4,5,5,Champion
CUST006058,995,1,550.72,1,1,2,Lost
CUST006059,102,6,4848.63,3,5,5,Loyal Customer
CUST006060,280,4,1605.71,2,4,4,At Risk
CUST006062,60,5,3468.6099999999997,4,4,5,Champion
CUST006063,134,8,4108.6,3,5,5,Loyal Customer
CUST006065,210,1,735.66,2,1,2,Lost
CUST006066,155,2,1045.44,3,2,3,Needs Attention
CUST006067,127,2,1500.43,3,2,3,Needs Attention
CUST006068,37,4,1919.1,5,4,4,Champion
CUST006069,714,1,608.18,1,1,2,Lost
CUST006070,25,10,6109.46,5,5,5,Champion
CUST006071,3,44,22054.62,5,5,5,Champion
CUST006073,1028,1,758.4,1,1,2,Lost
CUST006074,5,4,3463.76,5,4,5,Champion
CUST006075,96,1,496.77,4,1,2,Needs Attention
CUST006080,102,4,1649.51,3,4,4,Loyal Customer
CUST006081,482,1,110.37,1,1,1,Lost
CUST006084,171,1,201.08,3,1,1,Needs Attention
CUST006086,776,2,381.71999999999997,1,2,1,Lost
CUST006087,13,4,1597.1399999999999,5,4,4,Champion
CUST006089,564,1,250.35,1,1,1,Lost
CUST006090,473,1,519.66,1,1,2,Lost
CUST006091,309,3,628.48,2,3,2,At Risk
CUST006092,65,5,3279.3700000000003,4,4,5,Champion
CUST006095,142,6,4851.6900000000005,3,5,5,Loyal Customer
CUST006096,119,4,1394.3,3,4,3,Loyal Customer
CUST006097,188,4,1836.37,3,4,4,Loyal Customer
CUST006099,817,1,649.11,1,1,2,Lost
CUST006100,196,1,200.65,3,1,1,Needs Attention
CUST006101,84,2,2569.86,4,2,4,Needs Attention
CUST006102,19,4,3380.2200000000003,5,4,5,Champion
CUST006103,640,1,351.47,1,1,1,Lost
CUST006104,245,1,795.98,2,1,2,Lost
CUST006105,343,1,199.13,2,1,1,Lost
CUST006106,94,1,12.29,4,1,1,Needs Attention
CUST006107,52,8,3907.1,4,5,5,Champion
CUST006110,55,6,2261.14,4,5,4,Champion
CUST006112,370,1,515.32,2,1,2,Lost
CUST006114,665,1,89.27,1,1,1,Lost
CUST006118,268,2,3762.88,2,2,5,Lost
CUST006119,432,1,397.72,1,1,1,Lost
CUST006120,31,4,1949.85,5,4,4,Champion
CUST006121,70,2,662.73,4,2,2,Needs Attention
CUST006123,26,1,241.67,5,1,1,Needs Attention
CUST006128,5,3,1500.14,5,3,3,Loyal Customer
CUST006130,231,3,808.2,2,3,2,At Risk
CUST006131,31,16,11351.33,5,5,5,Champion
CUST006133,148,3,1657.96,3,3,4,Loyal Customer
CUST006134,206,1,110.62,2,1,1,Lost
CUST006135,47,8,5627.74,4,5,5,Champion
CUST006136,856,1,178.65,1,1,1,Lost
CUST006137,347,2,461.09000000000003,2,2,2,Lost
CUST006138,40,3,1893.3600000000001,4,3,4,Loyal Customer
CUST006140,440,2,999.31,1,2,3,Lost
CUST006141,234,1,2830.31,2,1,4,Lost
CUST006142,192,2,846.22,3,2,2,Needs Attention
CUST006144,316,2,851.0,2,2,2,Lost
CUST006147,89,2,1350.63,4,2,3,Needs Attention
CUST006148,23,5,2665.48,5,4,4,Champion
CUST006149,308,2,722.59,2,2,2,Lost
CUST006150,211,2,1000.96,2,2,3,Lost
CUST006151,636,1,972.94,1,1,3,Lost
CUST006152,42,3,1180.24,4,3,3,Loyal Customer
CUST006154,4,13,4591.3099999999995,5,5,5,Champion
CUST006156,353,1,283.28,2,1,1,Lost
CUST006159,410,1,1153.0,1,1,3,Lost
CUST006161,26,3,2210.95,5,3,4,Loyal Customer
CUST006163,94,1,270.59,4,1,1,Needs Attention
CUST006164,63,7,3300.23,4,5,5,Champion
CUST006167,6,5,1517.17,5,4,3,Loyal Customer
CUST006170,115,2,1339.63,3,2,3,Needs Attention
CUST006171,619,1,683.77,1,1,2,Lost
CUST006173,115,1,482.12,3,1,2,Needs Attention
CUST006174,389,1,1678.97,2,1,4,Lost
CUST006176,20,51,28794.670000000002,5,5,5,Champion
CUST006178,377,1,879.68,2,1,3,Lost
CUST006179,804,1,153.56,1,1,1,Lost
CUST006180,76,2,1303.3700000000001,4,2,3,Needs Attention
CUST006183,184,1,180.6,3,1,1,Needs Attention
CUST006184,134,2,810.25,3,2,2,Needs Attention
CUST006186,158,2,921.3000000000001,3,2,3,Needs Attention
CUST006188,85,2,918.56,4,3,3,Loyal Customer
CUST006189,358,1,625.86,2,1,2,Lost
CUST006190,21,2,512.82,5,3,2,Loyal Customer
CUST006193,406,1,842.38,1,1,2,Lost
CUST006194,7,58,35604.46,5,5,5,Champion
CUST006195,411,2,1530.07,1,3,3,At Risk
CUST006197,54,2,253.27,4,3,1,Loyal Customer
CUST006198,410,1,434.79,1,1,1,Lost
CUST006199,56,4,1793.3200000000002,4,4,4,Champion
CUST006201,350,1,373.9,2,1,1,Lost
CUST006202,4,1,581.01,5,1,2,Needs Attention
CUST006203,910,1,861.09,1,1,2,Lost
CUST006205,40,4,2772.1400000000003,4,4,4,Champion
CUST006207,251,1,1001.12,2,1,3,Lost
CUST006208,146,4,1713.82,3,4,4,Loyal Customer
CUST006209,390,1,2665.05,2,1,4,Lost
CUST006211,24,13,8998.21,5,5,5,Champion
CUST006213,195,9,4055.52,3,5,5,Loyal Customer
CUST006220,28,15,11198.5,5,5,5,Champion
CUST006221,413,1,323.75,1,1,1,Lost
CUST006222,109,1,80.82,3,1,1,Needs Attention
CUST006225,164,3,1196.23,3,3,3,Loyal Customer
CUST006226,15,4,2718.94,5,4,4,Champion
CUST006227,317,1,427.63,2,1,1,Lost
CUST006228,420,2,523.31,1,3,2,At Risk
CUST006229,75,2,1089.71,4,3,3,Loyal Customer
CUST006230,377,3,982.2,2,3,3,At Risk
CUST006231,140,3,1509.3000000000002,3,3,3,Loyal Customer
CUST006232,395,1,595.39,1,1,2,Lost
CUST006234,113,1,501.54,3,1,2,Needs Attention
CUST006235,214,1,167.38,2,1,1,Lost
CUST006236,492,1,111.11,1,1,1,Lost
CUST006237,740,1,522.47,1,1,2,Lost
CUST006239,464,2,433.44000000000005,1,3,1,At Risk
CUST006240,148,1,58.53,3,1,1,Needs Attention
CUST006241,125,5,1656.61,3,4,4,Loyal Customer
CUST006243,184,9,4052.84,3,5,5,Loyal Customer
CUST006244,7,7,5007.360000000001,5,5,5,Champion
CUST006245,354,4,991.27,2,4,3,At Risk
CUST006248,22,2,1106.08,5,3,3,Loyal Customer
CUST006249,41,28,19478.25,4,5,5,Champion
CUST006252,17,11,6168.01,5,5,5,Champion
CUST006254,21,2,1536.37,5,3,3,Loyal Customer
CUST006255,67,2,977.96,4,3,3,Loyal Customer
CUST006256,38,4,1294.77,5,4,3,Loyal Customer
CUST006257,480,3,1118.57,1,3,3,At Risk
CUST006258,1,5,2510.69,5,4,4,Champion
CUST006261,173,2,649.52,3,3,2,Loyal Customer
CUST006262,196,2,1313.36,3,3,3,Loyal Customer
CUST006263,530,2,1301.0700000000002,1,3,3,At Risk
CUST006265,842,1,310.02,1,1,1,Lost
CUST006266,32,1,74.91,5,1,1,Needs Attention
CUST006268,114,3,1470.4499999999998,3,3,3,Loyal Customer
CUST006269,239,1,2142.1,2,1,4,Lost
CUST006274,47,1,80.54,4,1,1,Needs Attention
CUST006275,36,9,3811.62,5,5,5,Champion
CUST006276,62,5,2754.18,4,4,4,Champion
CUST006277,1,4,4605.09,5,4,5,Champion
CUST006278,183,1,78.37,3,1,1,Needs Attention
CUST006279,57,6,3956.1099999999997,4,5,5,Champion
CUST006280,170,2,451.72,3,3,2,Loyal Customer
CUST006281,50,8,5002.75,4,5,5,Champion
CUST006284,553,1,413.61,1,1,1,Lost
CUST006285,32,6,1854.31,5,5,4,Champion
CUST006287,119,2,1251.98,3,3,3,Loyal Customer
CUST006288,171,1,664.04,3,1,2,Needs Attention
CUST006289,66,7,2764.0699999999997,4,5,4,Champion
CUST006290,41,3,1920.17,4,3,4,Loyal Customer
CUST006291,837,1,765.77,1,1,2,Lost
CUST006292,24,4,1810.39,5,4,4,Champion
CUST006293,175,1,294.16,3,1,1,Needs Attention
CUST006295,301,1,1211.36,2,1,3,Lost
CUST006296,140,2,211.86,3,3,1,Loyal Customer
CUST006297,1022,1,353.99,1,1,1,Lost
CUST006300,220,1,211.74,2,1,1,Lost
CUST006303,13,11,9587.08,5,5,5,Champion
CUST006304,344,1,478.72,2,1,2,Lost
CUST006307,391,3,971.56,2,3,3,At Risk
CUST006309,709,1,400.23,1,1,1,Lost
CUST006310,224,3,2159.35,2,3,4,At Risk
CUST006313,432,1,283.75,1,1,1,Lost
CUST006315,216,2,766.02,2,3,2,At Risk
CUST006316,401,1,1594.1,1,1,4,Lost
CUST006317,23,8,4091.1600000000003,5,5,5,Champion
CUST006318,6,5,3275.65,5,4,5,Champion
CUST006319,49,2,768.06,4,3,2,Loyal Customer
CUST006320,66,2,376.27,4,3,1,Loyal Customer
CUST006323,2,276,153063.42,5,5,5,Champion
CUST006324,42,1,537.36,4,1,2,Needs Attention
CUST006325,18,9,5529.13,5,5,5,Champion
CUST006326,54,13,6801.63,4,5,5,Champion
CUST006327,632,1,90.2,1,1,1,Lost
CUST006329,372,1,370.96,2,1,1,Lost
CUST006330,542,1,977.28,1,1,3,Lost
CUST006331,69,2,1338.75,4,3,3,Loyal Customer
CUST006333,521,2,1220.76,1,3,3,At Risk
CUST006334,38,9,4585.29,5,5,5,Champion
CUST006335,12,30,14744.32,5,5,5,Champion
CUST006337,148,7,2612.79,3,5,4,Loyal Customer
CUST006339,39,5,4087.2,5,4,5,Champion
CUST006341,7,9,5448.16,5,5,5,Champion
CUST006342,339,2,1004.1300000000001,2,3,3,At Risk
CUST006344,93,1,388.52,4,1,1,Needs Attention
CUST006346,127,2,680.48,3,3,2,Loyal Customer
CUST006347,5,7,4351.4,5,5,5,Champion
CUST006348,46,2,711.97,4,3,2,Loyal Customer
CUST006349,257,3,2611.38,2,3,4,At Risk
CUST006350,22,3,1041.06,5,3,3,Loyal Customer
CUST006351,17,19,13528.62,5,5,5,Champion
CUST006352,61,1,532.94,4,1,2,Needs Attention
CUST006354,184,7,4918.25,3,5,5,Loyal Customer
CUST006355,104,1,53.4,3,1,1,Needs Attention
CUST006356,20,24,16601.9,5,5,5,Champion
CUST006357,2,1,2018.64,5,1,4,Needs Attention
CUST006358,61,4,2161.06,4,4,4,Champion
CUST006359,69,2,1346.39,4,3,3,Loyal Customer
CUST006360,497,1,81.78,1,1,1,Lost
CUST006361,742,1,99.18,1,1,1,Lost
CUST006362,135,9,6031.99,3,5,5,Loyal Customer
CUST006367,93,3,1159.55,4,3,3,Loyal Customer
CUST006372,286,2,587.85,2,3,2,At Risk
CUST006375,612,1,207.47,1,1,1,Lost
CUST006376,204,3,2490.9700000000003,2,3,4,At Risk
CUST006378,16,1,45.87,5,1,1,Needs Attention
CUST006379,12,26,15300.64,5,5,5,Champion
CUST006380,149,1,575.56,3,1,2,Needs Attention
CUST006381,111,1,1128.03,3,1,3,Needs Attention
CUST006384,186,1,330.33,3,1,1,Needs Attention
CUST006385,126,1,525.22,3,1,2,Needs Attention
CUST006386,65,10,10440.17,4,5,5,Champion
CUST006388,384,1,1402.47,2,1,3,Lost
CUST006389,174,4,2339.46,3,4,4,Loyal Customer
CUST006392,236,3,1778.99,2,3,4,At Risk
CUST006394,674,1,464.69,1,1,2,Lost
CUST006396,48,1,505.84,4,1,2,Needs Attention
CUST006397,45,4,4520.06,4,4,5,Champion
CUST006401,173,3,1226.62,3,3,3,Loyal Customer
CUST006402,74,3,2973.27,4,3,5,Loyal Customer
CUST006403,159,1,409.91,3,1,1,Needs Attention
CUST006404,149,3,2312.5099999999998,3,3,4,Loyal Customer
CUST006405,430,1,603.7,1,1,2,Lost
CUST006406,14,68,39329.61,5,5,5,Champion
CUST006407,116,2,1402.3600000000001,3,3,3,Loyal Customer
CUST006408,102,3,2590.96,3,3,4,Loyal Customer
CUST006410,95,7,1517.65,4,5,3,Loyal Customer
CUST006413,148,5,2562.6499999999996,3,4,4,Loyal Customer
CUST006414,42,4,1854.1499999999999,4,4,4,Champion
CUST006420,173,1,349.92,3,1,1,Needs Attention
CUST006421,41,4,2401.1,4,4,4,Champion
CUST006424,4,8,5446.36,5,5,5,Champion
CUST006426,37,1,1568.7,5,1,4,Needs Attention
CUST006427,25,6,3309.14,5,5,5,Champion
CUST006428,426,1,482.12,1,1,2,Lost
CUST006430,202,1,791.98,3,1,2,Needs Attention
CUST006431,50,2,573.59,4,3,2,Loyal Customer
CUST006433,125,1,691.24,3,1,2,Needs Attention
CUST006434,72,7,6677.33,4,5,5,Champion
CUST006436,374,3,2656.4300000000003,2,3,4,At Risk
CUST006437,33,2,906.89,5,3,3,Loyal Customer
CUST006438,416,2,1225.05,1,3,3,At Risk
CUST006441,68,2,2606.41,4,3,4,Loyal Customer
CUST006443,467,1,268.65,1,1,1,Lost
CUST006446,197,4,1231.42,3,4,3,Loyal Customer
CUST006447,30,4,1832.44,5,4,4,Champion
CUST006448,202,4,1457.09,3,4,3,Loyal Customer
CUST006449,53,1,843.57,4,1,2,Needs Attention
CUST006450,186,1,42.09,3,1,1,Needs Attention
CUST006454,30,10,4637.53,5,5,5,Champion
CUST006455,18,15,10978.01,5,5,5,Champion
CUST006456,16,4,1480.08,5,4,3,Loyal Customer
CUST006457,910,1,474.67,1,1,2,Lost
CUST006458,242,1,256.74,2,1,1,Lost
CUST006459,46,4,1264.77,4,4,3,Loyal Customer
CUST006461,354,2,324.94,2,3,1,At Risk
CUST006463,174,3,1194.01,3,3,3,Loyal Customer
CUST006464,144,3,2124.7799999999997,3,3,4,Loyal Customer
CUST006465,157,1,311.87,3,1,1,Needs Attention
CUST006466,65,3,1893.8899999999999,4,3,4,Loyal Customer
CUST006468,370,2,306.29,2,3,1,At Risk
CUST006469,62,2,1253.08,4,3,3,Loyal Customer
CUST006470,10,6,8027.43,5,5,5,Champion
CUST006472,432,2,854.19,1,3,2,At Risk
CUST006473,93,1,199.13,4,1,1,Needs Attention
CUST006475,2,2,1183.54,5,3,3,Loyal Customer
CUST006476,174,1,687.56,3,1,2,Needs Attention
CUST006477,70,4,2072.74,4,4,4,Champion
CUST006478,183,2,852.14,3,3,2,Loyal Customer
CUST006479,46,2,1012.47,4,3,3,Loyal Customer
CUST006481,268,1,854.29,2,1,2,Lost
CUST006482,453,3,1354.38,1,3,3,At Risk
CUST006484,10,9,7541.960000000001,5,5,5,Champion
CUST006486,14,7,3001.99,5,5,5,Champion
CUST006487,172,2,675.91,3,3,2,Loyal Customer
CUST006488,237,2,1654.9699999999998,2,3,4,At Risk
CUST006491,154,1,474.71,3,1,2,Needs Attention
CUST006492,140,1,546.22,3,1,2,Needs Attention
CUST006494,300,1,207.83,2,1,1,Lost
CUST006495,91,7,2979.11,4,5,5,Champion
CUST006496,742,1,238.26,1,1,1,Lost
CUST006498,399,2,1323.48,1,3,3,At Risk
CUST006499,47,5,2066.37,4,4,4,Champion
CUST006501,139,2,712.24,3,3,2,Loyal Customer
CUST006504,26,2,415.87,5,3,1,Loyal Customer
CUST006506,273,1,769.49,2,1,2,Lost
CUST006507,127,2,1333.26,3,3,3,Loyal Customer
CUST006509,43,1,273.26,4,1,1,Needs Attention
CUST006510,126,3,703.6899999999999,3,3,2,Loyal Customer
CUST006514,264,2,242.3,2,3,1,At Risk
CUST006516,239,4,3142.64,2,4,5,At Risk
CUST006517,169,1,231.19,3,1,1,Needs Attention
CUST006521,474,3,1214.4299999999998,1,3,3,At Risk
CUST006522,106,3,1152.09,3,3,3,Loyal Customer
CUST006523,252,2,929.4100000000001,2,3,3,At Risk
CUST006525,52,6,2919.36,4,5,5,Champion
CUST006526,51,6,5129.01,4,5,5,Champion
CUST006527,525,1,516.25,1,1,2,Lost
CUST006529,71,4,3377.45,4,4,5,Champion
CUST006530,182,5,1309.45,3,4,3,Loyal Customer
CUST006531,144,1,591.38,3,1,2,Needs Attention
CUST006532,455,2,2104.29,1,3,4,At Risk
CUST006535,218,1,445.3,2,1,2,Lost
CUST006536,45,2,1927.2199999999998,4,3,4,Loyal Customer
CUST006540,128,3,792.88,3,3,2,Loyal Customer
CUST006542,57,5,1207.89,4,4,3,Loyal Customer
CUST006543,187,3,916.06,3,3,3,Loyal Customer
CUST006544,879,1,546.22,1,1,2,Lost
CUST006546,94,8,7272.72,4,5,5,Champion
CUST006547,679,3,2088.6800000000003,1,3,4,At Risk
CUST006549,134,3,1889.64,3,3,4,Loyal Customer
CUST006550,589,1,1037.32,1,1,3,Lost
CUST006551,439,1,450.86,1,1,2,Lost
CUST006552,132,2,1316.38,3,3,3,Loyal Customer
CUST006553,272,2,638.4000000000001,2,3,2,At Risk
CUST006554,124,3,742.38,3,3,2,Loyal Customer
CUST006555,678,1,87.15,1,1,1,Lost
CUST006556,171,6,2216.52,3,5,4,Loyal Customer
CUST006557,106,3,2108.1,3,3,4,Loyal Customer
CUST006558,175,4,1930.2199999999998,3,4,4,Loyal Customer
CUST006559,338,2,1608.79,2,3,4,At Risk
CUST006560,23,2,777.17,5,3,2,Loyal Customer
CUST006562,23,8,6182.09,5,5,5,Champion
CUST006563,310,1,563.61,2,1,2,Lost
CUST006565,3,4,2681.77,5,4,4,Champion
CUST006566,304,3,924.11,2,3,3,At Risk
CUST006567,39,2,2414.19,5,3,4,Loyal Customer
CUST006568,144,1,93.24,3,1,1,Needs Attention
CUST006569,848,1,802.99,1,1,2,Lost
CUST006570,37,3,1556.55,5,3,3,Loyal Customer
CUST006572,132,1,1072.66,3,1,3,Needs Attention
CUST006575,308,1,233.4,2,1,1,Lost
CUST006577,164,2,1368.3600000000001,3,3,3,Loyal Customer
CUST006579,191,1,124.98,3,1,1,Needs Attention
CUST006582,241,1,218.04,2,1,1,Lost
CUST006583,6,6,4893.67,5,5,5,Champion
CUST006584,252,1,604.65,2,1,2,Lost
CUST006585,399,1,294.82,1,1,1,Lost
CUST006586,334,1,396.23,2,1,1,Lost
CUST006587,30,3,690.7,5,3,2,Loyal Customer
CUST006589,9,2,341.33000000000004,5,3,1,Loyal Customer
CUST006592,121,1,1324.61,3,1,3,Needs Attention
CUST006594,87,3,2559.6,4,3,4,Loyal Customer
CUST006595,8,3,2761.15,5,3,4,Loyal Customer
CUST006597,30,5,3986.73,5,4,5,Champion
CUST006598,2,35,20744.18,5,5,5,Champion
CUST006599,633,1,1052.1,1,1,3,Lost
CUST006600,56,3,1114.92,4,3,3,Loyal Customer
CUST006601,50,7,4326.95,4,5,5,Champion
CUST006602,206,1,62.79,2,1,1,Lost
CUST006604,2,17,7478.29,5,5,5,Champion
CUST006605,23,3,783.63,5,3,2,Loyal Customer
CUST006606,109,5,3496.64,3,4,5,Loyal Customer
CUST006607,91,2,552.94,4,3,2,Loyal Customer
CUST006609,91,2,1442.15,4,3,3,Loyal Customer
CUST006610,148,2,975.13,3,3,3,Loyal Customer
CUST006614,312,1,372.04,2,1,1,Lost
CUST006617,2,3,1998.29,5,3,4,Loyal Customer
CUST006618,8,7,5593.389999999999,5,5,5,Champion
CUST006619,527,2,819.8699999999999,1,3,2,At Risk
CUST006621,2,38,22167.82,5,5,5,Champion
CUST006624,678,1,1486.15,1,1,3,Lost
CUST006629,251,1,334.36,2,1,1,Lost
CUST006631,129,3,1050.98,3,3,3,Loyal Customer
CUST006632,235,3,922.6600000000001,2,3,3,At Risk
CUST006634,71,3,595.1,4,3,2,Loyal Customer
CUST006635,470,1,2073.86,1,1,4,Lost
CUST006637,25,2,1858.2600000000002,5,3,4,Loyal Customer
CUST006638,409,3,779.33,1,3,2,At Risk
CUST006639,65,1,523.54,4,1,2,Needs Attention
CUST006640,63,1,436.71,4,1,1,Needs Attention
CUST006642,32,1,550.57,5,1,2,Needs Attention
CUST006644,260,2,443.59000000000003,2,3,2,At Risk
CUST006645,124,2,565.89,3,3,2,Loyal Customer
CUST006649,67,4,3059.2,4,4,5,Champion
CUST006651,219,1,639.56,2,1,2,Lost
CUST006652,60,2,535.3,4,3,2,Loyal Customer
CUST006654,85,4,2417.1,4,4,4,Champion
CUST006656,242,1,803.89,2,1,2,Lost
CUST006657,88,2,1790.98,4,3,4,Loyal Customer
CUST006658,1,2,1543.8899999999999,5,3,3,Loyal Customer
CUST006660,202,4,2309.23,3,4,4,Loyal Customer
CUST006661,57,2,1943.62,4,3,4,Loyal Customer
CUST006662,571,3,1120.82,1,3,3,At Risk
CUST006663,450,1,782.25,1,1,2,Lost
CUST006665,100,2,1484.2199999999998,4,3,3,Loyal Customer
CUST006666,118,1,302.42,3,1,1,Needs Attention
CUST006667,451,1,212.27,1,1,1,Lost
CUST006668,296,3,941.8199999999999,2,3,3,At Risk
CUST006669,55,4,3274.53,4,4,5,Champion
CUST006673,49,1,92.28,4,1,1,Needs Attention
CUST006674,103,1,2688.89,3,1,4,Needs Attention
CUST006675,128,1,1095.55,3,1,3,Needs Attention
CUST006677,129,3,1668.4099999999999,3,3,4,Loyal Customer
CUST006678,424,1,265.39,1,1,1,Lost
CUST006682,10,8,4265.43,5,5,5,Champion
CUST006684,127,1,125.32,3,1,1,Needs Attention
CUST006685,583,1,203.14,1,1,1,Lost
CUST006686,67,3,4418.45,4,3,5,Loyal Customer
CUST006687,18,5,1407.55,5,4,3,Loyal Customer
CUST006688,824,1,570.22,1,1,2,Lost
CUST006690,401,2,106.74000000000001,1,3,1,At Risk
CUST006693,258,2,824.46,2,3,2,At Risk
CUST006694,32,4,2192.95,5,4,4,Champion
CUST006695,22,14,6437.76,5,5,5,Champion
CUST006697,670,2,1557.98,1,3,4,At Risk
CUST006698,279,4,3603.65,2,4,5,At Risk
CUST006701,466,1,563.12,1,1,2,Lost
CUST006702,24,13,6661.71,5,5,5,Champion
CUST006703,345,2,205.36,2,3,1,At Risk
CUST006706,10,6,4406.67,5,5,5,Champion
CUST006707,87,3,2134.32,4,3,4,Loyal Customer
CUST006708,537,1,219.25,1,1,1,Lost
CUST006712,38,6,3609.73,5,5,5,Champion
CUST006714,128,2,1727.02,3,3,4,Loyal Customer
CUST006716,43,3,3851.9300000000003,4,3,5,Loyal Customer
CUST006717,610,1,189.51,1,1,1,Lost
CUST006718,156,2,1124.51,3,3,3,Loyal Customer
CUST006721,51,1,1352.42,4,1,3,Needs Attention
CUST006722,189,5,2692.06,3,4,4,Loyal Customer
CUST006723,63,5,3389.23,4,4,5,Champion
CUST006727,624,1,454.56,1,1,2,Lost
CUST006729,51,4,2832.16,4,4,4,Champion
CUST006731,15,19,13366.789999999999,5,5,5,Champion
CUST006734,483,1,808.89,1,1,2,Lost
CUST006735,559,2,873.7,1,3,3,At Risk
CUST006736,412,1,341.06,1,1,1,Lost
CUST006737,576,3,502.73,1,3,2,At Risk
CUST006739,1005,1,366.85,1,1,1,Lost
CUST006740,63,4,1133.32,4,4,3,Loyal Customer
CUST006741,134,7,6461.6,3,5,5,Loyal Customer
CUST006742,192,2,441.07,3,3,2,Loyal Customer
CUST006743,216,4,1602.48,2,4,4,At Risk
CUST006744,608,1,735.32,1,1,2,Lost
CUST006745,44,1,442.48,4,1,2,Needs Attention
CUST006747,29,13,5592.48,5,5,5,Champion
CUST006748,138,3,1281.01,3,3,3,Loyal Customer
CUST006752,383,2,977.38,2,3,3,At Risk
CUST006753,20,3,1192.76,5,3,3,Loyal Customer
CUST006754,207,2,457.92999999999995,2,3,2,At Risk
CUST006757,216,2,706.23,2,3,2,At Risk
CUST006759,352,1,1017.17,2,1,3,Lost
CUST006760,58,4,2353.35,4,4,4,Champion
CUST006763,126,2,605.23,3,3,2,Loyal Customer
CUST006766,47,7,3296.79,4,5,5,Champion
CUST006767,214,2,517.2,2,3,2,At Risk
CUST006769,13,11,6867.65,5,5,5,Champion
CUST006771,330,1,159.75,2,1,1,Lost
CUST006773,219,2,1004.9300000000001,2,3,3,At Risk
CUST006774,163,3,3843.0899999999997,3,3,5,Loyal Customer
CUST006776,403,6,3182.8,1,5,5,At Risk
CUST006777,28,6,2204.0,5,5,4,Champion
CUST006779,159,3,2431.7400000000002,3,3,4,Loyal Customer
CUST006782,40,7,3799.0699999999997,4,5,5,Champion
CUST006783,211,2,2965.1499999999996,2,3,5,At Risk
CUST006785,12,3,1739.6100000000001,5,3,4,Loyal Customer
CUST006787,800,1,578.58,1,1,2,Lost
CUST006788,483,2,1903.44,1,3,4,At Risk
CUST006789,222,2,1151.75,2,3,3,At Risk
CUST006791,488,2,239.24,1,3,1,At Risk
CUST006794,9,7,5404.120000000001,5,5,5,Champion
CUST006795,12,5,2579.42,5,4,4,Champion
CUST006796,21,4,1137.9099999999999,5,4,3,Loyal Customer
CUST006798,63,1,1107.22,4,1,3,Needs Attention
CUST006802,363,2,975.6300000000001,2,3,3,At Risk
CUST006805,21,2,940.76,5,3,3,Loyal Customer
CUST006806,274,1,492.49,2,1,2,Lost
CUST006807,117,4,2114.31,3,4,4,Loyal Customer
CUST006808,683,1,809.39,1,1,2,Lost
CUST006809,665,1,423.08,1,1,1,Lost
CUST006811,13,3,1767.7,5,3,4,Loyal Customer
CUST006812,92,2,1071.76,4,3,3,Loyal Customer
CUST006814,379,1,672.33,2,1,2,Lost
CUST006816,193,2,1769.3,3,3,4,Loyal Customer
CUST006817,58,7,5901.89,4,5,5,Champion
CUST006819,348,1,903.47,2,1,3,Lost
CUST006820,84,3,1566.3,4,3,4,Loyal Customer
CUST006821,701,1,203.88,1,1,1,Lost
CUST006824,40,4,1209.62,4,4,3,Loyal Customer
CUST006825,53,5,2321.94,4,4,4,Champion
CUST006826,132,6,4520.46,3,5,5,Loyal Customer
CUST006827,395,1,391.08,1,1,1,Lost
CUST006828,527,1,330.14,1,1,1,Lost
CUST006830,548,1,450.76,1,1,2,Lost
CUST006831,22,5,1059.81,5,4,3,Loyal Customer
CUST006832,9,73,39374.72,5,5,5,Champion
CUST006833,1,6,1800.43,5,5,4,Champion
CUST006834,56,1,528.13,4,1,2,Needs Attention
CUST006835,50,2,910.51,4,3,3,Loyal Customer
CUST006836,115,2,989.66,3,3,3,Loyal Customer
CUST006837,60,9,6455.78,4,5,5,Champion
CUST006840,122,5,2648.7200000000003,3,4,4,Loyal Customer
CUST006841,93,7,4383.09,4,5,5,Champion
CUST006842,85,1,1758.35,4,1,4,Needs Attention
CUST006843,153,2,84.56,3,3,1,Loyal Customer
CUST006845,145,9,5908.71,3,5,5,Loyal Customer
CUST006846,26,4,1872.2900000000002,5,4,4,Champion
CUST006847,886,1,160.87,1,1,1,Lost
CUST006848,98,3,1884.35,4,3,4,Loyal Customer
CUST006849,27,7,4799.52,5,5,5,Champion
CUST006850,14,5,2039.0700000000002,5,4,4,Champion
CUST006851,127,7,4829.0199999999995,3,5,5,Loyal Customer
CUST006852,152,1,478.06,3,1,2,Needs Attention
CUST006854,70,6,3139.58,4,5,5,Champion
CUST006855,11,10,5014.07,5,5,5,Champion
CUST006858,473,2,528.69,1,3,2,At Risk
CUST006860,594,2,685.8,1,3,2,At Risk
CUST006863,68,9,4409.72,4,5,5,Champion
CUST006864,83,1,62.66,4,1,1,Needs Attention
CUST006865,89,3,1097.93,4,3,3,Loyal Customer
CUST006866,919,1,821.74,1,1,2,Lost
CUST006867,102,2,2422.93,3,3,4,Loyal Customer
CUST006869,287,1,537.95,2,1,2,Lost
CUST006871,234,5,4560.33,2,4,5,At Risk
CUST006872,830,1,750.47,1,1,2,Lost
CUST006874,144,7,3499.21,3,5,5,Loyal Customer
CUST006876,11,6,4580.49,5,5,5,Champion
CUST006878,17,4,3905.8,5,4,5,Champion
CUST006879,148,1,124.93,3,1,1,Needs Attention
CUST006880,669,1,1507.76,1,1,3,Lost
CUST006881,12,1,1116.44,5,1,3,Needs Attention
CUST006884,99,2,1153.4499999999998,4,3,3,Loyal Customer
CUST006886,975,1,318.92,1,1,1,Lost
CUST006887,174,2,483.35,3,3,2,Loyal Customer
CUST006888,218,1,130.98,2,1,1,Lost
CUST006890,1,3,890.23,5,3,3,Loyal Customer
CUST006892,60,2,640.69,4,3,2,Loyal Customer
CUST006894,178,2,229.97,3,3,1,Loyal Customer
CUST006895,55,6,3639.65,4,5,5,Champion
CUST006897,877,2,1642.3200000000002,1,3,4,At Risk
CUST006898,174,2,1350.4099999999999,3,3,3,Loyal Customer
CUST006901,20,4,3398.15,5,4,5,Champion
CUST006903,871,1,398.55,1,1,1,Lost
CUST006905,86,1,220.03,4,1,1,Needs Attention
CUST006906,32,3,1859.41,5,3,4,Loyal Customer
CUST006908,234,2,1194.3,2,3,3,At Risk
CUST006909,227,2,693.0,2,3,2,At Risk
CUST006910,111,2,2182.38,3,3,4,Loyal Customer
CUST006911,102,6,2707.22,3,5,4,Loyal Customer
CUST006914,81,4,2409.14,4,4,4,Champion
CUST006916,600,1,335.43,1,1,1,Lost
CUST006917,105,3,915.27,3,3,3,Loyal Customer
CUST006918,64,2,1258.61,4,3,3,Loyal Customer
CUST006919,60,1,886.7,4,1,3,Needs Attention
CUST006921,34,1,396.6,5,1,1,Needs Attention
CUST006923,22,8,3568.41,5,5,5,Champion
CUST006924,391,3,1169.08,2,3,3,At Risk
CUST006926,30,4,2254.73,5,4,4,Champion
CUST006928,152,2,2286.26,3,3,4,Loyal Customer
CUST006931,270,2,982.5,2,3,3,At Risk
CUST006932,633,1,94.14,1,1,1,Lost
CUST006933,183,1,274.98,3,1,1,Needs Attention
CUST006936,276,2,1227.95,2,3,3,At Risk
CUST006937,22,11,8661.06,5,5,5,Champion
CUST006939,178,2,860.04,3,3,2,Loyal Customer
CUST006941,42,2,1252.75,4,3,3,Loyal Customer
CUST006942,555,1,575.6,1,1,2,Lost
CUST006943,236,2,877.89,2,3,3,At Risk
CUST006944,35,12,8880.86,5,5,5,Champion
CUST006945,556,1,1205.16,1,1,3,Lost
CUST006946,465,1,571.72,1,1,2,Lost
CUST006947,164,2,171.69,3,3,1,Loyal Customer
CUST006950,634,1,216.65,1,1,1,Lost
CUST006951,800,1,606.0,1,1,2,Lost
CUST006954,92,2,2848.0400000000004,4,3,4,Loyal Customer
CUST006955,61,8,3251.87,4,5,5,Champion
CUST006956,205,4,3269.06,2,4,5,At Risk
CUST006957,86,4,1476.22,4,4,3,Loyal Customer
CUST006962,6,2,1525.79,5,3,3,Loyal Customer
CUST006963,91,1,45.87,4,1,1,Needs Attention
CUST006964,395,1,322.8,1,1,1,Lost
CUST006965,4,2,1108.3899999999999,5,3,3,Loyal Customer
CUST006966,19,4,1341.23,5,4,3,Loyal Customer
CUST006967,136,1,414.5,3,1,1,Needs Attention
CUST006968,99,3,1901.95,4,3,4,Loyal Customer
CUST006969,269,3,2638.8999999999996,2,3,4,At Risk
CUST006971,272,1,126.9,2,1,1,Lost
CUST006973,87,2,656.71,4,3,2,Loyal Customer
CUST006974,55,12,5618.8099999999995,4,5,5,Champion
CUST006976,400,3,2144.17,1,3,4,At Risk
CUST006978,4,11,5462.27,5,5,5,Champion
CUST006980,286,1,512.64,2,1,2,Lost
CUST006981,477,1,2632.07,1,1,4,Lost
CUST006982,160,2,825.1800000000001,3,3,2,Loyal Customer
CUST006984,4,4,1752.7199999999998,5,4,4,Champion
CUST006985,39,2,878.4,5,3,3,Loyal Customer
CUST006986,57,1,252.0,4,1,1,Needs Attention
CUST006988,61,1,372.5,4,1,1,Needs Attention
CUST006989,578,1,505.38,1,1,2,Lost
CUST006990,28,5,1397.48,5,4,3,Loyal Customer
CUST006992,474,2,1478.19,1,3,3,At Risk
CUST006993,157,2,1508.68,3,3,3,Loyal Customer
CUST006994,91,1,403.15,4,1,1,Needs Attention
CUST006995,4,2,2657.5299999999997,5,3,4,Loyal Customer
CUST006996,54,3,4566.28,4,3,5,Loyal Customer
CUST006997,4,3,2042.45,5,3,4,Loyal Customer
CUST006999,153,4,2185.54,3,4,4,Loyal Customer
CUST007000,515,2,948.16,1,3,3,At Risk
CUST007001,60,5,3200.9,4,4,5,Champion
CUST007002,73,3,2631.63,4,3,4,Loyal Customer
CUST007004,256,1,404.23,2,1,1,Lost
CUST007005,27,17,7517.57,5,5,5,Champion
CUST007007,38,7,3867.76,5,5,5,Champion
CUST007008,329,2,1406.3400000000001,2,3,3,At Risk
CUST007009,860,1,457.2,1,1,2,Lost
CUST007010,237,1,469.6,2,1,2,Lost
CUST007011,42,2,983.46,4,3,3,Loyal Customer
CUST007014,362,1,1352.58,2,1,3,Lost
CUST007015,184,5,2230.1,3,4,4,Loyal Customer
CUST007017,12,2,462.63,5,3,2,Loyal Customer
CUST007018,72,4,2596.77,4,4,4,Champion
CUST007019,52,1,453.17,4,1,2,Needs Attention
CUST007021,514,1,474.71,1,1,2,Lost
CUST007024,17,2,3325.09,5,3,5,Loyal Customer
CUST007025,398,1,138.11,1,1,1,Lost
CUST007026,146,1,1510.17,3,1,3,Needs Attention
CUST007027,382,2,661.83,2,3,2,At Risk
CUST007029,215,1,249.56,2,1,1,Lost
CUST007031,117,4,2569.51,3,4,4,Loyal Customer
CUST007033,241,1,559.73,2,1,2,Lost
CUST007034,739,3,740.52,1,3,2,At Risk
CUST007035,4,2,778.22,5,3,2,Loyal Customer
CUST007036,3,15,9868.27,5,5,5,Champion
CUST007041,241,1,166.74,2,1,1,Lost
CUST007042,109,4,2011.06,3,4,4,Loyal Customer
CUST007044,44,1,1467.03,4,1,3,Needs Attention
CUST007045,298,1,1660.57,2,1,4,Lost
CUST007046,129,2,2908.01,3,3,5,Loyal Customer
CUST007048,87,6,1704.31,4,5,4,Champion
CUST007049,1,3,2783.67,5,4,4,Champion
CUST007050,45,27,12335.07,4,5,5,Champion
CUST007051,6,7,2953.84,5,5,5,Champion
CUST007052,494,1,291.6,1,1,1,Lost
CUST007053,722,3,705.98,1,4,2,At Risk
CUST007054,26,1,232.13,5,1,1,Needs Attention
CUST007056,186,2,1722.8700000000001,3,3,4,Loyal Customer
CUST007057,427,1,79.68,1,1,1,Lost
CUST007059,827,1,294.16,1,1,1,Lost
CUST007061,42,7,5568.66,4,5,5,Champion
CUST007066,500,1,301.4,1,1,1,Lost
CUST007067,28,7,3046.7200000000003,5,5,5,Champion
CUST007068,434,1,300.77,1,1,1,Lost
CUST007069,127,1,357.88,3,1,1,Needs Attention
CUST007070,372,2,688.77,2,3,2,At Risk
CUST007072,484,3,1170.9299999999998,1,4,3,At Risk
CUST007073,462,2,682.18,1,3,2,At Risk
CUST007074,674,2,263.49,1,3,1,At Risk
CUST007076,443,1,249.96,1,1,1,Lost
CUST007077,7,2,1183.01,5,3,3,Loyal Customer
CUST007078,647,1,1567.43,1,1,4,Lost
CUST007079,524,1,290.73,1,1,1,Lost
CUST007083,92,9,5212.32,4,5,5,Champion
CUST007084,273,1,16.68,2,1,1,Lost
CUST007085,145,2,1242.05,3,3,3,Loyal Customer
CUST007087,159,4,1032.02,3,4,3,Loyal Customer
CUST007088,270,3,1477.52,2,4,3,At Risk
CUST007089,106,1,168.07,3,1,1,Needs Attention
CUST007090,41,34,16750.01,4,5,5,Champion
CUST007091,26,4,1577.6100000000001,5,4,4,Champion
CUST007092,40,10,7514.18,4,5,5,Champion
CUST007093,295,3,784.99,2,4,2,At Risk
CUST007095,16,3,1162.81,5,4,3,Loyal Customer
CUST007097,314,2,870.73,2,3,3,At Risk
CUST007098,18,2,2936.49,5,3,5,Loyal Customer
CUST007099,398,1,137.94,1,1,1,Lost
CUST007100,734,2,218.22,1,3,1,At Risk
CUST007101,289,2,2644.63,2,3,4,At Risk
CUST007102,341,2,1619.91,2,3,4,At Risk
CUST007105,86,2,660.21,4,3,2,Loyal Customer
CUST007107,71,2,1165.8700000000001,4,3,3,Loyal Customer
CUST007108,826,1,672.51,1,1,2,Lost
CUST007109,255,1,300.52,2,1,1,Lost
CUST007110,65,1,907.31,4,1,3,Needs Attention
CUST007112,328,2,346.42,2,3,1,At Risk
CUST007113,37,1,150.63,5,1,1,Needs Attention
CUST007115,334,2,1970.08,2,3,4,At Risk
CUST007116,247,1,269.63,2,1,1,Lost
CUST007117,675,1,1029.8,1,1,3,Lost
CUST007119,29,50,27736.58,5,5,5,Champion
CUST007121,85,5,2339.7200000000003,4,4,4,Champion
CUST007122,61,4,3312.45,4,4,5,Champion
CUST007125,100,3,1543.29,4,4,3,Loyal Customer
CUST007126,74,4,2885.98,4,4,4,Champion
CUST007127,237,1,479.46,2,1,2,Lost
CUST007128,99,1,622.82,4,1,2,Needs Attention
CUST007129,122,2,967.44,3,3,3,Loyal Customer
CUST007132,4,5,2471.86,5,4,4,Champion
CUST007134,195,1,112.44,3,1,1,Needs Attention
CUST007137,299,1,251.49,2,1,1,Lost
CUST007139,19,36,18362.13,5,5,5,Champion
CUST007141,2,90,55011.77,5,5,5,Champion
CUST007142,309,1,418.52,2,1,1,Lost
CUST007144,20,4,2331.41,5,4,4,Champion
CUST007146,163,1,390.66,3,1,1,Needs Attention
CUST007148,139,8,3184.39,3,5,5,Loyal Customer
CUST007150,65,3,2612.63,4,4,4,Champion
CUST007154,96,6,2302.94,4,5,4,Champion
CUST007155,89,4,2108.0099999999998,4,4,4,Champion
CUST007156,16,6,1817.21,5,5,4,Champion
CUST007157,269,1,1106.52,2,1,3,Lost
CUST007160,163,2,1188.47,3,3,3,Loyal Customer
CUST007161,33,2,1665.96,5,3,4,Loyal Customer
CUST007163,63,25,11155.1,4,5,5,Champion
CUST007164,186,2,1346.36,3,3,3,Loyal Customer
CUST007166,10,9,6343.88,5,5,5,Champion
CUST007167,119,3,1210.77,3,4,3,Loyal Customer
CUST007169,227,2,2133.07,2,3,4,At Risk
CUST007170,666,1,93.15,1,1,1,Lost
CUST007174,99,1,1165.77,4,1,3,Needs Attention
CUST007176,205,2,1553.04,2,3,3,At Risk
CUST007178,62,7,4972.46,4,5,5,Champion
CUST007179,7,2,990.45,5,3,3,Loyal Customer
CUST007181,230,2,2326.2799999999997,2,3,4,At Risk
CUST007182,36,4,2203.93,5,4,4,Champion
CUST007183,592,1,1596.74,1,1,4,Lost
CUST007184,216,2,1437.68,2,3,3,At Risk
CUST007186,78,4,1666.2,4,4,4,Champion
CUST007187,256,1,280.01,2,1,1,Lost
CUST007189,70,2,461.13,4,3,2,Loyal Customer
CUST007191,6,31,16290.91,5,5,5,Champion
CUST007192,149,1,682.53,3,1,2,Needs Attention
CUST007193,318,1,496.57,2,1,2,Lost
CUST007194,402,3,1211.12,1,4,3,At Risk
CUST007196,373,1,583.02,2,1,2,Lost
CUST007199,181,4,1067.32,3,4,3,Loyal Customer
CUST007200,346,3,4493.56,2,4,5,At Risk
CUST007201,49,6,2471.43,4,5,4,Champion
CUST007202,272,4,2705.26,2,4,4,At Risk
CUST007203,501,2,916.79,1,3,3,At Risk
CUST007205,81,1,107.31,4,1,1,Needs Attention
CUST007209,258,1,727.43,2,1,2,Lost
CUST007211,776,1,483.77,1,1,2,Lost
CUST007212,163,1,576.74,3,1,2,Needs Attention
CUST007213,326,1,258.93,2,1,1,Lost
CUST007214,2,23,8723.08,5,5,5,Champion
CUST007215,420,1,644.56,1,1,2,Lost
CUST007216,385,1,1333.3,2,1,3,Lost
CUST007219,192,3,1345.66,3,4,3,Loyal Customer
CUST007220,68,8,5001.74,4,5,5,Champion
CUST007222,790,1,313.69,1,1,1,Lost
CUST007223,231,1,99.33,2,1,1,Lost
CUST007224,48,1,337.06,4,1,1,Needs Attention
CUST007225,488,1,603.81,1,1,2,Lost
CUST007226,284,2,989.0799999999999,2,3,3,At Risk
CUST007228,261,2,1144.05,2,3,3,At Risk
CUST007229,46,27,14165.880000000001,4,5,5,Champion
CUST007233,583,1,518.72,1,1,2,Lost
CUST007234,92,1,211.92,4,1,1,Needs Attention
CUST007236,308,3,1370.98,2,4,3,At Risk
CUST007237,32,7,5693.74,5,5,5,Champion
CUST007239,122,3,937.55,3,4,3,Loyal Customer
CUST007240,4,12,3797.54,5,5,5,Champion
CUST007243,361,2,307.38,2,3,1,At Risk
CUST007244,34,2,901.65,5,3,3,Loyal Customer
CUST007245,151,1,103.32,3,1,1,Needs Attention
CUST007246,327,1,268.75,2,1,1,Lost
CUST007247,112,2,1101.51,3,3,3,Loyal Customer
CUST007248,265,1,874.89,2,1,3,Lost
CUST007249,212,2,1509.14,2,3,3,At Risk
CUST007250,757,1,496.42,1,1,2,Lost
CUST007251,119,5,3527.0499999999997,3,4,5,Loyal Customer
CUST007253,140,1,319.07,3,1,1,Needs Attention
CUST007254,700,2,684.18,1,3,2,At Risk
CUST007255,360,1,469.77,2,1,2,Lost
CUST007256,304,3,2176.7599999999998,2,4,4,At Risk
CUST007257,52,5,1680.34,4,4,4,Champion
CUST007258,141,5,2997.5,3,4,5,Loyal Customer
CUST007259,47,3,640.71,4,4,2,Loyal Customer
CUST007260,445,1,148.36,1,1,1,Lost
CUST007262,44,7,2899.9,4,5,4,Champion
CUST007264,52,9,5492.28,4,5,5,Champion
CUST007265,7,1,655.71,5,1,2,Needs Attention
CUST007266,394,1,468.53,1,1,2,Lost
CUST007267,65,3,2555.19,4,4,4,Champion
CUST007268,77,5,2750.34,4,4,4,Champion
CUST007269,49,4,1107.05,4,4,3,Loyal Customer
CUST007271,23,9,3783.7699999999995,5,5,5,Champion
CUST007272,483,2,1024.2,1,3,3,At Risk
CUST007273,34,1,78.32,5,1,1,Needs Attention
CUST007274,140,3,2530.61,3,4,4,Loyal Customer
CUST007275,223,2,624.22,2,3,2,At Risk
CUST007276,43,1,170.19,4,1,1,Needs Attention
CUST007277,215,3,1517.5500000000002,2,4,3,At Risk
CUST007278,196,1,1715.58,3,1,4,Needs Attention
CUST007279,107,4,2468.5699999999997,3,4,4,Loyal Customer
CUST007281,123,8,4592.8,3,5,5,Loyal Customer
CUST007282,7,2,334.69,5,3,1,Loyal Customer
CUST007283,959,1,594.3,1,1,2,Lost
CUST007286,268,1,558.42,2,1,2,Lost
CUST007287,16,4,2137.71,5,4,4,Champion
CUST007288,112,2,1536.76,3,3,3,Loyal Customer
CUST007293,665,1,172.61,1,1,1,Lost
CUST007295,26,1,301.18,5,1,1,Needs Attention
CUST007296,594,1,1021.0,1,1,3,Lost
CUST007297,241,3,809.51,2,4,2,At Risk
CUST007299,662,1,515.32,1,1,2,Lost
CUST007300,37,1,104.02,5,1,1,Needs Attention
CUST007301,534,2,864.03,1,3,2,At Risk
CUST007302,82,1,1037.63,4,1,3,Needs Attention
CUST007303,134,3,994.82,3,4,3,Loyal Customer
CUST007304,413,2,1432.62,1,3,3,At Risk
CUST007306,87,2,811.4000000000001,4,3,2,Loyal Customer
CUST007307,527,1,459.37,1,1,2,Lost
CUST007309,329,1,377.74,2,1,1,Lost
CUST007310,140,10,4605.0,3,5,5,Loyal Customer
CUST007311,254,1,92.28,2,1,1,Lost
CUST007314,18,1,241.34,5,1,1,Needs Attention
CUST007315,662,2,841.0699999999999,1,3,2,At Risk
CUST007319,400,1,364.78,1,1,1,Lost
CUST007321,7,6,2695.2599999999998,5,5,4,Champion
CUST007323,121,1,591.43,3,1,2,Needs Attention
CUST007325,423,1,812.75,1,1,2,Lost
CUST007326,227,1,895.33,2,1,3,Lost
CUST007328,20,2,1103.72,5,3,3,Loyal Customer
CUST007329,140,3,2966.7,3,4,5,Loyal Customer
CUST007330,71,3,716.43,4,4,2,Loyal Customer
CUST007331,9,3,2997.46,5,4,5,Champion
CUST007332,74,4,2744.66,4,4,4,Champion
CUST007334,113,1,1228.92,3,1,3,Needs Attention
CUST007335,261,1,768.6,2,1,2,Lost
CUST007337,16,7,3537.13,5,5,5,Champion
CUST007339,262,1,176.95,2,1,1,Lost
CUST007341,162,3,2074.95,3,4,4,Loyal Customer
CUST007342,312,2,446.64000000000004,2,3,2,At Risk
CUST007343,21,8,3229.2,5,5,5,Champion
CUST007344,722,1,611.45,1,1,2,Lost
CUST007345,174,1,1258.34,3,1,3,Needs Attention
CUST007347,97,2,1407.08,4,3,3,Loyal Customer
CUST007348,154,5,1827.6,3,4,4,Loyal Customer
CUST007349,297,1,294.16,2,1,1,Lost
CUST007352,348,1,296.2,2,1,1,Lost
CUST007355,530,2,1245.61,1,3,3,At Risk
CUST007356,70,1,505.38,4,1,2,Needs Attention
CUST007357,878,1,189.09,1,1,1,Lost
CUST007358,223,5,1953.2,2,4,4,At Risk
CUST007359,14,3,3542.68,5,4,5,Champion
CUST007360,187,4,3886.41,3,4,5,Loyal Customer
CUST007361,109,4,2747.69,3,4,4,Loyal Customer
CUST007363,263,3,2045.76,2,4,4,At Risk
CUST007364,85,6,3332.04,4,5,5,Champion
CUST007367,644,2,1881.8200000000002,1,3,4,At Risk
CUST007368,542,1,930.0,1,1,3,Lost
CUST007369,448,4,1801.1599999999999,1,4,4,At Risk
CUST007370,265,3,2315.58,2,4,4,At Risk
CUST007373,827,1,719.71,1,1,2,Lost
CUST007375,223,5,2041.71,2,4,4,At Risk
CUST007377,113,8,2805.7,3,5,4,Loyal Customer
CUST007379,695,1,270.59,1,1,1,Lost
CUST007381,349,2,413.23,2,3,1,At Risk
CUST007382,41,3,1115.6599999999999,4,4,3,Loyal Customer
CUST007384,546,2,1208.8,1,3,3,At Risk
CUST007385,112,2,612.0600000000001,3,3,2,Loyal Customer
CUST007386,142,2,1036.9,3,3,3,Loyal Customer
CUST007387,345,2,1245.56,2,3,3,At Risk
CUST007388,19,2,749.38,5,3,2,Loyal Customer
CUST007389,414,1,352.55,1,1,1,Lost
CUST007390,136,1,322.91,3,1,1,Needs Attention
CUST007392,54,5,1534.29,4,4,3,Loyal Customer
CUST007393,50,5,2082.52,4,4,4,Champion
CUST007394,9,4,1004.66,5,4,3,Loyal Customer
CUST007395,2,9,4853.76,5,5,5,Champion
CUST007396,895,1,392.78,1,1,1,Lost
CUST007399,278,1,1757.88,2,1,4,Lost
CUST007402,124,2,682.5,3,3,2,Loyal Customer
CUST007403,91,2,1450.9,4,3,3,Loyal Customer
CUST007405,84,2,1008.8,4,3,3,Loyal Customer
CUST007406,633,1,1102.08,1,1,3,Lost
CUST007408,13,48,25404.49,5,5,5,Champion
CUST007410,137,2,783.26,3,3,2,Loyal Customer
CUST007411,461,1,168.28,1,1,1,Lost
CUST007412,73,5,1788.1,4,4,4,Champion
CUST007414,281,1,856.36,2,1,2,Lost
CUST007415,4,5,5798.0,5,4,5,Champion
CUST007416,516,2,2242.24,1,3,4,At Risk
CUST007417,565,1,513.67,1,1,2,Lost
CUST007418,232,1,796.17,2,1,2,Lost
CUST007421,67,6,3091.56,4,5,5,Champion
CUST007422,88,3,1208.8899999999999,4,4,3,Loyal Customer
CUST007426,510,1,167.31,1,1,1,Lost
CUST007427,109,2,1838.43,3,3,4,Loyal Customer
CUST007428,127,4,3316.87,3,4,5,Loyal Customer
CUST007429,149,1,332.75,3,1,1,Needs Attention
CUST007430,14,23,13902.18,5,5,5,Champion
CUST007431,32,7,3549.46,5,5,5,Champion
CUST007434,41,1,122.51,4,1,1,Needs Attention
CUST007437,454,1,498.15,1,1,2,Lost
CUST007442,494,1,2472.14,1,1,4,Lost
CUST007444,28,6,1749.64,5,5,4,Champion
CUST007446,73,7,4727.05,4,5,5,Champion
CUST007447,671,1,673.18,1,1,2,Lost
CUST007448,42,3,915.89,4,4,3,Loyal Customer
CUST007449,683,2,1230.72,1,3,3,At Risk
CUST007450,35,10,3855.82,5,5,5,Champion
CUST007452,27,9,4012.13,5,5,5,Champion
CUST007455,372,2,510.97,2,3,2,At Risk
CUST007456,94,4,762.98,4,4,2,Loyal Customer
CUST007457,71,11,7375.9800000000005,4,5,5,Champion
CUST007458,67,3,2036.95,4,4,4,Champion
CUST007459,204,2,579.29,2,3,2,At Risk
CUST007460,49,3,1234.43,4,4,3,Loyal Customer
CUST007461,698,3,3147.19,1,4,5,At Risk
CUST007462,88,2,931.21,4,3,3,Loyal Customer
CUST007465,42,5,3509.56,4,4,5,Champion
CUST007467,85,6,4563.3099999999995,4,5,5,Champion
CUST007468,198,3,2152.4700000000003,3,4,4,Loyal Customer
CUST007469,52,7,4157.5,4,5,5,Champion
CUST007470,8,2,200.69,5,3,1,Loyal Customer
CUST007472,700,1,968.89,1,1,3,Lost
CUST007473,27,15,4764.53,5,5,5,Champion
CUST007474,312,2,1512.72,2,3,3,At Risk
CUST007480,17,1,427.6,5,1,1,Needs Attention
CUST007481,73,16,12373.02,4,5,5,Champion
CUST007482,161,2,168.95999999999998,3,3,1,Loyal Customer
CUST007483,406,3,1303.79,1,4,3,At Risk
CUST007485,300,1,243.07,2,1,1,Lost
CUST007486,69,10,4176.37,4,5,5,Champion
CUST007487,26,13,10218.8,5,5,5,Champion
CUST007489,337,4,2436.37,2,4,4,At Risk
CUST007490,34,1,351.47,5,1,1,Needs Attention
CUST007493,576,1,441.44,1,1,2,Lost
CUST007494,423,2,896.73,1,3,3,At Risk
CUST007496,338,2,324.4,2,3,1,At Risk
CUST007500,32,1,1037.51,5,1,3,Needs Attention
CUST007501,320,1,60.76,2,1,1,Lost
CUST007502,415,1,356.78,1,1,1,Lost
CUST007503,11,33,19546.3,5,5,5,Champion
CUST007504,65,2,996.12,4,3,3,Loyal Customer
CUST007506,94,3,3314.8599999999997,4,4,5,Champion
CUST007508,179,2,771.6,3,3,2,Loyal Customer
CUST007509,56,1,160.8,4,1,1,Needs Attention
CUST007511,548,1,383.2,1,1,1,Lost
CUST007512,153,1,585.64,3,1,2,Needs Attention
CUST007513,111,2,731.15,3,3,2,Loyal Customer
CUST007514,4,8,6198.919999999999,5,5,5,Champion
CUST007515,1,50,26591.85,5,5,5,Champion
CUST007516,376,5,1262.43,2,4,3,At Risk
CUST007517,5,21,11895.75,5,5,5,Champion
CUST007519,493,1,489.83,1,1,2,Lost
CUST007521,287,8,5944.24,2,5,5,At Risk
CUST007522,72,3,2607.12,4,4,4,Champion
CUST007524,2,1,1521.3,5,1,3,Needs Attention
CUST007526,189,2,393.57,3,3,1,Loyal Customer
CUST007527,37,24,13981.59,5,5,5,Champion
CUST007528,246,3,1820.33,2,4,4,At Risk
CUST007529,67,1,99.33,4,1,1,Needs Attention
CUST007530,186,1,330.14,3,1,1,Needs Attention
CUST007532,42,28,21656.18,4,5,5,Champion
CUST007533,5,7,3715.57,5,5,5,Champion
CUST007534,95,2,685.4300000000001,4,3,2,Loyal Customer
CUST007535,373,3,1196.55,2,4,3,At Risk
CUST007536,86,4,3670.0600000000004,4,4,5,Champion
CUST007538,51,10,6535.87,4,5,5,Champion
CUST007539,247,1,611.91,2,1,2,Lost
CUST007542,38,3,2277.3,5,4,4,Champion
CUST007544,5,3,1798.14,5,4,4,Champion
CUST007545,81,7,3113.95,4,5,5,Champion
CUST007546,235,2,1032.26,2,3,3,At Risk
CUST007547,339,1,827.48,2,1,2,Lost
CUST007549,106,1,110.37,3,1,1,Needs Attention
CUST007550,345,1,146.42,2,1,1,Lost
CUST007552,14,8,4377.360000000001,5,5,5,Champion
CUST007553,189,10,4268.47,3,5,5,Loyal Customer
CUST007554,505,1,1407.72,1,1,3,Lost
CUST007555,2,6,3341.3,5,5,5,Champion
CUST007556,95,2,406.90999999999997,4,3,1,Loyal Customer
CUST007557,23,18,13112.78,5,5,5,Champion
CUST007559,163,1,500.1,3,1,2,Needs Attention
CUST007560,795,1,313.19,1,1,1,Lost
CUST007564,345,1,560.78,2,1,2,Lost
CUST007566,300,2,854.76,2,3,2,At Risk
CUST007567,13,3,1561.79,5,4,4,Champion
CUST007568,19,15,7042.67,5,5,5,Champion
CUST007570,59,5,1395.8700000000001,4,4,3,Loyal Customer
CUST007571,191,4,1472.6299999999999,3,4,3,Loyal Customer
CUST007573,27,2,1500.44,5,3,3,Loyal Customer
CUST007574,613,3,3023.93,1,4,5,At Risk
CUST007576,122,4,1932.84,3,4,4,Loyal Customer
CUST007577,257,1,571.14,2,1,2,Lost
CUST007578,1,45,22310.52,5,5,5,Champion
CUST007579,4,5,1880.3,5,4,4,Champion
CUST007580,741,1,1083.21,1,1,3,Lost
CUST007581,51,1,653.96,4,1,2,Needs Attention
CUST007582,2,13,8428.52,5,5,5,Champion
CUST007583,42,9,6752.72,4,5,5,Champion
CUST007584,210,4,3294.43,2,4,5,At Risk
CUST007587,38,4,2673.0299999999997,5,4,4,Champion
CUST007591,18,2,999.45,5,3,3,Loyal Customer
CUST007593,44,5,2460.66,4,4,4,Champion
CUST007594,128,5,3426.7400000000002,3,4,5,Loyal Customer
CUST007595,24,1,1113.05,5,1,3,Needs Attention
CUST007596,77,4,1903.68,4,4,4,Champion
CUST007597,116,17,11977.95,3,5,5,Loyal Customer
CUST007599,190,4,2931.7799999999997,3,4,5,Loyal Customer
CUST007600,236,3,1887.0500000000002,2,4,4,At Risk
CUST007601,199,5,2693.21,3,4,4,Loyal Customer
CUST007603,5,18,7559.55,5,5,5,Champion
CUST007609,692,1,1592.19,1,1,4,Lost
CUST007610,459,2,1031.75,1,3,3,At Risk
CUST007611,824,1,198.97,1,1,1,Lost
CUST007612,511,2,1580.21,1,3,4,At Risk
CUST007613,211,5,3538.7799999999997,2,4,5,At Risk
CUST007614,105,2,502.65000000000003,3,3,2,Loyal Customer
CUST007615,14,9,6174.08,5,5,5,Champion
CUST007618,193,1,393.68,3,1,1,Needs Attention
CUST007620,36,2,1319.78,5,3,3,Loyal Customer
CUST007621,207,2,579.1899999999999,2,3,2,At Risk
CUST007622,371,3,4680.34,2,4,5,At Risk
CUST007625,13,1,120.74,5,1,1,Needs Attention
CUST007626,33,16,7216.7699999999995,5,5,5,Champion
CUST007628,421,3,2170.9900000000002,1,4,4,At Risk
CUST007629,5,17,8456.87,5,5,5,Champion
CUST007630,41,12,6147.18,4,5,5,Champion
CUST007633,476,1,1980.72,1,1,4,Lost
CUST007634,141,4,4270.47,3,4,5,Loyal Customer
CUST007635,74,2,1658.22,4,3,4,Loyal Customer
CUST007636,24,9,2646.9,5,5,4,Champion
CUST007637,15,2,1137.08,5,3,3,Loyal Customer
CUST007639,100,1,1335.21,4,1,3,Needs Attention
CUST007643,143,6,2617.29,3,5,4,Loyal Customer
CUST007645,623,3,552.6,1,4,2,At Risk
CUST007646,226,2,127.94999999999999,2,3,1,At Risk
CUST007647,127,2,830.82,3,3,2,Loyal Customer
CUST007648,119,6,4626.46,3,5,5,Loyal Customer
CUST007649,379,1,571.41,2,1,2,Lost
CUST007652,351,2,351.26,2,3,1,At Risk
CUST007654,97,11,5771.49,4,5,5,Champion
CUST007656,237,3,1294.37,2,4,3,At Risk
CUST007657,611,1,407.87,1,1,1,Lost
CUST007662,24,10,6283.68,5,5,5,Champion
CUST007663,56,6,3325.09,4,5,5,Champion
CUST007665,339,1,231.19,2,1,1,Lost
CUST007666,134,2,2126.12,3,3,4,Loyal Customer
CUST007668,29,48,27885.18,5,5,5,Champion
CUST007670,929,1,249.37,1,1,1,Lost
CUST007671,190,3,2376.1800000000003,3,4,4,Loyal Customer
CUST007674,338,2,2710.79,2,3,4,At Risk
CUST007675,106,1,105.08,3,1,1,Needs Attention
CUST007676,465,1,529.11,1,1,2,Lost
CUST007678,42,1,2250.62,4,1,4,Needs Attention
CUST007679,102,3,2760.7799999999997,3,4,4,Loyal Customer
CUST007680,56,1,441.02,4,1,2,Needs Attention
CUST007682,28,1,836.57,5,1,2,Needs Attention
CUST007683,352,2,1803.2999999999997,2,3,4,At Risk
CUST007684,3,15,9595.39,5,5,5,Champion
CUST007685,37,2,1312.77,5,3,3,Loyal Customer
CUST007687,600,1,139.53,1,1,1,Lost
CUST007696,201,2,765.62,3,3,2,Loyal Customer
CUST007697,60,3,1207.57,4,4,3,Loyal Customer
CUST007699,176,1,87.15,3,1,1,Needs Attention
CUST007702,15,1,589.74,5,1,2,Needs Attention
CUST007704,299,2,461.55,2,3,2,At Risk
CUST007705,10,4,3628.2799999999997,5,4,5,Champion
CUST007706,110,4,1228.84,3,4,3,Loyal Customer
CUST007707,438,2,1081.87,1,3,3,At Risk
CUST007708,58,6,2625.34,4,5,4,Champion
CUST007711,216,2,951.37,2,3,3,At Risk
CUST007712,220,6,3613.2599999999998,2,5,5,At Risk
CUST007713,562,1,268.75,1,1,1,Lost
CUST007715,668,1,443.45,1,1,2,Lost
CUST007716,87,3,1443.68,4,4,3,Loyal Customer
CUST007719,67,3,1608.24,4,4,4,Champion
CUST007721,205,4,1469.39,2,4,3,At Risk
CUST007722,221,3,980.54,2,4,3,At Risk
CUST007723,67,1,467.24,4,1,2,Needs Attention
CUST007725,567,1,388.55,1,1,1,Lost
CUST007729,148,4,2655.0,3,4,4,Loyal Customer
CUST007732,448,1,291.36,1,1,1,Lost
CUST007733,965,1,474.04,1,1,2,Lost
CUST007734,328,1,120.7,2,1,1,Lost
CUST007735,296,1,53.37,2,1,1,Lost
CUST007736,796,1,774.81,1,1,2,Lost
CUST007737,758,1,1003.55,1,1,3,Lost
CUST007739,70,1,19.68,4,1,1,Needs Attention
CUST007741,473,2,978.79,1,3,3,At Risk
CUST007743,206,1,261.56,2,1,1,Lost
CUST007746,856,1,218.22,1,1,1,Lost
CUST007748,17,4,2370.96,5,4,4,Champion
CUST007749,601,1,551.94,1,1,2,Lost
CUST007751,16,14,6591.9,5,5,5,Champion
CUST007752,121,2,265.8,3,3,1,Loyal Customer
CUST007753,23,6,2510.23,5,5,4,Champion
CUST007756,8,16,9443.14,5,5,5,Champion
CUST007757,6,2,449.75,5,3,2,Loyal Customer
CUST007758,427,2,1441.46,1,3,3,At Risk
CUST007759,204,1,488.12,2,1,2,Lost
CUST007761,122,1,1272.19,3,1,3,Needs Attention
CUST007763,76,1,244.01,4,1,1,Needs Attention
CUST007764,57,2,1271.52,4,3,3,Loyal Customer
CUST007766,86,5,1384.4,4,4,3,Loyal Customer
CUST007769,296,1,944.77,2,1,3,Lost
CUST007770,16,4,1697.12,5,4,4,Champion
CUST007771,81,1,82.0,4,1,1,Needs Attention
CUST007772,310,2,455.84000000000003,2,3,2,At Risk
CUST007773,90,4,2398.61,4,4,4,Champion
CUST007775,11,51,33562.69,5,5,5,Champion
CUST007776,53,4,2811.02,4,4,4,Champion
CUST007778,1,4,1142.78,5,4,3,Loyal Customer
CUST007779,388,2,605.7,2,3,2,At Risk
CUST007781,399,1,944.58,1,1,3,Lost
CUST007784,513,1,718.39,1,1,2,Lost
CUST007785,9,1,603.38,5,1,2,Needs Attention
CUST007786,171,4,2698.93,3,4,4,Loyal Customer
CUST007787,180,2,516.5,3,3,2,Loyal Customer
CUST007788,39,2,213.46,5,3,1,Loyal Customer
CUST007789,20,2,658.17,5,3,2,Loyal Customer
CUST007790,22,13,8966.35,5,5,5,Champion
CUST007792,160,1,241.34,3,1,1,Needs Attention
CUST007793,14,8,3714.0099999999998,5,5,5,Champion
CUST007796,22,18,9938.28,5,5,5,Champion
CUST007797,32,14,10575.56,5,5,5,Champion
CUST007798,572,2,1382.1599999999999,1,3,3,At Risk
CUST007800,156,3,1394.68,3,4,3,Loyal Customer
CUST007801,257,1,867.57,2,1,2,Lost
CUST007803,110,4,1642.09,3,4,4,Loyal Customer
CUST007806,303,1,574.35,2,1,2,Lost
CUST007807,606,1,1381.82,1,1,3,Lost
CUST007808,440,2,1419.44,1,3,3,At Risk
CUST007809,88,2,440.75,4,3,2,Loyal Customer
CUST007810,341,1,296.22,2,1,1,Lost
CUST007811,363,1,326.22,2,1,1,Lost
CUST007812,382,1,1247.3,2,1,3,Lost
CUST007813,499,1,660.48,1,1,2,Lost
CUST007815,199,1,763.69,3,1,2,Needs Attention
CUST007816,50,2,1182.1399999999999,4,3,3,Loyal Customer
CUST007817,13,3,4130.92,5,4,5,Champion
CUST007818,648,2,1581.75,1,3,4,At Risk
CUST007819,266,2,653.77,2,3,2,At Risk
CUST007820,325,1,1602.88,2,1,4,Lost
CUST007821,147,3,1204.33,3,4,3,Loyal Customer
CUST007822,389,2,888.5,2,3,3,At Risk
CUST007823,294,4,3326.8599999999997,2,4,5,At Risk
CUST007824,133,3,1598.4,3,4,4,Loyal Customer
CUST007827,3,6,3040.19,5,5,5,Champion
CUST007828,86,2,1388.61,4,3,3,Loyal Customer
CUST007830,10,1,56.38,5,1,1,Needs Attention
CUST007831,428,1,741.4,1,1,2,Lost
CUST007832,321,1,1461.54,2,1,3,Lost
CUST007833,90,1,500.35,4,1,2,Needs Attention
CUST007834,540,1,734.81,1,1,2,Lost
CUST007836,69,2,632.8,4,3,2,Loyal Customer
CUST007839,45,5,4318.02,4,4,5,Champion
CUST007840,41,4,2967.2999999999997,4,4,5,Champion
CUST007842,6,7,4216.51,5,5,5,Champion
CUST007843,183,3,669.8100000000001,3,4,2,Loyal Customer
CUST007846,20,14,8780.1,5,5,5,Champion
CUST007847,25,5,1605.2,5,4,4,Champion
CUST007848,38,1,1228.57,5,1,3,Needs Attention
CUST007849,205,1,537.06,2,1,2,Lost
CUST007852,170,1,144.06,3,1,1,Needs Attention
CUST007853,358,2,803.9200000000001,2,3,2,At Risk
CUST007854,958,1,107.8,1,1,1,Lost
CUST007856,215,4,3847.98,2,4,5,At Risk
CUST007857,34,3,1681.46,5,4,4,Champion
CUST007861,317,1,74.47,2,1,1,Lost
CUST007863,77,3,2599.88,4,4,4,Champion
CUST007864,106,1,558.22,3,1,2,Needs Attention
CUST007865,400,2,447.41,1,3,2,At Risk
CUST007866,642,2,458.15999999999997,1,3,2,At Risk
CUST007867,511,1,241.76,1,1,1,Lost
CUST007868,28,1,1406.14,5,1,3,Needs Attention
CUST007869,5,47,29067.61,5,5,5,Champion
CUST007870,448,1,560.38,1,1,2,Lost
CUST007871,318,1,217.2,2,1,1,Lost
CUST007873,49,4,1644.62,4,4,4,Champion
CUST007874,16,34,15167.07,5,5,5,Champion
CUST007875,152,1,273.43,3,1,1,Needs Attention
CUST007878,179,1,1011.07,3,1,3,Needs Attention
CUST007879,353,2,1520.62,2,3,3,At Risk
CUST007880,219,1,122.25,2,1,1,Lost
CUST007881,45,3,1124.6599999999999,4,4,3,Loyal Customer
CUST007882,192,1,258.52,3,1,1,Needs Attention
CUST007883,78,1,203.88,4,1,1,Needs Attention
CUST007886,43,6,2889.95,4,5,4,Champion
CUST007887,356,1,209.44,2,1,1,Lost
CUST007888,54,2,1424.9299999999998,4,3,3,Loyal Customer
CUST007891,57,2,1597.86,4,3,4,Loyal Customer
CUST007892,95,4,4578.03,4,4,5,Champion
CUST007893,484,2,589.23,1,3,2,At Risk
CUST007894,73,3,2769.4700000000003,4,4,4,Champion
CUST007895,9,5,1443.46,5,4,3,Loyal Customer
CUST007896,289,1,640.83,2,1,2,Lost
CUST007897,401,1,660.48,1,1,2,Lost
CUST007900,257,1,225.86,2,1,1,Lost
CUST007901,111,2,1376.17,3,3,3,Loyal Customer
CUST007902,217,1,118.61,2,1,1,Lost
CUST007903,676,1,283.32,1,1,1,Lost
CUST007904,222,2,751.1600000000001,2,3,2,At Risk
CUST007905,131,1,571.72,3,1,2,Needs Attention
CUST007910,101,2,893.13,4,3,3,Loyal Customer
CUST007911,3,7,2435.64,5,5,4,Champion
CUST007913,11,6,4763.45,5,5,5,Champion
CUST007916,462,1,357.32,1,1,1,Lost
CUST007921,161,2,927.95,3,3,3,Loyal Customer
CUST007923,163,4,818.84,3,4,2,Loyal Customer
CUST007927,72,6,2379.04,4,5,4,Champion
CUST007929,419,1,151.14,1,1,1,Lost
CUST007931,220,1,613.85,2,1,2,Lost
CUST007932,572,1,255.33,1,1,1,Lost
CUST007933,350,1,412.96,2,1,1,Lost
CUST007935,177,2,549.27,3,3,2,Loyal Customer
CUST007936,461,1,1165.14,1,1,3,Lost
CUST007939,292,2,1263.87,2,3,3,At Risk
CUST007940,628,1,65.19,1,1,1,Lost
CUST007941,121,4,3298.73,3,4,5,Loyal Customer
CUST007943,2,17,9825.73,5,5,5,Champion
CUST007944,52,12,6554.22,4,5,5,Champion
CUST007945,209,3,1590.66,2,4,4,At Risk
CUST007946,29,10,6368.57,5,5,5,Champion
CUST007952,133,1,813.65,3,1,2,Needs Attention
CUST007953,19,5,1197.21,5,4,3,Loyal Customer
CUST007955,931,1,244.18,1,1,1,Lost
CUST007956,149,5,2398.75,3,4,4,Loyal Customer
CUST007960,147,4,2141.15,3,4,4,Loyal Customer
CUST007961,261,7,4112.45,2,5,5,At Risk
CUST007962,328,1,783.51,2,1,2,Lost
CUST007963,57,4,2526.99,4,4,4,Champion
CUST007965,341,1,300.88,2,1,1,Lost
CUST007966,171,1,744.36,3,1,2,Needs Attention
CUST007969,128,3,2901.0699999999997,3,4,4,Loyal Customer
CUST007970,67,1,1449.2,4,1,3,Needs Attention
CUST007974,50,3,1350.01,4,4,3,Loyal Customer
CUST007977,43,2,714.6899999999999,4,3,2,Loyal Customer
CUST007980,104,1,384.25,3,1,1,Needs Attention
CUST007981,230,2,2247.38,2,3,4,At Risk
CUST007982,196,1,592.4,3,1,2,Needs Attention
CUST007984,136,2,1635.95,3,3,4,Loyal Customer
CUST007985,95,1,331.12,4,1,1,Needs Attention
CUST007987,98,4,1848.1399999999999,4,4,4,Champion
CUST007988,548,1,47.22,1,1,1,Lost
CUST007989,361,2,1715.32,2,3,4,At Risk
CUST007991,321,7,4975.89,2,5,5,At Risk
CUST007993,224,3,1782.6299999999999,2,4,4,At Risk
CUST007994,425,1,358.23,1,1,1,Lost
CUST007996,317,2,1132.69,2,3,3,At Risk
CUST007999,56,2,1025.91,4,3,3,Loyal Customer
CUST008003,152,1,275.98,3,1,1,Needs Attention
CUST008004,606,2,1476.53,1,3,3,At Risk
CUST008005,47,2,911.27,4,3,3,Loyal Customer
CUST008006,121,12,7218.04,3,5,5,Loyal Customer
CUST008007,944,1,1156.03,1,1,3,Lost
CUST008009,26,3,1240.01,5,4,3,Loyal Customer
CUST008010,81,2,227.1,4,3,1,Loyal Customer
CUST008011,417,1,1362.38,1,1,3,Lost
CUST008012,62,1,518.63,4,1,2,Needs Attention
CUST008014,88,3,2240.2,4,4,4,Champion
CUST008015,78,5,1911.12,4,4,4,Champion
CUST008016,147,4,1642.08,3,4,4,Loyal Customer
CUST008017,202,3,1386.81,3,4,3,Loyal Customer
CUST008018,234,2,823.0,2,3,2,At Risk
CUST008021,361,1,186.01,2,1,1,Lost
CUST008023,177,3,624.34,3,4,2,Loyal Customer
CUST008024,9,1,585.34,5,1,2,Needs Attention
CUST008029,93,4,926.74,4,4,3,Loyal Customer
CUST008030,135,3,749.1100000000001,3,4,2,Loyal Customer
CUST008032,110,4,1794.99,3,4,4,Loyal Customer
CUST008033,385,1,642.16,2,1,2,Lost
CUST008034,129,3,1053.79,3,4,3,Loyal Customer
CUST008037,566,1,916.12,1,1,3,Lost
CUST008039,17,5,1340.31,5,4,3,Loyal Customer
CUST008041,70,1,571.35,4,1,2,Needs Attention
CUST008042,460,2,867.53,1,3,2,At Risk
CUST008043,470,1,916.76,1,1,3,Lost
CUST008045,62,4,1556.23,4,4,3,Loyal Customer
CUST008046,59,1,108.71,4,1,1,Needs Attention
CUST008048,69,10,5608.83,4,5,5,Champion
CUST008050,37,2,819.31,5,3,2,Loyal Customer
CUST008052,611,1,42.09,1,1,1,Lost
CUST008053,138,4,3413.96,3,4,5,Loyal Customer
CUST008055,318,1,321.32,2,1,1,Lost
CUST008056,26,4,3654.6,5,4,5,Champion
CUST008058,119,2,1000.84,3,3,3,Loyal Customer
CUST008061,38,4,2246.65,5,4,4,Champion
CUST008062,566,2,938.9399999999999,1,3,3,At Risk
CUST008065,148,3,1093.49,3,4,3,Loyal Customer
CUST008067,481,1,775.15,1,1,2,Lost
CUST008069,631,1,52.9,1,1,1,Lost
CUST008070,417,1,480.0,1,1,2,Lost
CUST008071,816,1,500.74,1,1,2,Lost
CUST008072,33,4,3744.2799999999997,5,4,5,Champion
CUST008073,215,4,2198.56,2,4,4,At Risk
CUST008074,178,3,2829.44,3,4,4,Loyal Customer
CUST008075,234,1,649.95,2,1,2,Lost
CUST008076,928,1,636.19,1,1,2,Lost
CUST008077,14,8,3801.87,5,5,5,Champion
CUST008080,898,1,390.14,1,1,1,Lost
CUST008082,41,1,426.31,4,1,1,Needs Attention
CUST008084,448,1,606.23,1,1,2,Lost
CUST008085,147,5,5779.28,3,4,5,Loyal Customer
CUST008086,168,2,737.46,3,3,2,Loyal Customer
CUST008087,304,4,2727.64,2,4,4,At Risk
CUST008088,23,2,1309.98,5,3,3,Loyal Customer
CUST008091,241,3,1273.53,2,4,3,At Risk
CUST008092,51,1,673.44,4,1,2,Needs Attention
CUST008095,98,8,4252.01,4,5,5,Champion
CUST008099,72,3,392.89,4,4,1,Loyal Customer
CUST008100,332,4,1987.4,2,4,4,At Risk
CUST008101,377,2,163.81,2,3,1,At Risk
CUST008104,158,9,4455.8,3,5,5,Loyal Customer
CUST008105,190,1,181.35,3,1,1,Needs Attention
CUST008106,872,1,155.29,1,1,1,Lost
CUST008109,479,1,528.58,1,1,2,Lost
CUST008110,211,5,2382.13,2,4,4,At Risk
CUST008111,24,25,9715.28,5,5,5,Champion
CUST008112,37,5,3737.5299999999997,5,4,5,Champion
CUST008114,4,4,2759.9900000000002,5,4,4,Champion
CUST008115,49,7,3782.0,4,5,5,Champion
CUST008117,114,12,9207.73,3,5,5,Loyal Customer
CUST008118,371,2,2820.5099999999998,2,3,4,At Risk
CUST008119,234,8,4035.3599999999997,2,5,5,At Risk
CUST008120,291,4,3841.48,2,4,5,At Risk
CUST008122,827,1,1157.33,1,1,3,Lost
CUST008123,363,2,1754.3200000000002,2,3,4,At Risk
CUST008125,63,1,98.23,4,1,1,Needs Attention
CUST008129,3,14,6288.07,5,5,5,Champion
CUST008131,90,8,2594.62,4,5,4,Champion
CUST008133,196,4,1280.9099999999999,3,4,3,Loyal Customer
CUST008135,1018,1,553.6,1,1,2,Lost
CUST008136,75,1,834.05,4,1,2,Needs Attention
CUST008137,13,10,6876.51,5,5,5,Champion
CUST008139,110,1,1031.81,3,1,3,Needs Attention
CUST008140,81,2,1216.15,4,3,3,Loyal Customer
CUST008141,538,1,237.22,1,1,1,Lost
CUST008142,223,3,1244.26,2,4,3,At Risk
CUST008143,382,2,1406.21,2,3,3,At Risk
CUST008146,134,1,279.48,3,1,1,Needs Attention
CUST008147,605,1,560.38,1,1,2,Lost
CUST008149,564,1,95.5,1,1,1,Lost
CUST008150,19,4,1306.03,5,4,3,Loyal Customer
CUST008151,129,5,2696.46,3,4,4,Loyal Customer
CUST008153,163,3,2104.45,3,4,4,Loyal Customer
CUST008154,39,9,5861.21,5,5,5,Champion
CUST008155,36,3,1786.49,5,4,4,Champion
CUST008156,25,50,26939.03,5,5,5,Champion
CUST008157,124,1,984.8,3,1,3,Needs Attention
CUST008158,145,2,1399.59,3,3,3,Loyal Customer
CUST008159,314,1,645.1,2,1,2,Lost
CUST008160,792,1,134.97,1,1,1,Lost
CUST008161,168,1,178.93,3,1,1,Needs Attention
CUST008162,718,2,413.59,1,3,1,At Risk
CUST008163,402,1,95.77,1,1,1,Lost
CUST008165,35,3,1746.96,5,4,4,Champion
CUST008166,91,2,1749.6200000000001,4,3,4,Loyal Customer
CUST008167,36,3,251.82,5,4,1,Loyal Customer
CUST008171,15,8,4295.43,5,5,5,Champion
CUST008172,167,2,456.09,3,3,2,Loyal Customer
CUST008173,254,1,921.34,2,1,3,Lost
CUST008174,2,56,28502.95,5,5,5,Champion
CUST008175,158,1,1241.24,3,1,3,Needs Attention
CUST008177,158,2,1075.4,3,3,3,Loyal Customer
CUST008179,402,1,319.64,1,1,1,Lost
CUST008180,1084,1,210.9,1,1,1,Lost
CUST008182,304,2,870.1800000000001,2,3,2,At Risk
CUST008184,303,4,561.99,2,4,2,At Risk
CUST008185,93,1,644.93,4,1,2,Needs Attention
CUST008186,741,1,323.32,1,1,1,Lost
CUST008188,115,4,2439.6,3,4,4,Loyal Customer
CUST008189,10,4,2898.19,5,4,4,Champion
CUST008191,160,1,807.06,3,1,2,Needs Attention
CUST008193,1,8,4226.110000000001,5,5,5,Champion
CUST008195,122,3,741.56,3,4,2,Loyal Customer
CUST008199,40,5,3829.2400000000002,4,4,5,Champion
CUST008200,134,7,2703.77,3,5,4,Loyal Customer
CUST008201,17,4,1232.42,5,4,3,Loyal Customer
CUST008203,333,1,724.59,2,1,2,Lost
CUST008204,7,64,34450.71,5,5,5,Champion
CUST008208,43,1,387.64,4,1,1,Needs Attention
CUST008209,809,1,166.07,1,1,1,Lost
CUST008210,324,1,716.54,2,1,2,Lost
CUST008211,21,13,7537.79,5,5,5,Champion
CUST008212,325,1,653.78,2,1,2,Lost
CUST008213,167,1,1085.43,3,1,3,Needs Attention
CUST008214,1,6,2125.61,5,5,4,Champion
CUST008215,195,1,656.24,3,1,2,Needs Attention
CUST008216,17,21,9723.78,5,5,5,Champion
CUST008219,315,1,539.75,2,1,2,Lost
CUST008220,54,2,4553.47,4,3,5,Loyal Customer
CUST008224,270,1,560.55,2,1,2,Lost
CUST008225,64,2,1335.31,4,3,3,Loyal Customer
CUST008226,102,4,2363.8999999999996,3,4,4,Loyal Customer
CUST008229,354,2,1422.8400000000001,2,3,3,At Risk
CUST008231,29,4,2591.71,5,4,4,Champion
CUST008232,23,1,483.77,5,1,2,Needs Attention
CUST008234,190,6,2463.04,3,5,4,Loyal Customer
CUST008237,7,7,3832.52,5,5,5,Champion
CUST008238,36,4,2311.79,5,4,4,Champion
CUST008241,437,1,778.1,1,1,2,Lost
CUST008242,438,2,1217.11,1,3,3,At Risk
CUST008243,35,3,1231.44,5,4,3,Loyal Customer
CUST008246,45,8,5051.3099999999995,4,5,5,Champion
CUST008250,51,1,320.04,4,1,1,Needs Attention
CUST008251,38,21,10369.49,5,5,5,Champion
CUST008252,163,9,3809.29,3,5,5,Loyal Customer
CUST008254,3,15,7338.21,5,5,5,Champion
CUST008255,846,1,1100.07,1,1,3,Lost
CUST008256,143,3,1846.88,3,4,4,Loyal Customer
CUST008258,252,2,3044.7000000000003,2,3,5,At Risk
CUST008261,228,4,2145.58,2,4,4,At Risk
CUST008263,4,21,11289.44,5,5,5,Champion
CUST008264,446,1,166.66,1,1,1,Lost
CUST008266,83,4,2314.06,4,4,4,Champion
CUST008270,765,1,344.6,1,1,1,Lost
CUST008271,274,4,3187.78,2,4,5,At Risk
CUST008272,150,2,2458.8399999999997,3,3,4,Loyal Customer
CUST008273,437,1,319.45,1,1,1,Lost
CUST008275,8,10,4636.03,5,5,5,Champion
CUST008276,228,1,703.4,2,1,2,Lost
CUST008277,372,1,195.96,2,1,1,Lost
CUST008281,501,1,250.6,1,1,1,Lost
CUST008282,31,4,1708.28,5,4,4,Champion
CUST008283,22,4,2149.4900000000002,5,4,4,Champion
CUST008284,600,2,976.86,1,3,3,At Risk
CUST008286,249,1,166.74,2,1,1,Lost
CUST008287,542,4,1259.52,1,4,3,At Risk
CUST008288,47,2,816.11,4,3,2,Loyal Customer
CUST008289,69,4,2490.56,4,4,4,Champion
CUST008291,648,1,908.02,1,1,3,Lost
CUST008292,33,1,233.62,5,1,1,Needs Attention
CUST008295,4,4,2600.48,5,4,4,Champion
CUST008296,116,1,233.4,3,1,1,Needs Attention
CUST008297,226,1,460.33,2,1,2,Lost
CUST008298,150,3,3272.03,3,4,5,Loyal Customer
CUST008301,303,1,1570.38,2,1,4,Lost
CUST008302,175,2,1631.2800000000002,3,3,4,Loyal Customer
CUST008303,7,7,2126.02,5,5,4,Champion
CUST008304,443,1,293.54,1,1,1,Lost
CUST008305,7,36,25631.9,5,5,5,Champion
CUST008307,14,1,744.08,5,1,2,Needs Attention
CUST008309,6,3,1903.4,5,4,4,Champion
CUST008310,344,1,319.05,2,1,1,Lost
CUST008311,104,2,1332.63,3,3,3,Loyal Customer
CUST008314,197,3,1624.8899999999999,3,4,4,Loyal Customer
CUST008316,22,2,321.69,5,3,1,Loyal Customer
CUST008317,200,2,1454.1799999999998,3,3,3,Loyal Customer
CUST008319,158,1,227.99,3,1,1,Needs Attention
CUST008321,319,3,1415.72,2,4,3,At Risk
CUST008323,84,2,2355.41,4,3,4,Loyal Customer
CUST008325,857,1,978.6,1,1,3,Lost
CUST008328,226,1,880.67,2,1,3,Lost
CUST008329,36,8,6727.57,5,5,5,Champion
CUST008330,536,1,854.09,1,1,2,Lost
CUST008331,114,10,4854.26,3,5,5,Loyal Customer
CUST008332,682,1,821.72,1,1,2,Lost
CUST008335,14,2,501.89,5,3,2,Loyal Customer
CUST008338,129,4,3978.58,3,4,5,Loyal Customer
CUST008340,16,1,291.01,5,1,1,Needs Attention
CUST008346,2,2,1839.5500000000002,5,3,4,Loyal Customer
CUST008349,88,2,2154.83,4,3,4,Loyal Customer
CUST008351,55,2,1398.13,4,3,3,Loyal Customer
CUST008352,287,1,1150.93,2,1,3,Lost
CUST008353,41,1,704.4,4,1,2,Needs Attention
CUST008354,8,3,3984.9199999999996,5,4,5,Champion
CUST008355,148,6,3246.83,3,5,5,Loyal Customer
CUST008356,314,1,962.65,2,1,3,Lost
CUST008359,398,2,493.21,1,3,2,At Risk
CUST008360,888,1,747.66,1,1,2,Lost
CUST008361,331,3,2393.9,2,4,4,At Risk
CUST008362,843,1,460.33,1,1,2,Lost
CUST008364,286,1,372.67,2,1,1,Lost
CUST008365,765,2,562.3299999999999,1,3,2,At Risk
CUST008367,5,9,6104.91,5,5,5,Champion
CUST008368,195,2,2072.69,3,3,4,Loyal Customer
CUST008369,761,2,852.7099999999999,1,3,2,At Risk
CUST008371,153,2,723.03,3,3,2,Loyal Customer
CUST008373,166,4,5358.48,3,4,5,Loyal Customer
CUST008374,91,2,1735.56,4,3,4,Loyal Customer
CUST008375,138,1,92.01,3,1,1,Needs Attention
CUST008377,70,2,639.22,4,3,2,Loyal Customer
CUST008378,390,1,881.04,2,1,3,Lost
CUST008381,196,1,420.27,3,1,1,Needs Attention
CUST008382,95,2,1547.8200000000002,4,3,3,Loyal Customer
CUST008383,223,1,572.17,2,1,2,Lost
CUST008384,56,1,227.28,4,1,1,Needs Attention
CUST008387,201,2,1235.06,3,3,3,Loyal Customer
CUST008389,496,1,35.21,1,1,1,Lost
CUST008390,110,1,704.13,3,1,2,Needs Attention
CUST008391,296,3,1511.02,2,4,3,At Risk
CUST008393,57,5,3584.62,4,4,5,Champion
CUST008395,757,1,200.65,1,1,1,Lost
CUST008396,477,1,1156.77,1,1,3,Lost
CUST008398,214,2,1255.1399999999999,2,3,3,At Risk
CUST008399,652,1,810.27,1,1,2,Lost
CUST008401,235,1,1061.54,2,1,3,Lost
CUST008403,215,5,2196.44,2,4,4,At Risk
CUST008404,585,1,137.94,1,1,1,Lost
CUST008406,198,3,1546.26,3,4,3,Loyal Customer
CUST008407,69,2,683.51,4,3,2,Loyal Customer
CUST008412,53,5,2325.5,4,4,4,Champion
CUST008413,25,3,471.35,5,4,2,Loyal Customer
CUST008414,261,6,3246.71,2,5,5,At Risk
CUST008415,114,1,1036.7,3,1,3,Needs Attention
CUST008418,8,5,1376.97,5,4,3,Loyal Customer
CUST008419,16,10,5353.92,5,5,5,Champion
CUST008421,31,3,1313.85,5,4,3,Loyal Customer
CUST008422,67,4,2780.96,4,4,4,Champion
CUST008424,191,2,890.72,3,3,3,Loyal Customer
CUST008427,5,7,1839.98,5,5,4,Champion
CUST008429,93,2,524.3,4,3,2,Loyal Customer
CUST008430,580,1,649.5,1,1,2,Lost
CUST008431,40,4,2959.58,4,4,5,Champion
CUST008432,35,6,3569.75,5,5,5,Champion
CUST008434,661,2,1919.67,1,3,4,At Risk
CUST008435,47,7,3348.31,4,5,5,Champion
CUST008436,202,6,2747.43,3,5,4,Loyal Customer
CUST008437,9,4,2143.63,5,4,4,Champion
CUST008438,360,2,865.64,2,3,2,At Risk
CUST008440,167,4,2822.5,3,4,4,Loyal Customer
CUST008441,143,1,102.1,3,1,1,Needs Attention
CUST008442,131,1,472.01,3,1,2,Needs Attention
CUST008443,47,5,4155.76,4,4,5,Champion
CUST008446,97,11,7594.16,4,5,5,Champion
CUST008448,2,8,3711.14,5,5,5,Champion
CUST008450,267,2,2144.51,2,3,4,At Risk
CUST008452,104,2,467.5,3,3,2,Loyal Customer
CUST008454,12,20,15280.77,5,5,5,Champion
CUST008456,213,3,1868.21,2,4,4,At Risk
CUST008458,536,1,270.59,1,1,1,Lost
CUST008459,15,8,5899.29,5,5,5,Champion
CUST008462,129,2,1179.2800000000002,3,3,3,Loyal Customer
CUST008463,6,4,2997.8900000000003,5,4,5,Champion
CUST008464,296,2,1019.47,2,3,3,At Risk
CUST008467,39,11,5209.88,5,5,5,Champion
CUST008469,451,1,246.05,1,1,1,Lost
CUST008471,510,1,2699.82,1,1,4,Lost
CUST008472,334,1,13.32,2,1,1,Lost
CUST008474,3,2,932.54,5,3,3,Loyal Customer
CUST008475,146,1,284.35,3,1,1,Needs Attention
CUST008476,483,1,289.89,1,1,1,Lost
CUST008477,62,9,5133.16,4,5,5,Champion
CUST008479,341,2,169.67000000000002,2,3,1,At Risk
CUST008481,562,2,579.19,1,3,2,At Risk
CUST008482,415,1,173.59,1,1,1,Lost
CUST008483,47,6,1713.3999999999999,4,5,4,Champion
CUST008484,382,1,222.65,2,1,1,Lost
CUST008485,4,4,3795.14,5,4,5,Champion
CUST008486,59,5,2255.94,4,4,4,Champion
CUST008488,135,1,926.65,3,1,3,Needs Attention
CUST008489,61,3,1388.2,4,4,3,Loyal Customer
CUST008490,3,15,8116.78,5,5,5,Champion
CUST008491,93,2,566.73,4,3,2,Loyal Customer
CUST008493,6,8,4198.7,5,5,5,Champion
CUST008495,132,3,2018.7,3,4,4,Loyal Customer
CUST008498,731,1,391.42,1,1,1,Lost
CUST008499,171,1,126.9,3,1,1,Needs Attention
CUST008500,10,4,5016.25,5,4,5,Champion
CUST008501,215,2,1403.81,2,3,3,At Risk
CUST008502,377,1,386.22,2,1,1,Lost
CUST008505,802,1,252.44,1,1,1,Lost
CUST008506,94,2,320.65,4,3,1,Loyal Customer
CUST008509,301,4,1696.4899999999998,2,4,4,At Risk
CUST008513,5,26,14811.45,5,5,5,Champion
CUST008514,26,5,3435.88,5,4,5,Champion
CUST008515,209,1,210.76,2,1,1,Lost
CUST008516,207,2,1403.08,2,3,3,At Risk
CUST008517,399,2,611.77,1,3,2,At Risk
CUST008518,811,1,103.7,1,1,1,Lost
CUST008520,172,1,223.34,3,1,1,Needs Attention
CUST008522,853,1,454.24,1,1,2,Lost
CUST008527,94,2,606.23,4,3,2,Loyal Customer
CUST008528,565,1,450.63,1,1,2,Lost
CUST008529,192,4,3063.31,3,4,5,Loyal Customer
CUST008530,386,1,286.84,2,1,1,Lost
CUST008531,669,1,420.24,1,1,1,Lost
CUST008532,11,3,2229.8,5,4,4,Champion
CUST008536,37,4,1953.91,5,4,4,Champion
CUST008537,110,2,1383.94,3,3,3,Loyal Customer
CUST008538,76,2,604.63,4,3,2,Loyal Customer
CUST008540,13,13,7688.4,5,5,5,Champion
CUST008542,673,1,516.96,1,1,2,Lost
CUST008543,145,4,1682.1399999999999,3,4,4,Loyal Customer
CUST008548,121,3,1889.1100000000001,3,4,4,Loyal Customer
CUST008550,196,3,2346.45,3,4,4,Loyal Customer
CUST008554,30,3,2428.13,5,4,4,Champion
CUST008555,405,1,403.68,1,1,1,Lost
CUST008556,560,2,2062.6800000000003,1,3,4,At Risk
CUST008558,68,1,58.31,4,1,1,Needs Attention
CUST008559,33,6,3273.1,5,5,5,Champion
CUST008561,513,1,85.81,1,1,1,Lost
CUST008562,248,1,269.67,2,1,1,Lost
CUST008564,3,17,9739.73,5,5,5,Champion
CUST008566,30,9,3637.85,5,5,5,Champion
CUST008567,549,1,461.08,1,1,2,Lost
CUST008569,62,9,4590.900000000001,4,5,5,Champion
CUST008570,1,15,6128.73,5,5,5,Champion
CUST008571,38,10,6689.9,5,5,5,Champion
CUST008572,2,5,3360.75,5,4,5,Champion
CUST008575,168,1,281.16,3,1,1,Needs Attention
CUST008577,108,5,2113.0699999999997,3,4,4,Loyal Customer
CUST008578,402,3,1179.91,1,4,3,At Risk
CUST008580,729,2,3157.9799999999996,1,3,5,At Risk
CUST008581,58,6,2563.8,4,5,4,Champion
CUST008582,111,2,1208.7,3,3,3,Loyal Customer
CUST008585,155,1,186.25,3,1,1,Needs Attention
CUST008587,891,1,828.63,1,1,2,Lost
CUST008590,6,1,975.7,5,1,3,Needs Attention
CUST008592,18,4,2098.28,5,4,4,Champion
CUST008595,8,6,2479.7200000000003,5,5,4,Champion
CUST008596,687,1,682.53,1,1,2,Lost
CUST008598,177,4,2837.7,3,4,4,Loyal Customer
CUST008600,167,2,1883.5800000000002,3,3,4,Loyal Customer
CUST008601,45,3,1924.95,4,4,4,Champion
CUST008602,778,1,593.79,1,1,2,Lost
CUST008603,32,1,1196.19,5,1,3,Needs Attention
CUST008606,100,6,1774.28,4,5,4,Champion
CUST008608,659,1,330.33,1,1,1,Lost
CUST008613,46,1,1042.62,4,1,3,Needs Attention
CUST008616,415,1,184.83,1,1,1,Lost
CUST008617,102,3,1151.98,3,4,3,Loyal Customer
CUST008618,333,1,464.96,2,1,2,Lost
CUST008620,215,1,472.95,2,1,2,Lost
CUST008621,169,3,1777.55,3,4,4,Loyal Customer
CUST008622,39,1,249.56,5,1,1,Needs Attention
CUST008623,430,2,264.57,1,3,1,At Risk
CUST008625,354,3,1662.02,2,4,4,At Risk
CUST008626,104,2,1525.72,3,3,3,Loyal Customer
CUST008627,347,3,724.35,2,4,2,At Risk
CUST008628,600,1,1695.61,1,1,4,Lost
CUST008630,149,2,363.79999999999995,3,3,1,Loyal Customer
CUST008631,292,1,129.34,2,1,1,Lost
CUST008632,57,16,11723.52,4,5,5,Champion
CUST008633,330,1,45.86,2,1,1,Lost
CUST008634,127,1,490.76,3,1,2,Needs Attention
CUST008636,135,2,1545.94,3,3,3,Loyal Customer
CUST008637,40,17,7645.28,4,5,5,Champion
CUST008638,1,4,3972.39,5,4,5,Champion
CUST008639,230,2,1577.27,2,3,4,At Risk
CUST008640,305,1,815.06,2,1,2,Lost
CUST008641,493,2,1391.9099999999999,1,3,3,At Risk
CUST008646,186,6,3366.27,3,5,5,Loyal Customer
CUST008648,5,2,1471.6,5,3,3,Loyal Customer
CUST008650,67,5,4648.83,4,4,5,Champion
CUST008651,147,1,301.4,3,1,1,Needs Attention
CUST008652,282,3,2840.45,2,4,4,At Risk
CUST008653,530,1,1010.54,1,1,3,Lost
CUST008654,51,10,7082.83,4,5,5,Champion
CUST008660,421,1,342.56,1,1,1,Lost
CUST008661,777,1,1178.82,1,1,3,Lost
CUST008662,277,2,620.5,2,3,2,At Risk
CUST008663,21,4,1938.95,5,4,4,Champion
CUST008664,8,5,2018.6299999999999,5,4,4,Champion
CUST008667,330,1,226.07,2,1,1,Lost
CUST008669,19,4,2993.75,5,4,5,Champion
CUST008670,162,1,314.1,3,1,1,Needs Attention
CUST008671,249,1,566.56,2,1,2,Lost
CUST008673,585,1,142.95,1,1,1,Lost
CUST008674,52,3,2204.2200000000003,4,4,4,Champion
CUST008675,118,2,1277.0700000000002,3,3,3,Loyal Customer
CUST008676,13,12,7627.37,5,5,5,Champion
CUST008677,2,511,304929.27,5,5,5,Champion
CUST008678,60,3,1443.71,4,4,3,Loyal Customer
CUST008681,175,2,861.95,3,3,2,Loyal Customer
CUST008682,8,16,7375.4400000000005,5,5,5,Champion
CUST008684,190,1,508.86,3,1,2,Needs Attention
CUST008685,18,11,7915.48,5,5,5,Champion
CUST008686,367,1,76.69,2,1,1,Lost
CUST008690,119,1,563.64,3,1,2,Needs Attention
CUST008691,100,5,6357.54,4,4,5,Champion
CUST008692,75,2,1178.0700000000002,4,3,3,Loyal Customer
CUST008696,458,1,1198.16,1,1,3,Lost
CUST008698,776,2,595.15,1,3,2,At Risk
CUST008699,12,8,5055.25,5,5,5,Champion
CUST008700,61,9,3933.49,4,5,5,Champion
CUST008701,265,2,1696.75,2,3,4,At Risk
CUST008702,255,2,882.87,2,3,3,At Risk
CUST008704,87,5,3553.49,4,4,5,Champion
CUST008708,395,2,1306.1399999999999,1,3,3,At Risk
CUST008709,775,1,811.65,1,1,2,Lost
CUST008710,10,24,9862.58,5,5,5,Champion
CUST008711,3,2,707.66,5,3,2,Loyal Customer
CUST008712,4,6,2164.09,5,5,4,Champion
CUST008713,257,1,297.46,2,1,1,Lost
CUST008715,21,2,1122.61,5,3,3,Loyal Customer
CUST008716,573,1,1671.82,1,1,4,Lost
CUST008718,82,3,1070.6,4,4,3,Loyal Customer
CUST008719,211,1,958.92,2,1,3,Lost
CUST008720,56,1,3000.46,4,1,5,Needs Attention
CUST008723,217,1,2088.12,2,1,4,Lost
CUST008725,565,1,487.7,1,1,2,Lost
CUST008726,20,12,6130.48,5,5,5,Champion
CUST008727,23,9,5261.92,5,5,5,Champion
CUST008728,59,1,726.14,4,1,2,Needs Attention
CUST008729,5,5,3724.56,5,4,5,Champion
CUST008731,298,2,936.57,2,3,3,At Risk
CUST008732,33,4,3645.7300000000005,5,4,5,Champion
CUST008734,56,6,2206.54,4,5,4,Champion
CUST008735,375,2,652.39,2,3,2,At Risk
CUST008736,712,1,425.72,1,1,1,Lost
CUST008744,182,3,1729.29,3,4,4,Loyal Customer
CUST008745,2,22,14479.55,5,5,5,Champion
CUST008746,494,2,767.13,1,3,2,At Risk
CUST008748,32,3,1274.7,5,4,3,Loyal Customer
CUST008749,324,5,1972.17,2,4,4,At Risk
CUST008750,137,5,2292.83,3,4,4,Loyal Customer
CUST008751,15,3,1150.63,5,4,3,Loyal Customer
CUST008752,69,3,733.62,4,4,2,Loyal Customer
CUST008755,105,1,87.15,3,1,1,Needs Attention
CUST008757,3,64,34747.42,5,5,5,Champion
CUST008759,135,7,3867.9,3,5,5,Loyal Customer
CUST008761,836,1,99.18,1,1,1,Lost
CUST008763,370,1,241.76,2,1,1,Lost
CUST008764,8,2,888.74,5,3,3,Loyal Customer
CUST008766,14,15,7115.45,5,5,5,Champion
CUST008771,1,4,1900.6599999999999,5,4,4,Champion
CUST008773,341,1,834.76,2,1,2,Lost
CUST008776,659,2,1374.1,1,3,3,At Risk
CUST008777,498,3,1177.19,1,4,3,At Risk
CUST008778,502,1,378.32,1,1,1,Lost
CUST008779,20,5,2211.25,5,4,4,Champion
CUST008781,59,2,552.62,4,3,2,Loyal Customer
CUST008782,490,5,1619.98,1,4,4,At Risk
CUST008783,438,2,647.28,1,3,2,At Risk
CUST008784,262,1,1312.66,2,1,3,Lost
CUST008785,28,4,3960.5699999999997,5,4,5,Champion
CUST008786,77,4,3207.3700000000003,4,4,5,Champion
CUST008788,377,3,2481.54,2,4,4,At Risk
CUST008789,685,1,851.98,1,1,2,Lost
CUST008790,29,6,6383.87,5,5,5,Champion
CUST008791,299,1,669.67,2,1,2,Lost
CUST008792,11,7,3672.4900000000002,5,5,5,Champion
CUST008794,260,1,317.74,2,1,1,Lost
CUST008795,616,1,532.94,1,1,2,Lost
CUST008796,334,2,613.75,2,3,2,At Risk
CUST008799,417,1,310.77,1,1,1,Lost
CUST008800,391,1,108.51,2,1,1,Lost
CUST008801,803,1,922.78,1,1,3,Lost
CUST008803,1,1,446.78,5,1,2,Needs Attention
CUST008810,234,1,1964.27,2,1,4,Lost
CUST008813,325,1,610.53,2,1,2,Lost
CUST008814,61,5,2181.33,4,4,4,Champion
CUST008816,16,33,18493.57,5,5,5,Champion
CUST008819,68,8,4794.56,4,5,5,Champion
CUST008820,926,1,546.22,1,1,2,Lost
CUST008822,166,1,512.73,3,1,2,Needs Attention
CUST008825,128,6,2631.78,3,5,4,Loyal Customer
CUST008826,40,13,7460.36,4,5,5,Champion
CUST008828,388,2,252.4,2,3,1,At Risk
CUST008829,278,1,503.64,2,1,2,Lost
CUST008831,272,3,1457.15,2,4,3,At Risk
CUST008832,396,1,301.4,1,1,1,Lost
CUST008835,329,1,461.79,2,1,2,Lost
CUST008837,51,9,3108.31,4,5,5,Champion
CUST008838,226,2,691.67,2,3,2,At Risk
CUST008840,393,1,894.16,1,1,3,Lost
CUST008841,36,9,4654.23,5,5,5,Champion
CUST008842,32,5,2576.74,5,4,4,Champion
CUST008843,214,1,503.64,2,1,2,Lost
CUST008844,139,1,882.34,3,1,3,Needs Attention
CUST008845,594,1,85.01,1,1,1,Lost
CUST008846,51,1,543.41,4,1,2,Needs Attention
CUST008847,179,4,1314.6299999999999,3,4,3,Loyal Customer
CUST008849,19,7,2919.28,5,5,5,Champion
CUST008851,106,2,1453.3600000000001,3,3,3,Loyal Customer
CUST008853,497,1,396.53,1,1,1,Lost
CUST008856,14,23,16797.739999999998,5,5,5,Champion
CUST008858,71,2,697.92,4,3,2,Loyal Customer
CUST008859,9,3,744.23,5,4,2,Loyal Customer
CUST008861,183,1,74.91,3,1,1,Needs Attention
CUST008862,875,1,1574.44,1,1,4,Lost
CUST008863,288,1,56.4,2,1,1,Lost
CUST008864,81,7,2242.44,4,5,4,Champion
CUST008866,131,1,442.04,3,1,2,Needs Attention
CUST008868,17,2,1391.29,5,3,3,Loyal Customer
CUST008871,449,2,723.82,1,3,2,At Risk
CUST008873,40,30,17860.14,4,5,5,Champion
CUST008875,69,1,283.32,4,1,1,Needs Attention
CUST008879,56,1,91.51,4,1,1,Needs Attention
CUST008880,241,6,1557.34,2,5,4,At Risk
CUST008881,675,1,514.82,1,1,2,Lost
CUST008883,87,1,1096.53,4,1,3,Needs Attention
CUST008884,501,1,18.74,1,1,1,Lost
CUST008886,48,14,7616.09,4,5,5,Champion
CUST008887,247,4,2329.9900000000002,2,4,4,At Risk
CUST008888,38,11,4129.08,5,5,5,Champion
CUST008890,70,1,402.66,4,1,1,Needs Attention
CUST008891,110,2,600.46,3,3,2,Loyal Customer
CUST008892,322,1,512.14,2,1,2,Lost
CUST008894,12,48,30398.13,5,5,5,Champion
CUST008895,22,6,1649.2,5,5,4,Champion
CUST008898,231,3,1838.6799999999998,2,4,4,At Risk
CUST008899,145,3,922.22,3,4,3,Loyal Customer
CUST008900,131,2,498.90999999999997,3,3,2,Loyal Customer
CUST008905,132,1,172.42,3,1,1,Needs Attention
CUST008908,149,2,532.61,3,3,2,Loyal Customer
CUST008909,318,3,2581.34,2,4,4,At Risk
CUST008910,440,1,520.77,1,1,2,Lost
CUST008912,41,1,160.2,4,1,1,Needs Attention
CUST008914,4,3,468.47999999999996,5,4,2,Loyal Customer
CUST008916,18,4,987.41,5,4,3,Loyal Customer
CUST008917,290,4,3061.06,2,4,5,At Risk
CUST008918,443,2,598.1800000000001,1,3,2,At Risk
CUST008920,190,5,3448.6499999999996,3,4,5,Loyal Customer
CUST008922,14,2,2722.76,5,3,4,Loyal Customer
CUST008924,81,12,8019.63,4,5,5,Champion
CUST008925,276,1,1315.88,2,1,3,Lost
CUST008926,34,1,119.85,5,1,1,Needs Attention
CUST008927,115,2,356.9,3,3,1,Loyal Customer
CUST008928,98,1,480.06,4,1,2,Needs Attention
CUST008930,55,2,352.53,4,3,1,Loyal Customer
CUST008931,229,3,1709.33,2,4,4,At Risk
CUST008932,359,1,99.93,2,1,1,Lost
CUST008935,63,1,1108.2,4,1,3,Needs Attention
CUST008936,58,2,615.94,4,3,2,Loyal Customer
CUST008938,141,1,743.43,3,1,2,Needs Attention
CUST008940,423,1,474.28,1,1,2,Lost
CUST008942,149,1,247.0,3,1,1,Needs Attention
CUST008944,315,3,1372.02,2,4,3,At Risk
CUST008946,20,3,2079.77,5,4,4,Champion
CUST008947,767,1,69.44,1,1,1,Lost
CUST008948,110,1,243.11,3,1,1,Needs Attention
CUST008949,72,5,1955.41,4,4,4,Champion
CUST008950,108,3,1242.48,3,4,3,Loyal Customer
CUST008951,55,10,6156.87,4,5,5,Champion
CUST008952,68,4,2116.89,4,4,4,Champion
CUST008954,607,1,749.38,1,1,2,Lost
CUST008956,17,6,1777.6399999999999,5,5,4,Champion
CUST008957,446,1,1869.8,1,1,4,Lost
CUST008958,222,2,1197.96,2,3,3,At Risk
CUST008959,74,5,1968.34,4,4,4,Champion
CUST008960,33,20,18482.98,5,5,5,Champion
CUST008961,219,3,3705.2200000000003,2,4,5,At Risk
CUST008962,376,2,280.55,2,3,1,At Risk
CUST008963,311,1,398.55,2,1,1,Lost
CUST008965,3,26,17071.27,5,5,5,Champion
CUST008966,93,3,944.08,4,4,3,Loyal Customer
CUST008967,182,2,340.98,3,3,1,Loyal Customer
CUST008969,7,5,2298.69,5,4,4,Champion
CUST008970,91,1,295.56,4,1,1,Needs Attention
CUST008971,87,1,214.88,4,1,1,Needs Attention
CUST008973,499,1,163.11,1,1,1,Lost
CUST008975,193,2,1383.87,3,3,3,Loyal Customer
CUST008977,111,4,2722.11,3,4,4,Loyal Customer
CUST008980,26,2,600.37,5,3,2,Loyal Customer
CUST008981,3,4,1123.21,5,4,3,Loyal Customer
CUST008982,234,4,1161.05,2,4,3,At Risk
CUST008985,99,2,674.77,4,3,2,Loyal Customer
CUST008987,422,1,223.34,1,1,1,Lost
CUST008988,15,1,1320.77,5,1,3,Needs Attention
CUST008990,200,2,481.64000000000004,3,3,2,Loyal Customer
CUST008992,217,1,86.03,2,1,1,Lost
CUST008993,327,2,1953.58,2,3,4,At Risk
CUST008995,12,9,6980.03,5,5,5,Champion
CUST008996,223,2,2604.33,2,3,4,At Risk
CUST008999,34,2,1026.31,5,3,3,Loyal Customer
CUST009000,206,3,921.6600000000001,2,4,3,At Risk
CUST009001,338,1,2441.24,2,1,4,Lost
CUST009002,70,5,1960.44,4,4,4,Champion
CUST009003,17,8,4624.49,5,5,5,Champion
CUST009004,20,4,2390.92,5,4,4,Champion
CUST009006,550,1,96.43,1,1,1,Lost
CUST009007,533,1,241.06,1,1,1,Lost
CUST009008,144,1,1540.45,3,1,3,Needs Attention
CUST009009,178,3,3794.99,3,4,5,Loyal Customer
CUST009010,72,3,2600.03,4,4,4,Champion
CUST009011,816,1,566.51,1,1,2,Lost
CUST009013,456,1,735.66,1,1,2,Lost
CUST009014,570,1,790.36,1,1,2,Lost
CUST009016,514,2,345.35,1,3,1,At Risk
CUST009018,162,5,3485.34,3,4,5,Loyal Customer
CUST009021,277,1,558.94,2,1,2,Lost
CUST009022,96,6,3687.33,4,5,5,Champion
CUST009024,4,23,14015.150000000001,5,5,5,Champion
CUST009025,289,1,517.63,2,1,2,Lost
CUST009026,64,10,4234.08,4,5,5,Champion
CUST009029,70,4,1917.4,4,4,4,Champion
CUST009030,29,21,10336.27,5,5,5,Champion
CUST009031,49,5,3579.69,4,4,5,Champion
CUST009032,225,3,2755.13,2,4,4,At Risk
CUST009035,47,1,677.37,4,1,2,Needs Attention
CUST009036,87,1,888.28,4,1,3,Needs Attention
CUST009038,469,1,78.32,1,1,1,Lost
CUST009039,10,1,91.67,5,1,1,Needs Attention
CUST009041,192,1,106.73,3,1,1,Needs Attention
CUST009043,468,2,1326.38,1,3,3,At Risk
CUST009046,7,6,2179.79,5,5,4,Champion
CUST009047,174,1,522.47,3,1,2,Needs Attention
CUST009049,344,1,502.94,2,1,2,Lost
CUST009054,294,1,39.39,2,1,1,Lost
CUST009055,1,4,2668.89,5,4,4,Champion
CUST009057,243,1,300.93,2,1,1,Lost
CUST009058,352,1,175.71,2,1,1,Lost
CUST009060,65,1,1388.1,4,1,3,Needs Attention
CUST009062,319,1,494.18,2,1,2,Lost
CUST009063,203,1,510.51,3,1,2,Needs Attention
CUST009064,359,2,1065.57,2,3,3,At Risk
CUST009065,458,3,1087.06,1,4,3,At Risk
CUST009069,81,5,2677.91,4,4,4,Champion
CUST009070,317,2,182.92000000000002,2,3,1,At Risk
CUST009071,61,3,3287.5699999999997,4,4,5,Champion
CUST009072,26,2,2580.54,5,3,4,Loyal Customer
CUST009073,173,1,211.25,3,1,1,Needs Attention
CUST009075,10,7,5385.599999999999,5,5,5,Champion
CUST009076,65,4,1049.8400000000001,4,4,3,Loyal Customer
CUST009078,57,3,2304.9,4,4,4,Champion
CUST009079,502,3,501.89,1,4,2,At Risk
CUST009081,60,5,2322.02,4,4,4,Champion
CUST009082,151,1,174.73,3,1,1,Needs Attention
CUST009087,3,11,7249.42,5,5,5,Champion
CUST009088,91,20,9922.6,4,5,5,Champion
CUST009089,221,2,846.14,2,3,2,At Risk
CUST009091,698,1,824.73,1,1,2,Lost
CUST009093,45,7,4019.64,4,5,5,Champion
CUST009094,60,1,253.22,4,1,1,Needs Attention
CUST009096,83,5,2696.84,4,4,4,Champion
CUST009098,128,1,645.1,3,1,2,Needs Attention
CUST009100,8,14,6065.08,5,5,5,Champion
CUST009101,1007,1,941.07,1,1,3,Lost
CUST009102,18,4,2275.23,5,4,4,Champion
CUST009103,110,10,4425.5,3,5,5,Loyal Customer
CUST009106,56,1,1569.57,4,1,4,Needs Attention
CUST009107,322,1,1754.81,2,1,4,Lost
CUST009109,209,4,1644.55,2,4,4,At Risk
CUST009111,61,4,1052.52,4,4,3,Loyal Customer
CUST009116,230,2,804.12,2,3,2,At Risk
CUST009117,266,2,671.24,2,3,2,At Risk
CUST009118,50,2,868.56,4,3,2,Loyal Customer
CUST009119,102,3,1717.3999999999999,3,4,4,Loyal Customer
CUST009120,438,1,217.64,1,1,1,Lost
CUST009122,64,4,1866.94,4,4,4,Champion
CUST009123,248,2,281.33000000000004,2,3,1,At Risk
CUST009125,27,5,3496.87,5,4,5,Champion
CUST009126,12,23,11358.78,5,5,5,Champion
CUST009127,20,3,1438.84,5,4,3,Loyal Customer
CUST009128,733,1,219.25,1,1,1,Lost
CUST009129,120,1,130.98,3,1,1,Needs Attention
CUST009131,237,2,763.27,2,3,2,At Risk
CUST009132,66,3,1181.48,4,4,3,Loyal Customer
CUST009136,44,2,755.08,4,3,2,Loyal Customer
CUST009138,156,1,199.88,3,1,1,Needs Attention
CUST009139,8,9,5224.94,5,5,5,Champion
CUST009141,77,7,6713.29,4,5,5,Champion
CUST009142,765,1,78.37,1,1,1,Lost
CUST009145,236,1,562.54,2,1,2,Lost
CUST009147,307,5,2998.54,2,4,5,At Risk
CUST009148,883,1,1073.2,1,1,3,Lost
CUST009149,405,5,1651.0900000000001,1,4,4,At Risk
CUST009150,350,3,755.0899999999999,2,4,2,At Risk
CUST009151,57,1,749.78,4,1,2,Needs Attention
CUST009153,38,5,4305.16,5,4,5,Champion
CUST009154,536,2,1308.6399999999999,1,3,3,At Risk
CUST009156,108,12,5291.400000000001,3,5,5,Loyal Customer
CUST009157,684,1,696.62,1,1,2,Lost
CUST009158,666,1,464.96,1,1,2,Lost
CUST009160,330,3,1226.4,2,4,3,At Risk
CUST009161,557,1,696.93,1,1,2,Lost
CUST009163,47,1,94.96,4,1,1,Needs Attention
CUST009164,7,1,310.19,5,1,1,Needs Attention
CUST009167,198,1,499.45,3,1,2,Needs Attention
CUST009169,156,3,1126.73,3,4,3,Loyal Customer
CUST009172,303,4,2693.9700000000003,2,4,4,At Risk
CUST009173,175,2,927.15,3,3,3,Loyal Customer
CUST009175,299,1,32.91,2,1,1,Lost
CUST009177,61,11,5624.93,4,5,5,Champion
CUST009180,2,2,1283.3899999999999,5,3,3,Loyal Customer
CUST009181,84,3,809.91,4,4,2,Loyal Customer
CUST009183,34,6,1500.55,5,5,3,Loyal Customer
CUST009185,187,1,492.5,3,1,2,Needs Attention
CUST009187,68,1,648.34,4,1,2,Needs Attention
CUST009188,42,1,450.63,4,1,2,Needs Attention
CUST009190,118,2,502.73,3,3,2,Loyal Customer
CUST009191,267,1,609.3,2,1,2,Lost
CUST009194,22,6,3631.86,5,5,5,Champion
CUST009195,234,2,1049.58,2,3,3,At Risk
CUST009196,386,2,904.57,2,3,3,At Risk
CUST009198,102,1,1426.28,3,1,3,Needs Attention
CUST009201,835,1,447.1,1,1,2,Lost
CUST009202,54,4,1079.63,4,4,3,Loyal Customer
CUST009203,531,1,321.12,1,1,1,Lost
CUST009205,564,1,1604.98,1,1,4,Lost
CUST009206,689,1,62.0,1,1,1,Lost
CUST009209,188,2,2352.0,3,3,4,Loyal Customer
CUST009210,71,10,4488.57,4,5,5,Champion
CUST009211,53,10,4300.349999999999,4,5,5,Champion
CUST009213,260,1,311.49,2,1,1,Lost
CUST009215,424,1,206.21,1,1,1,Lost
CUST009217,685,1,110.47,1,1,1,Lost
CUST009219,546,1,458.38,1,1,2,Lost
CUST009221,98,3,1596.67,4,4,4,Champion
CUST009223,150,6,2430.0699999999997,3,5,4,Loyal Customer
CUST009224,252,1,311.04,2,1,1,Lost
CUST009225,244,1,448.09,2,1,2,Lost
CUST009226,109,8,3905.71,3,5,5,Loyal Customer
CUST009227,518,1,1357.42,1,1,3,Lost
CUST009228,25,3,3583.08,5,4,5,Champion
CUST009229,561,1,734.43,1,1,2,Lost
CUST009230,41,4,2722.8999999999996,4,4,4,Champion
CUST009231,208,2,1184.35,2,3,3,At Risk
CUST009232,87,1,316.24,4,1,1,Needs Attention
CUST009233,488,2,1578.72,1,3,4,At Risk
CUST009234,254,1,411.18,2,1,1,Lost
CUST009235,434,1,401.56,1,1,1,Lost
CUST009236,204,1,707.87,2,1,2,Lost
CUST009237,33,6,2408.36,5,5,4,Champion
CUST009239,43,3,2077.99,4,4,4,Champion
CUST009243,2,4,3024.4,5,4,5,Champion
CUST009244,114,3,1421.55,3,4,3,Loyal Customer
CUST009245,1,14,8514.67,5,5,5,Champion
CUST009247,76,1,52.9,4,1,1,Needs Attention
CUST009249,186,1,448.13,3,1,2,Needs Attention
CUST009251,293,1,313.99,2,1,1,Lost
CUST009252,208,2,856.35,2,3,2,At Risk
CUST009255,1,8,6020.27,5,5,5,Champion
CUST009256,99,2,1454.42,4,3,3,Loyal Customer
CUST009257,234,4,1164.73,2,4,3,At Risk
CUST009258,83,4,2772.3599999999997,4,4,4,Champion
CUST009261,24,8,4435.610000000001,5,5,5,Champion
CUST009263,127,2,1478.02,3,3,3,Loyal Customer
CUST009266,23,4,3885.2,5,4,5,Champion
CUST009268,94,1,330.26,4,1,1,Needs Attention
CUST009270,576,1,127.81,1,1,1,Lost
CUST009271,65,1,1016.03,4,1,3,Needs Attention
CUST009272,62,14,6690.38,4,5,5,Champion
CUST009273,90,2,1644.99,4,3,4,Loyal Customer
CUST009274,223,2,741.97,2,3,2,At Risk
CUST009275,162,1,206.01,3,1,1,Needs Attention
CUST009276,273,1,87.15,2,1,1,Lost
CUST009278,263,1,95.23,2,1,1,Lost
CUST009280,47,2,809.53,4,3,2,Loyal Customer
CUST009281,937,1,383.52,1,1,1,Lost
CUST009282,341,1,737.61,2,1,2,Lost
CUST009284,449,1,607.0,1,1,2,Lost
CUST009285,79,4,1103.19,4,4,3,Loyal Customer
CUST009286,157,1,1046.41,3,1,3,Needs Attention
CUST009287,20,3,909.04,5,4,3,Loyal Customer
CUST009288,50,2,678.69,4,3,2,Loyal Customer
CUST009289,34,6,2204.4,5,5,4,Champion
CUST009293,74,4,4453.92,4,4,5,Champion
CUST009294,243,2,1498.85,2,3,3,At Risk
CUST009295,9,2,929.83,5,3,3,Loyal Customer
CUST009297,36,3,2387.53,5,4,4,Champion
CUST009299,26,4,3222.91,5,4,5,Champion
CUST009300,362,1,1469.73,2,1,3,Lost
CUST009305,846,1,341.87,1,1,1,Lost
CUST009306,208,1,1778.21,2,1,4,Lost
CUST009307,830,1,366.69,1,1,1,Lost
CUST009309,351,2,763.87,2,3,2,At Risk
CUST009310,252,3,695.24,2,4,2,At Risk
CUST009312,41,4,1859.61,4,4,4,Champion
CUST009313,477,1,652.5,1,1,2,Lost
CUST009318,39,4,1510.74,5,4,3,Loyal Customer
CUST009320,67,5,2109.12,4,4,4,Champion
CUST009321,155,4,4553.08,3,4,5,Loyal Customer
CUST009322,5,4,2291.01,5,4,4,Champion
CUST009323,115,2,411.12,3,3,1,Loyal Customer
CUST009325,282,4,1925.47,2,4,4,At Risk
CUST009326,107,8,6346.7,3,5,5,Loyal Customer
CUST009328,261,1,307.88,2,1,1,Lost
CUST009329,379,1,81.69,2,1,1,Lost
CUST009330,385,1,1320.55,2,1,3,Lost
CUST009332,965,2,1601.1799999999998,1,3,4,At Risk
CUST009333,41,5,1445.98,4,4,3,Loyal Customer
CUST009334,134,1,224.43,3,1,1,Needs Attention
CUST009335,122,2,2074.55,3,3,4,Loyal Customer
CUST009337,87,2,280.19,4,3,1,Loyal Customer
CUST009339,49,5,2173.65,4,4,4,Champion
CUST009340,112,4,3510.31,3,4,5,Loyal Customer
CUST009342,427,1,490.86,1,1,2,Lost
CUST009343,64,3,2501.23,4,4,4,Champion
CUST009344,244,2,180.01999999999998,2,3,1,At Risk
CUST009346,722,1,159.75,1,1,1,Lost
CUST009347,360,3,941.86,2,4,3,At Risk
CUST009351,215,1,180.6,2,1,1,Lost
CUST009352,68,2,688.89,4,3,2,Loyal Customer
CUST009353,152,1,313.22,3,1,1,Needs Attention
CUST009354,181,3,1280.96,3,4,3,Loyal Customer
CUST009355,131,1,566.51,3,1,2,Needs Attention
CUST009357,138,13,6378.86,3,5,5,Loyal Customer
CUST009359,197,1,274.58,3,1,1,Needs Attention
CUST009360,1,33,20291.27,5,5,5,Champion
CUST009361,6,8,3207.5,5,5,5,Champion
CUST009365,65,5,1719.22,4,4,4,Champion
CUST009366,16,3,918.9300000000001,5,4,3,Loyal Customer
CUST009367,294,1,546.22,2,1,2,Lost
CUST009368,383,3,1137.4699999999998,2,4,3,At Risk
CUST009370,468,1,143.92,1,1,1,Lost
CUST009371,126,1,589.74,3,1,2,Needs Attention
CUST009373,410,1,425.24,1,1,1,Lost
CUST009375,183,3,1450.58,3,4,3,Loyal Customer
CUST009379,318,2,1058.8,2,3,3,At Risk
CUST009381,23,2,1599.92,5,3,4,Loyal Customer
CUST009382,317,1,545.35,2,1,2,Lost
CUST009384,402,2,1322.06,1,3,3,At Risk
CUST009388,223,1,157.59,2,1,1,Lost
CUST009389,319,3,1583.1799999999998,2,4,4,At Risk
CUST009391,75,3,1520.26,4,4,3,Loyal Customer
CUST009394,446,2,592.52,1,3,2,At Risk
CUST009395,88,2,2981.98,4,3,5,Loyal Customer
CUST009396,854,1,420.24,1,1,1,Lost
CUST009397,16,11,5573.179999999999,5,5,5,Champion
CUST009398,136,1,635.39,3,1,2,Needs Attention
CUST009399,91,1,1429.56,4,1,3,Needs Attention
CUST009400,212,6,2882.62,2,5,4,At Risk
CUST009404,66,1,199.88,4,1,1,Needs Attention
CUST009405,59,4,2115.63,4,4,4,Champion
CUST009407,132,2,1741.7400000000002,3,3,4,Loyal Customer
CUST009408,94,3,1254.6399999999999,4,4,3,Loyal Customer
CUST009409,586,1,405.72,1,1,1,Lost
CUST009410,4,13,5426.76,5,5,5,Champion
CUST009413,38,5,1955.12,5,4,4,Champion
CUST009414,94,8,4051.11,4,5,5,Champion
CUST009415,220,1,243.13,2,1,1,Lost
CUST009417,138,4,1344.71,3,4,3,Loyal Customer
CUST009418,370,3,623.75,2,4,2,At Risk
CUST009419,243,2,1192.36,2,3,3,At Risk
CUST009420,140,11,4608.75,3,5,5,Loyal Customer
CUST009422,58,2,568.62,4,3,2,Loyal Customer
CUST009423,97,5,2367.14,4,4,4,Champion
CUST009427,347,1,578.41,2,1,2,Lost
CUST009431,860,1,335.43,1,1,1,Lost
CUST009432,123,1,424.03,3,1,1,Needs Attention
CUST009433,245,1,141.71,2,1,1,Lost
CUST009434,134,3,1409.67,3,4,3,Loyal Customer
CUST009435,120,1,803.3,3,1,2,Needs Attention
CUST009438,331,1,220.45,2,1,1,Lost
CUST009440,188,1,2282.05,3,1,4,Needs Attention
CUST009441,176,2,419.18,3,3,1,Loyal Customer
CUST009444,651,1,219.27,1,1,1,Lost
CUST009447,466,1,966.28,1,1,3,Lost
CUST009448,318,2,661.38,2,3,2,At Risk
CUST009449,79,8,3984.24,4,5,5,Champion
CUST009453,474,3,4210.27,1,4,5,At Risk
CUST009454,69,1,81.44,4,1,1,Needs Attention
CUST009455,55,4,3169.3199999999997,4,4,5,Champion
CUST009456,130,8,5078.31,3,5,5,Loyal Customer
CUST009457,111,2,1319.86,3,3,3,Loyal Customer
CUST009460,40,4,1297.98,4,4,3,Loyal Customer
CUST009464,659,2,805.44,1,3,2,At Risk
CUST009465,78,1,167.88,4,1,1,Needs Attention
CUST009466,18,5,2107.42,5,4,4,Champion
CUST009467,292,7,2837.41,2,5,4,At Risk
CUST009468,319,4,3001.2,2,4,5,At Risk
CUST009469,147,1,323.19,3,1,1,Needs Attention
CUST009471,49,3,592.62,4,4,2,Loyal Customer
CUST009472,408,3,2249.06,1,4,4,At Risk
CUST009473,103,1,285.94,3,1,1,Needs Attention
CUST009475,177,3,1251.98,3,4,3,Loyal Customer
CUST009476,60,3,2756.0699999999997,4,4,4,Champion
CUST009479,848,1,275.36,1,1,1,Lost
CUST009481,31,1,1829.85,5,1,4,Needs Attention
CUST009482,400,5,4475.5,1,4,5,At Risk
CUST009483,853,1,574.18,1,1,2,Lost
CUST009484,258,3,1098.21,2,4,3,At Risk
CUST009487,220,2,502.05,2,3,2,At Risk
CUST009488,81,3,1276.94,4,4,3,Loyal Customer
CUST009489,23,17,8450.17,5,5,5,Champion
CUST009491,331,2,1191.85,2,3,3,At Risk
CUST009493,445,1,293.86,1,1,1,Lost
CUST009496,86,4,1478.16,4,4,3,Loyal Customer
CUST009498,631,2,1164.76,1,3,3,At Risk
CUST009499,151,3,1352.7,3,4,3,Loyal Customer
CUST009500,414,1,844.62,1,1,2,Lost
CUST009501,15,59,38892.08,5,5,5,Champion
CUST009503,129,7,7841.0,3,5,5,Loyal Customer
CUST009504,32,9,6055.07,5,5,5,Champion
CUST009505,23,8,4852.72,5,5,5,Champion
CUST009506,157,2,1359.03,3,3,3,Loyal Customer
CUST009509,142,1,135.21,3,1,1,Needs Attention
CUST009510,377,1,950.78,2,1,3,Lost
CUST009511,68,5,4510.55,4,4,5,Champion
CUST009512,42,5,1504.0,4,4,3,Loyal Customer
CUST009513,97,2,512.71,4,3,2,Loyal Customer
CUST009516,92,2,1692.3000000000002,4,3,4,Loyal Customer
CUST009518,148,2,416.7,3,3,1,Loyal Customer
CUST009519,233,1,784.92,2,1,2,Lost
CUST009521,198,2,1473.88,3,3,3,Loyal Customer
CUST009522,234,1,853.64,2,1,2,Lost
CUST009524,11,6,2124.77,5,5,4,Champion
CUST009526,28,3,844.6999999999999,5,4,2,Loyal Customer
CUST009527,100,9,5204.1900000000005,4,5,5,Champion
CUST009528,124,2,1333.64,3,3,3,Loyal Customer
CUST009530,813,1,149.4,1,1,1,Lost
CUST009531,200,3,714.11,3,4,2,Loyal Customer
CUST009536,224,1,153.38,2,1,1,Lost
CUST009537,265,1,180.6,2,1,1,Lost
CUST009538,100,1,154.32,4,1,1,Needs Attention
CUST009541,19,2,709.8,5,3,2,Loyal Customer
CUST009543,90,2,949.1999999999999,4,3,3,Loyal Customer
CUST009546,113,7,3295.58,3,5,5,Loyal Customer
CUST009547,139,3,2580.13,3,4,4,Loyal Customer
CUST009549,88,1,166.34,4,1,1,Needs Attention
CUST009551,124,1,94.44,3,1,1,Needs Attention
CUST009552,25,4,2131.49,5,4,4,Champion
CUST009553,405,2,1152.67,1,3,3,At Risk
CUST009554,170,5,2139.7999999999997,3,4,4,Loyal Customer
CUST009557,150,5,2496.2200000000003,3,4,4,Loyal Customer
CUST009559,391,1,293.54,2,1,1,Lost
CUST009560,67,1,469.46,4,1,2,Needs Attention
CUST009561,37,15,11159.68,5,5,5,Champion
CUST009562,39,1,76.35,5,1,1,Needs Attention
CUST009563,133,4,2507.92,3,4,4,Loyal Customer
CUST009564,703,1,512.8,1,1,2,Lost
CUST009565,662,1,422.66,1,1,1,Lost
CUST009567,130,2,591.78,3,3,2,Loyal Customer
CUST009568,349,1,315.24,2,1,1,Lost
CUST009569,325,3,524.94,2,4,2,At Risk
CUST009570,563,1,1208.86,1,1,3,Lost
CUST009571,10,34,22394.79,5,5,5,Champion
CUST009576,406,1,941.71,1,1,3,Lost
CUST009579,6,14,7025.6,5,5,5,Champion
CUST009580,66,1,1502.18,4,1,3,Needs Attention
CUST009581,74,5,2159.2,4,4,4,Champion
CUST009582,134,4,2533.22,3,4,4,Loyal Customer
CUST009583,81,1,466.05,4,1,2,Needs Attention
CUST009584,61,3,643.51,4,4,2,Loyal Customer
CUST009587,139,2,647.9,3,3,2,Loyal Customer
CUST009589,558,1,978.09,1,1,3,Lost
CUST009591,311,2,1147.1,2,3,3,At Risk
CUST009592,536,1,636.14,1,1,2,Lost
CUST009593,345,2,754.88,2,3,2,At Risk
CUST009595,141,3,1614.87,3,4,4,Loyal Customer
CUST009599,13,3,1114.3200000000002,5,4,3,Loyal Customer
CUST009601,16,8,5209.57,5,5,5,Champion
CUST009602,49,1,35.21,4,1,1,Needs Attention
CUST009605,36,1,57.09,5,1,1,Needs Attention
CUST009606,440,1,293.05,1,1,1,Lost
CUST009607,550,1,461.8,1,1,2,Lost
CUST009609,32,4,748.03,5,4,2,Loyal Customer
CUST009610,132,3,1113.46,3,4,3,Loyal Customer
CUST009612,65,3,1419.05,4,4,3,Loyal Customer
CUST009617,78,7,4335.02,4,5,5,Champion
CUST009618,167,1,599.41,3,1,2,Needs Attention
CUST009619,535,1,91.46,1,1,1,Lost
CUST009620,690,1,268.04,1,1,1,Lost
CUST009621,402,1,321.12,1,1,1,Lost
CUST009622,417,1,1096.84,1,1,3,Lost
CUST009623,45,3,1684.26,4,4,4,Champion
CUST009624,350,1,279.33,2,1,1,Lost
CUST009625,8,7,2747.4700000000003,5,5,4,Champion
CUST009630,674,1,706.05,1,1,2,Lost
CUST009631,1,47,30142.27,5,5,5,Champion
CUST009632,99,4,1781.42,4,4,4,Champion
CUST009633,16,9,5202.05,5,5,5,Champion
CUST009636,622,2,1708.19,1,3,4,At Risk
CUST009637,778,1,484.65,1,1,2,Lost
CUST009638,483,1,100.49,1,1,1,Lost
CUST009639,1,6,2003.3,5,5,4,Champion
CUST009640,32,7,1992.7200000000003,5,5,4,Champion
CUST009641,196,1,322.28,3,1,1,Needs Attention
CUST009642,175,1,126.9,3,1,1,Needs Attention
CUST009643,63,2,931.22,4,3,3,Loyal Customer
CUST009644,44,30,15052.42,4,5,5,Champion
CUST009645,232,1,1284.13,2,1,3,Lost
CUST009646,12,2,1051.14,5,3,3,Loyal Customer
CUST009648,702,1,1705.3,1,1,4,Lost
CUST009649,10,2,1086.46,5,3,3,Loyal Customer
CUST009650,406,2,620.4399999999999,1,3,2,At Risk
CUST009651,202,1,1023.79,3,1,3,Needs Attention
CUST009652,109,5,2096.85,3,4,4,Loyal Customer
CUST009653,242,4,1942.9099999999999,2,4,4,At Risk
CUST009656,101,4,996.63,4,4,3,Loyal Customer
CUST009657,175,1,275.33,3,1,1,Needs Attention
CUST009662,48,2,1911.46,4,3,4,Loyal Customer
CUST009663,37,2,1419.72,5,3,3,Loyal Customer
CUST009665,20,2,614.04,5,3,2,Loyal Customer
CUST009666,62,1,23.17,4,1,1,Needs Attention
CUST009667,212,2,562.24,2,3,2,At Risk
CUST009669,64,4,2259.0299999999997,4,4,4,Champion
CUST009670,57,6,2972.6,4,5,5,Champion
CUST009671,220,1,153.5,2,1,1,Lost
CUST009673,193,1,638.31,3,1,2,Needs Attention
CUST009674,2,7,1924.41,5,5,4,Champion
CUST009675,146,1,1174.69,3,1,3,Needs Attention
CUST009676,48,3,786.19,4,4,2,Loyal Customer
CUST009678,207,1,343.69,2,1,1,Lost
CUST009679,118,1,109.24,3,1,1,Needs Attention
CUST009680,613,1,34.74,1,1,1,Lost
CUST009683,3,7,2813.56,5,5,4,Champion
CUST009686,256,2,1752.33,2,3,4,At Risk
CUST009689,454,1,312.46,1,1,1,Lost
CUST009690,39,1,1289.08,5,1,3,Needs Attention
CUST009692,632,2,1217.25,1,3,3,At Risk
CUST009693,50,18,8515.1,4,5,5,Champion
CUST009694,117,2,2480.3599999999997,3,3,4,Loyal Customer
CUST009695,161,1,865.29,3,1,2,Needs Attention
CUST009696,37,4,2145.14,5,4,4,Champion
CUST009697,6,3,2683.41,5,4,4,Champion
CUST009698,1,15,5953.610000000001,5,5,5,Champion
CUST009699,210,3,606.88,2,4,2,At Risk
CUST009700,32,1,233.2,5,1,1,Needs Attention
CUST009701,44,1,669.58,4,1,2,Needs Attention
CUST009702,59,3,1346.21,4,4,3,Loyal Customer
CUST009703,511,1,979.66,1,1,3,Lost
CUST009704,20,2,277.69,5,3,1,Loyal Customer
CUST009705,96,2,1421.8899999999999,4,3,3,Loyal Customer
CUST009706,1,10,4665.44,5,5,5,Champion
CUST009709,517,2,1270.58,1,3,3,At Risk
CUST009712,74,3,1560.74,4,4,4,Champion
CUST009715,134,1,1285.91,3,1,3,Needs Attention
CUST009716,266,4,2073.7599999999998,2,4,4,At Risk
CUST009718,385,2,1631.33,2,3,4,At Risk
CUST009719,3,3,715.21,5,4,2,Loyal Customer
CUST009721,1,3,1264.9099999999999,5,4,3,Loyal Customer
CUST009722,35,2,1674.29,5,3,4,Loyal Customer
CUST009724,11,1,147.8,5,1,1,Needs Attention
CUST009725,8,12,5756.87,5,5,5,Champion
CUST009727,86,1,402.06,4,1,1,Needs Attention
CUST009732,807,1,60.09,1,1,1,Lost
CUST009734,48,3,3273.41,4,4,5,Champion
CUST009735,151,1,372.5,3,1,1,Needs Attention
CUST009736,50,1,319.97,4,1,1,Needs Attention
CUST009737,92,2,1806.25,4,3,4,Loyal Customer
CUST009740,34,4,2681.42,5,4,4,Champion
CUST009741,199,2,819.2,3,3,2,Loyal Customer
CUST009743,204,2,386.93,2,3,1,At Risk
CUST009744,7,2,656.12,5,3,2,Loyal Customer
CUST009749,478,1,1320.36,1,1,3,Lost
CUST009750,209,1,269.94,2,1,1,Lost
CUST009751,108,2,771.3499999999999,3,3,2,Loyal Customer
CUST009752,77,1,364.46,4,1,1,Needs Attention
CUST009753,180,1,765.75,3,1,2,Needs Attention
CUST009755,193,1,1393.83,3,1,3,Needs Attention
CUST009756,21,1,312.15,5,1,1,Needs Attention
CUST009758,207,4,2594.44,2,4,4,At Risk
CUST009760,414,1,1819.91,1,1,4,Lost
CUST009762,46,6,4843.25,4,5,5,Champion
CUST009763,17,5,2247.86,5,4,4,Champion
CUST009764,41,1,970.14,4,1,3,Needs Attention
CUST009765,69,4,1422.6100000000001,4,4,3,Loyal Customer
CUST009768,113,6,2493.88,3,5,4,Loyal Customer
CUST009770,474,2,1123.69,1,3,3,At Risk
CUST009771,64,1,398.55,4,1,1,Needs Attention
CUST009772,149,3,1233.9699999999998,3,4,3,Loyal Customer
CUST009773,2,10,5035.55,5,5,5,Champion
CUST009776,393,1,407.91,1,1,1,Lost
CUST009778,169,3,921.1400000000001,3,4,3,Loyal Customer
CUST009779,267,2,742.5699999999999,2,3,2,At Risk
CUST009781,336,1,113.1,2,1,1,Lost
CUST009784,15,18,7838.8,5,5,5,Champion
CUST009785,59,2,2313.4,4,3,4,Loyal Customer
CUST009786,137,4,1789.83,3,4,4,Loyal Customer
CUST009787,732,1,2768.97,1,1,4,Lost
CUST009788,395,1,704.41,1,1,2,Lost
CUST009789,323,2,1303.75,2,3,3,At Risk
CUST009791,58,3,831.27,4,4,2,Loyal Customer
CUST009793,13,8,4976.17,5,5,5,Champion
CUST009794,775,1,406.28,1,1,1,Lost
CUST009795,203,2,1022.3399999999999,3,3,3,Loyal Customer
CUST009796,575,1,323.95,1,1,1,Lost
CUST009798,8,4,2249.61,5,4,4,Champion
CUST009800,213,1,332.02,2,1,1,Lost
CUST009801,61,16,9422.22,4,5,5,Champion
CUST009802,65,9,5649.49,4,5,5,Champion
CUST009803,24,11,4519.63,5,5,5,Champion
CUST009805,549,2,346.62,1,3,1,At Risk
CUST009806,20,11,6118.15,5,5,5,Champion
CUST009807,312,1,11.76,2,1,1,Lost
CUST009808,299,2,932.9,2,3,3,At Risk
CUST009809,32,6,5513.66,5,5,5,Champion
CUST009810,30,6,3209.9500000000003,5,5,5,Champion
CUST009811,212,2,1843.97,2,3,4,At Risk
CUST009814,317,1,155.37,2,1,1,Lost
CUST009815,80,2,150.77,4,3,1,Loyal Customer
CUST009816,390,1,1032.69,2,1,3,Lost
CUST009818,402,1,230.86,1,1,1,Lost
CUST009819,646,1,951.21,1,1,3,Lost
CUST009821,46,4,3388.59,4,4,5,Champion
CUST009822,589,1,1282.03,1,1,3,Lost
CUST009823,308,1,242.8,2,1,1,Lost
CUST009824,335,3,676.65,2,4,2,At Risk
CUST009826,2,5,3357.59,5,4,5,Champion
CUST009828,963,1,1407.97,1,1,3,Lost
CUST009829,64,3,1084.23,4,4,3,Loyal Customer
CUST009833,312,3,2439.96,2,4,4,At Risk
CUST009834,321,2,987.98,2,3,3,At Risk
CUST009838,848,1,516.06,1,1,2,Lost
CUST009840,54,3,2538.21,4,4,4,Champion
CUST009845,337,2,1012.1700000000001,2,3,3,At Risk
CUST009846,32,24,13278.93,5,5,5,Champion
CUST009847,74,1,120.74,4,1,1,Needs Attention
CUST009848,468,4,2964.7,1,4,5,At Risk
CUST009849,204,3,1621.8400000000001,2,4,4,At Risk
CUST009850,358,1,1840.11,2,1,4,Lost
CUST009851,38,3,792.96,5,4,2,Loyal Customer
CUST009853,53,11,7240.5599999999995,4,5,5,Champion
CUST009856,8,17,8532.91,5,5,5,Champion
CUST009858,266,3,412.94,2,4,1,At Risk
CUST009860,584,2,993.82,1,3,3,At Risk
CUST009861,34,3,2858.44,5,4,4,Champion
CUST009862,128,11,7976.41,3,5,5,Loyal Customer
CUST009864,342,1,573.98,2,1,2,Lost
CUST009866,1,15,9209.75,5,5,5,Champion
CUST009868,4,1,576.11,5,1,2,Needs Attention
CUST009872,7,1,199.84,5,1,1,Needs Attention
CUST009874,839,1,908.14,1,1,3,Lost
CUST009876,83,2,2096.95,4,3,4,Loyal Customer
CUST009877,228,1,678.71,2,1,2,Lost
CUST009881,98,2,1555.19,4,3,3,Loyal Customer
CUST009882,370,1,908.6,2,1,3,Lost
CUST009883,35,7,4800.66,5,5,5,Champion
CUST009884,91,2,444.24,4,3,2,Loyal Customer
CUST009886,654,2,398.55,1,3,1,At Risk
CUST009887,194,1,696.04,3,1,2,Needs Attention
CUST009888,55,5,1905.72,4,4,4,Champion
CUST009890,266,2,564.88,2,3,2,At Risk
CUST009891,104,2,490.64,3,3,2,Loyal Customer
CUST009892,63,3,1432.72,4,4,3,Loyal Customer
CUST009893,59,6,2936.31,4,5,5,Champion
CUST009894,109,5,2937.6099999999997,3,4,5,Loyal Customer
CUST009898,159,6,1747.37,3,5,4,Loyal Customer
CUST009899,13,8,5387.33,5,5,5,Champion
CUST009900,88,10,7226.63,4,5,5,Champion
CUST009901,691,1,171.23,1,1,1,Lost
CUST009902,475,2,833.13,1,3,2,At Risk
CUST009904,107,2,689.82,3,3,2,Loyal Customer
CUST009906,204,1,511.1,2,1,2,Lost
CUST009908,872,1,274.98,1,1,1,Lost
CUST009909,489,1,226.07,1,1,1,Lost
CUST009910,97,1,275.33,4,1,1,Needs Attention
CUST009911,105,1,53.37,3,1,1,Needs Attention
CUST009912,219,1,304.61,2,1,1,Lost
CUST009913,228,4,959.34,2,4,3,At Risk
CUST009914,76,2,766.6099999999999,4,3,2,Loyal Customer
CUST009915,15,3,2349.09,5,4,4,Champion
CUST009918,359,2,893.74,2,3,3,At Risk
CUST009919,73,6,3794.84,4,5,5,Champion
CUST009920,601,1,535.37,1,1,2,Lost
CUST009922,305,9,4420.08,2,5,5,At Risk
CUST009925,134,6,3189.4500000000003,3,5,5,Loyal Customer
CUST009926,14,4,2406.91,5,4,4,Champion
CUST009928,38,8,4497.72,5,5,5,Champion
CUST009929,818,1,294.16,1,1,1,Lost
CUST009933,520,1,884.05,1,1,3,Lost
CUST009934,36,27,10075.79,5,5,5,Champion
CUST009936,465,2,727.38,1,3,2,At Risk
CUST009939,139,4,2372.8900000000003,3,4,4,Loyal Customer
CUST009940,221,1,425.72,2,1,1,Lost
CUST009941,77,3,1580.51,4,4,4,Champion
CUST009942,153,6,3619.81,3,5,5,Loyal Customer
CUST009943,13,2,717.89,5,3,2,Loyal Customer
CUST009946,334,4,2154.91,2,4,4,At Risk
CUST009948,48,1,130.84,4,1,1,Needs Attention
CUST009949,147,2,1630.18,3,3,4,Loyal Customer
CUST009951,30,8,3572.31,5,5,5,Champion
CUST009953,321,1,553.6,2,1,2,Lost
CUST009954,26,2,1639.0,5,3,4,Loyal Customer
CUST009955,185,1,97.98,3,1,1,Needs Attention
CUST009959,22,4,1646.38,5,4,4,Champion
CUST009960,15,5,3633.8199999999997,5,4,5,Champion
CUST009963,174,1,220.97,3,1,1,Needs Attention
CUST009967,325,1,811.44,2,1,2,Lost
CUST009969,333,2,685.12,2,3,2,At Risk
CUST009970,707,1,270.07,1,1,1,Lost
CUST009971,497,2,1410.88,1,3,3,At Risk
CUST009972,34,12,7986.02,5,5,5,Champion
CUST009975,197,1,469.79,3,1,2,Needs Attention
CUST009979,51,2,2903.69,4,3,5,Loyal Customer
CUST009981,21,4,1779.98,5,4,4,Champion
CUST009984,8,3,1680.68,5,4,4,Champion
CUST009986,276,1,579.06,2,1,2,Lost
CUST009987,1,10,7830.04,5,5,5,Champion
CUST009988,16,4,1789.02,5,4,4,Champion
CUST009989,139,1,773.38,3,1,2,Needs Attention
CUST009990,214,4,743.3299999999999,2,4,2,At Risk
CUST009991,549,1,532.94,1,1,2,Lost
CUST009992,20,17,8485.61,5,5,5,Champion
CUST009993,36,7,5612.07,5,5,5,Champion
CUST009994,52,1,94.13,4,1,1,Needs Attention
CUST009995,166,5,2589.15,3,4,4,Loyal Customer
CUST009996,762,1,294.82,1,1,1,Lost
CUST010000,177,3,1817.7600000000002,3,4,4,Loyal Customer
CUST010002,395,2,774.4499999999999,1,3,2,At Risk
CUST010003,6,36,21008.35,5,5,5,Champion
CUST010004,64,7,3437.13,4,5,5,Champion
CUST010006,220,2,790.3299999999999,2,3,2,At Risk
CUST010007,159,1,127.32,3,1,1,Needs Attention
CUST010008,37,2,812.8000000000001,5,3,2,Loyal Customer
CUST010010,239,5,1297.54,2,4,3,At Risk
CUST010011,79,4,2194.4,4,4,4,Champion
CUST010013,169,4,3004.73,3,4,5,Loyal Customer
CUST010016,512,1,1205.52,1,1,3,Lost
CUST010018,175,2,855.53,3,3,2,Loyal Customer
CUST010019,440,2,889.77,1,3,3,At Risk
CUST010020,83,4,1441.56,4,4,3,Loyal Customer
CUST010021,72,3,1119.88,4,4,3,Loyal Customer
CUST010023,197,1,413.67,3,1,1,Needs Attention
CUST010025,150,2,2173.4700000000003,3,3,4,Loyal Customer
CUST010026,268,1,231.88,2,1,1,Lost
CUST010028,300,1,329.15,2,1,1,Lost
CUST010030,90,14,5895.67,4,5,5,Champion
CUST010031,21,9,4811.77,5,5,5,Champion
CUST010032,63,7,3989.68,4,5,5,Champion
CUST010034,535,1,1262.63,1,1,3,Lost
CUST010036,293,2,491.24,2,3,2,At Risk
CUST010037,194,1,660.18,3,1,2,Needs Attention
CUST010038,31,2,844.47,5,3,2,Loyal Customer
CUST010039,37,3,1287.78,5,4,3,Loyal Customer
CUST010040,93,2,1207.75,4,3,3,Loyal Customer
CUST010041,391,1,179.08,2,1,1,Lost
CUST010044,602,1,1124.96,1,1,3,Lost
CUST010045,30,8,5355.53,5,5,5,Champion
CUST010047,110,2,370.29,3,3,1,Loyal Customer
CUST010048,264,2,970.7,2,3,3,At Risk
CUST010049,266,3,1104.06,2,4,3,At Risk
CUST010050,2,34,18311.27,5,5,5,Champion
CUST010051,762,1,678.85,1,1,2,Lost
CUST010054,390,1,102.72,2,1,1,Lost
CUST010056,194,1,837.37,3,1,2,Needs Attention
CUST010057,889,1,592.86,1,1,2,Lost
CUST010059,189,1,868.72,3,1,2,Needs Attention
CUST010060,111,3,984.24,3,4,3,Loyal Customer
CUST010061,436,1,522.12,1,1,2,Lost
CUST010062,332,1,468.86,2,1,2,Lost
CUST010065,79,3,791.25,4,4,2,Loyal Customer
CUST010066,135,4,2939.4700000000003,3,4,5,Loyal Customer
CUST010067,271,4,1505.99,2,4,3,At Risk
CUST010070,967,1,109.24,1,1,1,Lost
CUST010071,230,2,1646.53,2,3,4,At Risk
CUST010072,101,1,436.44,4,1,1,Needs Attention
CUST010073,206,4,1881.0400000000002,2,4,4,At Risk
CUST010077,8,4,1915.05,5,4,4,Champion
CUST010079,149,1,558.73,3,1,2,Needs Attention
CUST010080,18,7,4108.78,5,5,5,Champion
CUST010081,2,4,2287.46,5,4,4,Champion
CUST010083,600,1,1740.75,1,1,4,Lost
CUST010085,260,1,180.24,2,1,1,Lost
CUST010086,25,3,2055.8599999999997,5,4,4,Champion
CUST010088,196,4,1441.46,3,4,3,Loyal Customer
CUST010089,348,2,909.17,2,3,3,At Risk
CUST010090,272,2,1846.46,2,3,4,At Risk
CUST010094,45,6,3538.8,4,5,5,Champion
CUST010095,596,1,80.47,1,1,1,Lost
CUST010097,356,1,964.3,2,1,3,Lost
CUST010098,24,1,322.8,5,1,1,Needs Attention
CUST010099,60,7,6045.2300000000005,4,5,5,Champion
CUST010100,246,3,945.12,2,4,3,At Risk
CUST010101,721,1,85.59,1,1,1,Lost
CUST010102,72,32,16129.7,4,5,5,Champion
CUST010104,24,5,2599.84,5,4,4,Champion
CUST010106,426,1,285.54,1,1,1,Lost
CUST010108,488,1,1039.94,1,1,3,Lost
CUST010109,102,1,741.61,3,1,2,Needs Attention
CUST010112,708,1,413.67,1,1,1,Lost
CUST010114,169,5,4384.12,3,4,5,Loyal Customer
CUST010115,144,3,2482.16,3,4,4,Loyal Customer
CUST010116,52,15,9871.14,4,5,5,Champion
CUST010118,505,3,2248.73,1,4,4,At Risk
CUST010119,66,4,2578.0,4,4,4,Champion
CUST010120,59,3,1302.0,4,4,3,Loyal Customer
CUST010121,209,1,285.06,2,1,1,Lost
CUST010123,306,1,621.98,2,1,2,Lost
CUST010124,266,2,855.53,2,3,2,At Risk
CUST010125,14,2,677.09,5,3,2,Loyal Customer
CUST010128,143,2,2444.91,3,3,4,Loyal Customer
CUST010129,488,3,2385.29,1,4,4,At Risk
CUST010130,506,1,442.48,1,1,2,Lost
CUST010131,366,1,47.57,2,1,1,Lost
CUST010133,8,2,586.94,5,3,2,Loyal Customer
CUST010134,4,17,12352.94,5,5,5,Champion
CUST010135,208,4,2256.1800000000003,2,4,4,At Risk
CUST010140,47,1,296.41,4,1,1,Needs Attention
CUST010142,101,7,5682.57,4,5,5,Champion
CUST010143,559,1,105.08,1,1,1,Lost
CUST010144,29,24,13056.09,5,5,5,Champion
CUST010147,36,1,267.64,5,1,1,Needs Attention
CUST010148,441,1,461.71,1,1,2,Lost
CUST010149,69,5,3082.0499999999997,4,4,5,Champion
CUST010150,183,6,2346.38,3,5,4,Loyal Customer
CUST010151,40,1,621.48,4,1,2,Needs Attention
CUST010153,80,4,3440.97,4,4,5,Champion
CUST010156,377,2,728.49,2,3,2,At Risk
CUST010158,107,2,724.53,3,3,2,Loyal Customer
CUST010159,7,1,209.06,5,1,1,Needs Attention
CUST010160,76,1,336.77,4,1,1,Needs Attention
CUST010162,4,5,3000.6,5,4,5,Champion
CUST010166,216,1,130.23,2,1,1,Lost
CUST010167,700,2,908.92,1,3,3,At Risk
CUST010169,72,5,1630.35,4,4,4,Champion
CUST010171,89,2,1730.44,4,3,4,Loyal Customer
CUST010172,19,2,867.65,5,3,2,Loyal Customer
CUST010173,477,1,938.78,1,1,3,Lost
CUST010174,59,3,1486.83,4,4,3,Loyal Customer
CUST010176,121,7,4090.3500000000004,3,5,5,Loyal Customer
CUST010178,20,9,6454.49,5,5,5,Champion
CUST010179,22,2,2068.1400000000003,5,3,4,Loyal Customer
CUST010180,291,1,457.2,2,1,2,Lost
CUST010182,68,11,8499.890000000001,4,5,5,Champion
CUST010183,803,2,1732.9199999999998,1,3,4,At Risk
CUST010184,207,1,1676.35,2,1,4,Lost
CUST010185,307,4,1932.0500000000002,2,4,4,At Risk
CUST010187,777,1,103.7,1,1,1,Lost
CUST010188,172,5,3947.35,3,4,5,Loyal Customer
CUST010190,74,6,5295.82,4,5,5,Champion
CUST010191,45,1,1102.82,4,1,3,Needs Attention
CUST010193,188,3,1125.58,3,4,3,Loyal Customer
CUST010195,570,1,460.51,1,1,2,Lost
CUST010196,540,1,81.9,1,1,1,Lost
CUST010197,643,1,454.3,1,1,2,Lost
CUST010199,196,2,3290.58,3,3,5,Loyal Customer
CUST010200,112,2,886.7099999999999,3,3,3,Loyal Customer
CUST010202,542,2,557.46,1,3,2,At Risk
CUST010203,8,4,4365.8,5,4,5,Champion
CUST010205,384,3,542.27,2,4,2,At Risk
CUST010206,506,1,164.68,1,1,1,Lost
CUST010207,22,23,10759.43,5,5,5,Champion
CUST010208,952,1,206.47,1,1,1,Lost
CUST010210,198,6,2914.62,3,5,5,Loyal Customer
CUST010213,199,2,533.85,3,3,2,Loyal Customer
CUST010214,333,2,974.54,2,3,3,At Risk
CUST010216,145,5,1838.71,3,4,4,Loyal Customer
CUST010217,836,1,310.58,1,1,1,Lost
CUST010218,61,2,743.03,4,3,2,Loyal Customer
CUST010219,7,3,984.7,5,4,3,Loyal Customer
CUST010222,27,12,6642.04,5,5,5,Champion
CUST010223,503,2,643.25,1,3,2,At Risk
CUST010224,547,2,638.3299999999999,1,3,2,At Risk
CUST010225,178,3,1821.88,3,4,4,Loyal Customer
CUST010227,22,3,2247.2799999999997,5,4,4,Champion
CUST010229,50,1,964.46,4,1,3,Needs Attention
CUST010231,142,4,1086.98,3,4,3,Loyal Customer
CUST010232,101,1,106.52,4,1,1,Needs Attention
CUST010233,92,1,720.84,4,1,2,Needs Attention
CUST010234,92,2,2112.94,4,3,4,Loyal Customer
CUST010236,268,4,1207.85,2,4,3,At Risk
CUST010240,6,35,22221.91,5,5,5,Champion
CUST010241,462,1,354.36,1,1,1,Lost
CUST010242,567,1,603.5,1,1,2,Lost
CUST010243,35,2,1254.5,5,3,3,Loyal Customer
CUST010244,12,19,15252.73,5,5,5,Champion
CUST010245,527,2,427.15,1,3,1,At Risk
CUST010246,4,2,948.87,5,3,3,Loyal Customer
CUST010247,972,1,614.26,1,1,2,Lost
CUST010251,10,2,1525.44,5,3,3,Loyal Customer
CUST010252,68,4,2884.96,4,4,4,Champion
CUST010253,221,1,590.63,2,1,2,Lost
CUST010254,249,1,447.23,2,1,2,Lost
CUST010255,32,1,979.33,5,1,3,Needs Attention
CUST010256,45,1,201.84,4,1,1,Needs Attention
CUST010257,16,2,1295.56,5,3,3,Loyal Customer
CUST010258,243,1,1059.19,2,1,3,Lost
CUST010261,7,1,1233.98,5,1,3,Needs Attention
CUST010262,479,1,982.44,1,1,3,Lost
CUST010263,229,1,158.18,2,1,1,Lost
CUST010264,133,2,1699.39,3,3,4,Loyal Customer
CUST010265,69,4,1977.1200000000001,4,4,4,Champion
CUST010266,213,5,2445.92,2,4,4,At Risk
CUST010267,18,11,7034.25,5,5,5,Champion
CUST010268,82,3,2013.2,4,4,4,Champion
CUST010269,28,24,12965.08,5,5,5,Champion
CUST010271,35,13,7921.96,5,5,5,Champion
CUST010272,87,2,436.19000000000005,4,3,1,Loyal Customer
CUST010275,299,3,1335.24,2,4,3,At Risk
CUST010276,31,4,3118.37,5,4,5,Champion
CUST010279,311,1,1044.89,2,1,3,Lost
CUST010280,150,2,1155.1799999999998,3,3,3,Loyal Customer
CUST010281,51,7,3481.5099999999998,4,5,5,Champion
CUST010284,101,6,2249.38,4,5,4,Champion
CUST010285,175,4,1998.11,3,4,4,Loyal Customer
CUST010286,763,1,1182.23,1,1,3,Lost
CUST010287,537,2,873.29,1,3,3,At Risk
CUST010290,185,4,1707.17,3,4,4,Loyal Customer
CUST010291,23,9,2504.06,5,5,4,Champion
CUST010292,801,1,503.55,1,1,2,Lost
CUST010294,596,1,243.27,1,1,1,Lost
CUST010295,45,2,1690.76,4,3,4,Loyal Customer
CUST010296,20,4,2932.67,5,4,5,Champion
CUST010297,237,2,480.77,2,3,2,At Risk
CUST010299,553,1,1375.82,1,1,3,Lost
CUST010300,516,3,534.01,1,4,2,At Risk
CUST010301,842,1,906.19,1,1,3,Lost
CUST010302,25,3,1270.93,5,4,3,Loyal Customer
CUST010303,55,4,2246.89,4,4,4,Champion
CUST010305,256,2,671.12,2,3,2,At Risk
CUST010307,189,2,152.23000000000002,3,3,1,Loyal Customer
CUST010308,478,1,1317.31,1,1,3,Lost
CUST010309,485,1,909.38,1,1,3,Lost
CUST010311,575,1,1899.24,1,1,4,Lost
CUST010314,74,3,919.78,4,4,3,Loyal Customer
CUST010315,77,6,3844.54,4,5,5,Champion
CUST010316,119,7,3072.91,3,5,5,Loyal Customer
CUST010317,5,5,4179.79,5,4,5,Champion
CUST010318,434,1,386.21,1,1,1,Lost
CUST010319,3,4,2395.4500000000003,5,4,4,Champion
CUST010320,13,4,2547.26,5,4,4,Champion
CUST010321,694,1,199.49,1,1,1,Lost
CUST010324,533,2,299.04,1,3,1,At Risk
CUST010325,58,4,2341.73,4,4,4,Champion
CUST010328,22,1,459.09,5,1,2,Needs Attention
CUST010329,173,1,47.57,3,1,1,Needs Attention
CUST010330,79,7,4048.81,4,5,5,Champion
CUST010333,59,4,3996.49,4,4,5,Champion
CUST010334,54,12,6452.99,4,5,5,Champion
CUST010335,6,1,264.33,5,1,1,Needs Attention
CUST010336,59,2,1114.04,4,3,3,Loyal Customer
CUST010340,886,1,672.98,1,1,2,Lost
CUST010343,283,2,1036.21,2,3,3,At Risk
CUST010344,257,2,1123.68,2,3,3,At Risk
CUST010345,267,1,370.67,2,1,1,Lost
CUST010346,80,1,581.01,4,1,2,Needs Attention
CUST010347,37,3,923.8599999999999,5,4,3,Loyal Customer
CUST010348,71,1,207.83,4,1,1,Needs Attention
CUST010350,224,2,975.3199999999999,2,3,3,At Risk
CUST010352,174,1,368.93,3,1,1,Needs Attention
CUST010354,96,4,2010.83,4,4,4,Champion
CUST010355,14,23,15696.060000000001,5,5,5,Champion
CUST010361,26,4,3491.68,5,4,5,Champion
CUST010363,477,2,1097.29,1,3,3,At Risk
CUST010364,286,2,1110.19,2,3,3,At Risk
CUST010365,500,2,1929.56,1,3,4,At Risk
CUST010367,39,3,1397.76,5,4,3,Loyal Customer
CUST010368,47,2,683.4200000000001,4,3,2,Loyal Customer
CUST010369,449,1,20.71,1,1,1,Lost
CUST010372,14,2,866.6400000000001,5,3,2,Loyal Customer
CUST010373,734,1,703.4,1,1,2,Lost
CUST010376,910,1,471.36,1,1,2,Lost
CUST010377,233,1,390.84,2,1,1,Lost
CUST010378,9,3,986.88,5,4,3,Loyal Customer
CUST010379,26,3,1061.9,5,4,3,Loyal Customer
CUST010380,320,3,2288.1800000000003,2,4,4,At Risk
CUST010382,90,4,3612.29,4,4,5,Champion
CUST010385,423,1,393.48,1,1,1,Lost
CUST010387,123,2,806.11,3,3,2,Loyal Customer
CUST010389,204,2,745.1899999999999,2,3,2,At Risk
CUST010391,67,2,2823.7,4,3,4,Loyal Customer
CUST010392,23,3,1435.5500000000002,5,4,3,Loyal Customer
CUST010393,196,3,3802.6800000000003,3,4,5,Loyal Customer
CUST010394,79,1,977.76,4,1,3,Needs Attention
CUST010396,141,1,32.35,3,1,1,Needs Attention
CUST010397,10,93,59325.51,5,5,5,Champion
CUST010399,336,3,2989.26,2,4,5,At Risk
CUST010400,34,3,3339.45,5,4,5,Champion
CUST010402,531,1,418.39,1,1,1,Lost
CUST010403,435,1,207.83,1,1,1,Lost
CUST010404,385,2,872.45,2,3,3,At Risk
CUST010405,400,1,461.71,1,1,2,Lost
CUST010406,391,4,867.72,2,4,2,At Risk
CUST010407,473,1,562.32,1,1,2,Lost
CUST010411,16,6,2577.54,5,5,4,Champion
CUST010412,26,1,325.15,5,1,1,Needs Attention
CUST010413,250,8,4430.58,2,5,5,At Risk
CUST010414,287,6,3946.8,2,5,5,At Risk
CUST010415,62,3,1383.57,4,4,3,Loyal Customer
CUST010418,261,2,793.28,2,3,2,At Risk
CUST010422,47,12,5462.23,4,5,5,Champion
CUST010425,394,1,958.12,1,1,3,Lost
CUST010429,564,1,1200.93,1,1,3,Lost
CUST010433,288,1,312.15,2,1,1,Lost
CUST010434,435,1,186.01,1,1,1,Lost
CUST010435,17,1,163.11,5,1,1,Needs Attention
CUST010436,155,1,509.16,3,1,2,Needs Attention
CUST010437,51,1,724.72,4,1,2,Needs Attention
CUST010438,92,9,4197.04,4,5,5,Champion
CUST010439,130,2,1478.46,3,3,3,Loyal Customer
CUST010440,728,1,509.08,1,1,2,Lost
CUST010441,221,5,2341.2300000000005,2,4,4,At Risk
CUST010444,20,19,9049.380000000001,5,5,5,Champion
CUST010446,22,16,8121.61,5,5,5,Champion
CUST010449,101,3,2642.42,4,4,4,Champion
CUST010452,149,2,369.24,3,3,1,Loyal Customer
CUST010454,53,5,2427.95,4,4,4,Champion
CUST010455,373,3,1633.47,2,4,4,At Risk
CUST010456,296,2,856.98,2,3,2,At Risk
CUST010457,88,2,556.87,4,3,2,Loyal Customer
CUST010460,5,3,2230.3900000000003,5,4,4,Champion
CUST010466,288,1,146.76,2,1,1,Lost
CUST010467,252,1,372.97,2,1,1,Lost
CUST010468,584,1,513.61,1,1,2,Lost
CUST010469,70,5,2075.98,4,4,4,Champion
CUST010470,65,3,1489.8200000000002,4,4,3,Loyal Customer
CUST010471,37,7,4635.639999999999,5,5,5,Champion
CUST010472,328,3,2666.29,2,4,4,At Risk
CUST010474,9,11,4276.26,5,5,5,Champion
CUST010476,90,4,1677.68,4,4,4,Champion
CUST010477,295,4,616.5799999999999,2,4,2,At Risk
CUST010478,420,1,302.28,1,1,1,Lost
CUST010479,77,4,3304.5299999999997,4,4,5,Champion
CUST010480,66,7,3688.09,4,5,5,Champion
CUST010481,913,1,320.33,1,1,1,Lost
CUST010482,346,2,1056.44,2,3,3,At Risk
CUST010484,23,1,402.27,5,1,1,Needs Attention
CUST010486,33,2,1177.8600000000001,5,3,3,Loyal Customer
CUST010487,279,1,768.11,2,1,2,Lost
CUST010488,196,2,812.5,3,3,2,Loyal Customer
CUST010490,171,3,1537.08,3,4,3,Loyal Customer
CUST010491,2,12,6824.25,5,5,5,Champion
CUST010493,182,5,1909.8700000000001,3,4,4,Loyal Customer
CUST010494,53,11,5919.43,4,5,5,Champion
CUST010495,15,4,1475.5700000000002,5,4,3,Loyal Customer
CUST010496,407,3,2638.7599999999998,1,4,4,At Risk
CUST010497,138,3,1103.43,3,4,3,Loyal Customer
CUST010499,37,2,956.42,5,3,3,Loyal Customer
CUST010500,120,3,2079.32,3,4,4,Loyal Customer
CUST010501,16,7,3928.99,5,5,5,Champion
CUST010503,198,4,2052.29,3,4,4,Loyal Customer
CUST010504,249,5,3742.29,2,4,5,At Risk
CUST010505,408,1,394.01,1,1,1,Lost
CUST010507,700,1,386.77,1,1,1,Lost
CUST010508,56,1,645.28,4,1,2,Needs Attention
CUST010510,485,2,1884.1399999999999,1,3,4,At Risk
CUST010511,26,2,991.96,5,3,3,Loyal Customer
CUST010513,13,5,2618.44,5,4,4,Champion
CUST010516,55,5,2289.79,4,4,4,Champion
CUST010517,372,1,1547.07,2,1,3,Lost
CUST010518,614,1,805.23,1,1,2,Lost
CUST010520,227,2,801.63,2,3,2,At Risk
CUST010521,281,2,935.5600000000001,2,3,3,At Risk
CUST010522,46,3,4736.76,4,4,5,Champion
CUST010526,15,2,483.57000000000005,5,3,2,Loyal Customer
CUST010532,3,3,833.4100000000001,5,4,2,Loyal Customer
CUST010534,39,2,301.66999999999996,5,3,1,Loyal Customer
CUST010535,210,8,3116.75,2,5,5,At Risk
CUST010538,40,2,1054.97,4,3,3,Loyal Customer
CUST010540,43,4,2000.69,4,4,4,Champion
CUST010541,188,4,1834.72,3,4,4,Loyal Customer
CUST010543,321,3,1089.3100000000002,2,4,3,At Risk
CUST010544,29,7,6572.49,5,5,5,Champion
CUST010548,136,11,6829.7,3,5,5,Loyal Customer
CUST010550,537,1,61.84,1,1,1,Lost
CUST010555,40,3,1340.98,4,4,3,Loyal Customer
CUST010556,60,12,5536.63,4,5,5,Champion
CUST010557,213,2,826.26,2,3,2,At Risk
CUST010558,212,6,2572.7,2,5,4,At Risk
CUST010562,313,1,622.55,2,1,2,Lost
CUST010563,220,4,1724.29,2,4,4,At Risk
CUST010564,151,1,1946.72,3,1,4,Needs Attention
CUST010565,741,1,241.06,1,1,1,Lost
CUST010566,135,1,585.64,3,1,2,Needs Attention
CUST010569,9,2,1503.05,5,3,3,Loyal Customer
CUST010571,142,7,2254.65,3,5,4,Loyal Customer
CUST010572,328,4,2219.6,2,4,4,At Risk
CUST010573,46,2,580.77,4,3,2,Loyal Customer
CUST010574,5,19,11422.71,5,5,5,Champion
CUST010575,160,1,2030.94,3,1,4,Needs Attention
CUST010576,476,1,174.95,1,1,1,Lost
CUST010577,75,5,5673.62,4,4,5,Champion
CUST010579,582,1,173.97,1,1,1,Lost
CUST010580,180,1,75.3,3,1,1,Needs Attention
CUST010581,536,1,473.38,1,1,2,Lost
CUST010582,21,5,3942.2799999999997,5,4,5,Champion
CUST010583,39,1,403.1,5,1,1,Needs Attention
CUST010585,92,7,6417.82,4,5,5,Champion
CUST010587,41,8,7386.82,4,5,5,Champion
CUST010588,52,11,5943.63,4,5,5,Champion
CUST010589,37,4,3607.68,5,4,5,Champion
CUST010590,72,1,735.66,4,1,2,Needs Attention
CUST010591,152,3,3135.82,3,4,5,Loyal Customer
CUST010592,172,3,3145.5,3,4,5,Loyal Customer
CUST010594,603,1,626.26,1,1,2,Lost
CUST010595,302,1,511.1,2,1,2,Lost
CUST010596,256,3,1490.55,2,4,3,At Risk
CUST010597,489,2,370.31,1,3,1,At Risk
CUST010598,476,2,927.4,1,3,3,At Risk
CUST010600,428,1,98.23,1,1,1,Lost
CUST010601,325,2,1241.21,2,3,3,At Risk
CUST010605,9,2,2963.58,5,3,5,Loyal Customer
CUST010606,617,1,541.05,1,1,2,Lost
CUST010607,404,3,1747.81,1,4,4,At Risk
CUST010610,192,5,3092.38,3,4,5,Loyal Customer
CUST010612,863,1,1292.89,1,1,3,Lost
CUST010613,52,8,4303.86,4,5,5,Champion
CUST010614,271,2,1051.36,2,3,3,At Risk
CUST010615,80,2,2325.31,4,3,4,Loyal Customer
CUST010616,28,7,5256.13,5,5,5,Champion
CUST010617,601,1,170.54,1,1,1,Lost
CUST010618,112,2,345.34,3,3,1,Loyal Customer
CUST010620,329,1,196.42,2,1,1,Lost
CUST010623,50,1,778.92,4,1,2,Needs Attention
CUST010624,261,4,821.0,2,4,2,At Risk
CUST010625,390,1,498.41,2,1,2,Lost
CUST010627,26,2,615.49,5,3,2,Loyal Customer
CUST010628,151,2,981.22,3,3,3,Loyal Customer
CUST010632,599,1,1538.63,1,1,3,Lost
CUST010633,15,4,3197.13,5,4,5,Champion
CUST010634,553,1,2758.13,1,1,4,Lost
CUST010635,187,2,1525.71,3,3,3,Loyal Customer
CUST010637,218,3,1868.92,2,4,4,At Risk
CUST010640,8,4,1467.12,5,4,3,Loyal Customer
CUST010641,151,2,1586.8600000000001,3,3,4,Loyal Customer
CUST010642,206,2,454.25,2,3,2,At Risk
CUST010643,197,2,1066.98,3,3,3,Loyal Customer
CUST010644,261,8,4317.65,2,5,5,At Risk
CUST010646,286,1,516.96,2,1,2,Lost
CUST010647,154,1,298.15,3,1,1,Needs Attention
CUST010649,258,1,199.49,2,1,1,Lost
CUST010650,36,4,1796.46,5,4,4,Champion
CUST010651,39,1,460.24,5,1,2,Needs Attention
CUST010652,14,8,5185.39,5,5,5,Champion
CUST010653,59,1,617.25,4,1,2,Needs Attention
CUST010654,90,4,2547.46,4,4,4,Champion
CUST010655,94,3,1487.72,4,4,3,Loyal Customer
CUST010656,684,1,848.96,1,1,2,Lost
CUST010657,98,1,1116.84,4,1,3,Needs Attention
CUST010658,400,1,999.36,1,1,3,Lost
CUST010661,58,1,503.48,4,1,2,Needs Attention
CUST010662,258,3,720.18,2,4,2,At Risk
CUST010663,669,1,604.6,1,1,2,Lost
CUST010664,44,3,1594.82,4,4,4,Champion
CUST010666,551,3,903.5799999999999,1,4,3,At Risk
CUST010667,17,13,6201.389999999999,5,5,5,Champion
CUST010668,47,2,1131.5,4,3,3,Loyal Customer
CUST010669,219,1,91.46,2,1,1,Lost
CUST010670,176,2,625.44,3,3,2,Loyal Customer
CUST010673,248,1,593.8,2,1,2,Lost
CUST010674,189,1,2006.99,3,1,4,Needs Attention
CUST010675,63,9,5656.08,4,5,5,Champion
CUST010677,288,1,296.72,2,1,1,Lost
CUST010678,178,4,3761.48,3,4,5,Loyal Customer
CUST010679,581,1,1527.52,1,1,3,Lost
CUST010682,13,2,888.3,5,3,3,Loyal Customer
CUST010685,125,1,222.65,3,1,1,Needs Attention
CUST010686,15,5,3211.2400000000002,5,4,5,Champion
CUST010689,349,1,513.78,2,1,2,Lost
CUST010691,57,2,936.22,4,3,3,Loyal Customer
CUST010692,255,2,191.11,2,3,1,At Risk
CUST010694,46,6,3744.81,4,5,5,Champion
CUST010696,97,1,368.15,4,1,1,Needs Attention
CUST010697,134,6,1544.15,3,5,3,Loyal Customer
CUST010699,456,1,1227.02,1,1,3,Lost
CUST010700,3,5,2067.6800000000003,5,4,4,Champion
CUST010701,59,1,239.7,4,1,1,Needs Attention
CUST010703,60,4,1641.97,4,4,4,Champion
CUST010709,52,5,2658.41,4,4,4,Champion
CUST010710,198,1,91.67,3,1,1,Needs Attention
CUST010711,616,1,697.48,1,1,2,Lost
CUST010712,81,11,7935.700000000001,4,5,5,Champion
CUST010714,134,2,1287.82,3,3,3,Loyal Customer
CUST010716,8,18,12558.15,5,5,5,Champion
CUST010717,72,2,2279.17,4,3,4,Loyal Customer
CUST010718,18,5,4844.950000000001,5,4,5,Champion
CUST010719,157,2,1338.06,3,3,3,Loyal Customer
CUST010720,382,1,12.29,2,1,1,Lost
CUST010722,36,5,2461.46,5,4,4,Champion
CUST010723,809,1,1094.59,1,1,3,Lost
CUST010725,71,3,1100.81,4,4,3,Loyal Customer
CUST010726,165,2,3331.17,3,3,5,Loyal Customer
CUST010727,58,4,2266.48,4,4,4,Champion
CUST010728,536,2,581.76,1,3,2,At Risk
CUST010731,375,1,230.67,2,1,1,Lost
CUST010732,624,1,338.1,1,1,1,Lost
CUST010735,86,10,6000.43,4,5,5,Champion
CUST010736,809,1,341.59,1,1,1,Lost
CUST010740,70,1,743.1,4,1,2,Needs Attention
CUST010741,256,5,5497.460000000001,2,4,5,At Risk
CUST010743,21,3,1803.36,5,4,4,Champion
CUST010744,286,5,2428.4,2,4,4,At Risk
CUST010746,117,2,1115.02,3,3,3,Loyal Customer
CUST010747,32,2,783.0300000000001,5,3,2,Loyal Customer
CUST010748,43,1,657.17,4,1,2,Needs Attention
CUST010749,141,3,1808.6100000000001,3,4,4,Loyal Customer
CUST010750,38,2,1273.63,5,3,3,Loyal Customer
CUST010751,69,1,62.66,4,1,1,Needs Attention
CUST010756,111,1,820.17,3,1,2,Needs Attention
CUST010760,102,3,915.1500000000001,3,4,3,Loyal Customer
CUST010761,82,6,2135.6499999999996,4,5,4,Champion
CUST010762,128,5,2518.36,3,4,4,Loyal Customer
CUST010763,768,1,199.84,1,1,1,Lost
CUST010767,87,9,5148.57,4,5,5,Champion
CUST010768,208,2,1115.49,2,3,3,At Risk
CUST010769,337,1,222.65,2,1,1,Lost
CUST010770,126,2,1156.6499999999999,3,3,3,Loyal Customer
CUST010771,336,2,794.65,2,3,2,At Risk
CUST010773,220,1,145.57,2,1,1,Lost
CUST010775,328,1,150.4,2,1,1,Lost
CUST010776,68,3,1031.2,4,4,3,Loyal Customer
CUST010777,569,1,778.12,1,1,2,Lost
CUST010778,761,1,911.94,1,1,3,Lost
CUST010784,172,1,856.33,3,1,2,Needs Attention
CUST010786,64,3,1247.37,4,4,3,Loyal Customer
CUST010787,30,2,751.8499999999999,5,3,2,Loyal Customer
CUST010789,330,1,746.74,2,1,2,Lost
CUST010790,45,3,1718.3200000000002,4,4,4,Champion
CUST010792,45,4,1461.9499999999998,4,4,3,Loyal Customer
CUST010796,145,2,1145.79,3,3,3,Loyal Customer
CUST010797,384,2,826.19,2,3,2,At Risk
CUST010798,160,3,1404.65,3,4,3,Loyal Customer
CUST010799,60,3,1940.47,4,4,4,Champion
CUST010800,68,2,2626.96,4,3,4,Loyal Customer
CUST010801,219,2,1953.05,2,3,4,At Risk
CUST010805,20,8,4479.32,5,5,5,Champion
CUST010806,88,1,1228.64,4,1,3,Needs Attention
CUST010807,72,3,1962.66,4,4,4,Champion
CUST010809,121,1,71.88,3,1,1,Needs Attention
CUST010810,339,1,103.41,2,1,1,Lost
CUST010811,139,2,417.84000000000003,3,3,1,Loyal Customer
CUST010814,21,4,3334.08,5,4,5,Champion
CUST010815,603,2,2328.98,1,3,4,At Risk
CUST010816,122,5,3585.04,3,4,5,Loyal Customer
CUST010818,97,6,2750.95,4,5,4,Champion
CUST010819,1,5,3600.99,5,4,5,Champion
CUST010820,31,1,95.24,5,1,1,Needs Attention
CUST010821,144,5,2796.13,3,4,4,Loyal Customer
CUST010822,179,5,2407.0699999999997,3,4,4,Loyal Customer
CUST010826,582,2,886.5999999999999,1,3,3,At Risk
CUST010828,39,2,1565.55,5,3,4,Loyal Customer
CUST010831,253,2,1481.56,2,3,3,At Risk
CUST010832,226,1,855.78,2,1,2,Lost
CUST010833,4,4,1269.16,5,4,3,Loyal Customer
CUST010834,203,3,2505.8599999999997,3,4,4,Loyal Customer
CUST010836,7,3,1472.56,5,4,3,Loyal Customer
CUST010839,54,3,538.6800000000001,4,4,2,Loyal Customer
CUST010840,239,1,2265.19,2,1,4,Lost
CUST010842,7,7,4887.75,5,5,5,Champion
CUST010843,11,15,8756.21,5,5,5,Champion
CUST010845,538,2,321.78,1,3,1,At Risk
CUST010846,108,2,1425.01,3,3,3,Loyal Customer
CUST010847,218,1,35.21,2,1,1,Lost
CUST010848,3,6,4229.31,5,5,5,Champion
CUST010849,216,7,4062.59,2,5,5,At Risk
CUST010850,13,4,2687.14,5,4,4,Champion
CUST010851,497,1,648.15,1,1,2,Lost
CUST010852,893,1,1313.23,1,1,3,Lost
CUST010855,401,2,655.0500000000001,1,3,2,At Risk
CUST010856,17,4,2503.8999999999996,5,4,4,Champion
CUST010858,294,1,1319.89,2,1,3,Lost
CUST010859,360,3,1867.3,2,4,4,At Risk
CUST010860,309,3,1609.3899999999999,2,4,4,At Risk
CUST010861,156,1,39.39,3,1,1,Needs Attention
CUST010863,566,1,280.01,1,1,1,Lost
CUST010864,68,4,1595.36,4,4,4,Champion
CUST010865,295,1,239.45,2,1,1,Lost
CUST010866,76,6,4706.0,4,5,5,Champion
CUST010867,387,1,286.7,2,1,1,Lost
CUST010871,531,1,636.19,1,1,2,Lost
CUST010872,742,1,1221.11,1,1,3,Lost
CUST010876,172,1,843.52,3,1,2,Needs Attention
CUST010877,771,1,1376.56,1,1,3,Lost
CUST010878,94,2,1013.8700000000001,4,3,3,Loyal Customer
CUST010883,10,3,942.8,5,4,3,Loyal Customer
CUST010884,762,1,67.96,1,1,1,Lost
CUST010887,559,1,99.93,1,1,1,Lost
CUST010888,108,3,1533.38,3,4,3,Loyal Customer
CUST010891,41,2,453.85,4,3,2,Loyal Customer
CUST010893,280,2,2097.41,2,3,4,At Risk
CUST010895,58,3,1171.27,4,4,3,Loyal Customer
CUST010899,48,2,474.22,4,3,2,Loyal Customer
CUST010901,506,1,552.61,1,1,2,Lost
CUST010902,134,3,1251.62,3,4,3,Loyal Customer
CUST010903,67,1,33.53,4,1,1,Needs Attention
CUST010904,59,3,2398.84,4,4,4,Champion
CUST010905,733,1,543.97,1,1,2,Lost
CUST010906,131,7,7080.76,3,5,5,Loyal Customer
CUST010907,410,1,553.6,1,1,2,Lost
CUST010909,111,2,1871.46,3,3,4,Loyal Customer
CUST010910,7,7,4111.49,5,5,5,Champion
CUST010911,107,2,1143.55,3,3,3,Loyal Customer
CUST010913,97,6,2861.9,4,5,4,Champion
CUST010916,464,1,278.06,1,1,1,Lost
CUST010918,69,3,1161.26,4,4,3,Loyal Customer
CUST010921,270,4,1498.22,2,4,3,At Risk
CUST010922,658,1,409.32,1,1,1,Lost
CUST010923,428,1,269.81,1,1,1,Lost
CUST010924,36,2,697.31,5,3,2,Loyal Customer
CUST010926,43,1,450.86,4,1,2,Needs Attention
CUST010929,331,1,558.42,2,1,2,Lost
CUST010930,17,2,578.26,5,3,2,Loyal Customer
CUST010931,171,2,2839.69,3,3,4,Loyal Customer
CUST010932,302,2,842.06,2,3,2,At Risk
CUST010936,340,1,302.28,2,1,1,Lost
CUST010937,33,10,3755.21,5,5,5,Champion
CUST010938,559,2,1784.52,1,3,4,At Risk
CUST010940,599,1,156.1,1,1,1,Lost
CUST010942,3,6,5333.33,5,5,5,Champion
CUST010943,44,6,2463.56,4,5,4,Champion
CUST010945,15,9,3405.54,5,5,5,Champion
CUST010946,153,1,1072.96,3,1,3,Needs Attention
CUST010948,327,1,308.26,2,1,1,Lost
CUST010951,310,1,331.12,2,1,1,Lost
CUST010953,297,1,369.93,2,1,1,Lost
CUST010954,154,1,648.71,3,1,2,Needs Attention
CUST010956,37,1,382.14,5,1,1,Needs Attention
CUST010957,73,4,1085.3400000000001,4,4,3,Loyal Customer
CUST010958,93,3,2251.16,4,4,4,Champion
CUST010959,8,1,962.65,5,1,3,Needs Attention
CUST010961,6,3,1262.19,5,4,3,Loyal Customer
CUST010963,74,7,3787.74,4,5,5,Champion
CUST010964,22,4,1548.6499999999999,5,4,3,Loyal Customer
CUST010965,264,3,1936.76,2,4,4,At Risk
CUST010966,51,1,515.05,4,1,2,Needs Attention
CUST010967,338,1,503.48,2,1,2,Lost
CUST010969,145,1,333.84,3,1,1,Needs Attention
CUST010971,117,8,6146.66,3,5,5,Loyal Customer
CUST010972,137,2,1894.8700000000001,3,3,4,Loyal Customer
CUST010975,191,1,222.11,3,1,1,Needs Attention
CUST010977,113,3,1464.88,3,4,3,Loyal Customer
CUST010980,268,2,97.21000000000001,2,3,1,At Risk
CUST010981,267,1,502.04,2,1,2,Lost
CUST010983,1,1,319.97,5,1,1,Needs Attention
CUST010985,124,12,9157.09,3,5,5,Loyal Customer
CUST010986,36,6,4427.93,5,5,5,Champion
CUST010987,240,2,2115.38,2,3,4,At Risk
CUST010988,58,9,4806.76,4,5,5,Champion
CUST010989,67,3,1934.6499999999999,4,4,4,Champion
CUST010990,319,1,405.12,2,1,1,Lost
CUST010992,94,6,4106.67,4,5,5,Champion
CUST010993,672,1,379.81,1,1,1,Lost
CUST010994,16,4,1695.92,5,4,4,Champion
CUST010996,355,2,1540.03,2,3,3,At Risk
CUST010999,187,6,3871.95,3,5,5,Loyal Customer
CUST011000,87,1,263.08,4,1,1,Needs Attention
CUST011001,648,1,727.91,1,1,2,Lost
CUST011002,220,1,301.47,2,1,1,Lost
CUST011008,15,2,1050.21,5,3,3,Loyal Customer
CUST011009,916,1,434.79,1,1,1,Lost
CUST011011,127,5,2340.93,3,4,4,Loyal Customer
CUST011012,432,2,1141.79,1,3,3,At Risk
CUST011015,396,4,1826.5300000000002,1,4,4,At Risk
CUST011017,440,2,2661.62,1,3,4,At Risk
CUST011018,471,1,1102.1,1,1,3,Lost
CUST011019,39,10,6432.46,5,5,5,Champion
CUST011020,102,2,840.98,3,3,2,Loyal Customer
CUST011022,611,1,446.89,1,1,2,Lost
CUST011023,6,3,860.6700000000001,5,4,2,Loyal Customer
CUST011026,192,1,329.91,3,1,1,Needs Attention
CUST011027,344,1,149.71,2,1,1,Lost
CUST011028,253,2,453.16999999999996,2,3,2,At Risk
CUST011030,429,1,22.96,1,1,1,Lost
CUST011031,367,1,560.48,2,1,2,Lost
CUST011032,176,8,1995.02,3,5,4,Loyal Customer
CUST011033,63,3,1366.1599999999999,4,4,3,Loyal Customer
CUST011034,3,7,5654.02,5,5,5,Champion
CUST011035,169,10,6591.29,3,5,5,Loyal Customer
CUST011036,281,1,1408.3,2,1,3,Lost
CUST011037,2,1,318.86,5,1,1,Needs Attention
CUST011039,215,3,652.02,2,4,2,At Risk
CUST011041,29,2,1081.21,5,3,3,Loyal Customer
CUST011045,86,9,4437.81,4,5,5,Champion
CUST011046,365,1,915.01,2,1,3,Lost
CUST011047,122,4,3432.04,3,4,5,Loyal Customer
CUST011048,42,1,477.89,4,1,2,Needs Attention
CUST011049,30,1,650.75,5,1,2,Needs Attention
CUST011051,66,1,238.98,4,1,1,Needs Attention
CUST011052,4,65,44349.55,5,5,5,Champion
CUST011055,66,1,997.06,4,1,3,Needs Attention
CUST011056,105,2,1020.49,3,3,3,Loyal Customer
CUST011057,10,16,8738.08,5,5,5,Champion
CUST011059,221,1,374.75,2,1,1,Lost
CUST011060,428,2,802.1099999999999,1,3,2,At Risk
CUST011061,131,1,464.96,3,1,2,Needs Attention
CUST011062,208,2,1691.8400000000001,2,3,4,At Risk
CUST011064,364,1,1745.52,2,1,4,Lost
CUST011065,52,1,463.97,4,1,2,Needs Attention
CUST011066,338,1,53.4,2,1,1,Lost
CUST011067,98,1,1057.59,4,1,3,Needs Attention
CUST011069,130,3,2671.34,3,4,4,Loyal Customer
CUST011071,10,1,371.7,5,1,1,Needs Attention
CUST011072,697,1,178.65,1,1,1,Lost
CUST011075,7,3,848.4,5,4,2,Loyal Customer
CUST011076,89,1,333.33,4,1,1,Needs Attention
CUST011077,765,1,425.72,1,1,1,Lost
CUST011078,469,2,3715.68,1,3,5,At Risk
CUST011079,407,2,2052.79,1,3,4,At Risk
CUST011081,42,3,1539.9099999999999,4,4,3,Loyal Customer
CUST011082,38,17,8905.45,5,5,5,Champion
CUST011083,254,1,237.02,2,1,1,Lost
CUST011084,76,1,302.4,4,1,1,Needs Attention
CUST011086,59,1,953.04,4,1,3,Needs Attention
CUST011087,32,1,1587.14,5,1,4,Needs Attention
CUST011088,135,4,1807.13,3,4,4,Loyal Customer
CUST011089,146,4,1077.7199999999998,3,4,3,Loyal Customer
CUST011090,597,1,323.95,1,1,1,Lost
CUST011092,852,1,78.0,1,1,1,Lost
CUST011094,73,7,2183.1800000000003,4,5,4,Champion
CUST011096,174,2,1659.78,3,3,4,Loyal Customer
CUST011097,258,1,241.06,2,1,1,Lost
CUST011098,11,13,6962.91,5,5,5,Champion
CUST011099,423,1,587.3,1,1,2,Lost
CUST011101,63,1,177.18,4,1,1,Needs Attention
CUST011103,3,20,11376.15,5,5,5,Champion
CUST011106,8,3,1699.42,5,4,4,Champion
CUST011108,2,3,1627.01,5,4,4,Champion
CUST011113,837,1,296.11,1,1,1,Lost
CUST011114,104,5,2495.0,3,4,4,Loyal Customer
CUST011115,447,1,851.07,1,1,2,Lost
CUST011117,29,3,1756.42,5,4,4,Champion
CUST011118,270,4,1745.94,2,4,4,At Risk
CUST011119,395,1,920.53,1,1,3,Lost
CUST011121,119,4,2332.13,3,4,4,Loyal Customer
CUST011123,245,6,2982.7300000000005,2,5,5,At Risk
CUST011124,71,4,2243.31,4,4,4,Champion
CUST011125,12,2,1006.68,5,3,3,Loyal Customer
CUST011126,146,2,507.67999999999995,3,3,2,Loyal Customer
CUST011128,1,217,115488.82,5,5,5,Champion
CUST011129,169,2,759.01,3,3,2,Loyal Customer
CUST011130,188,3,1645.53,3,4,4,Loyal Customer
CUST011132,13,1,408.95,5,1,1,Needs Attention
CUST011133,24,24,13345.1,5,5,5,Champion
CUST011134,424,3,776.21,1,4,2,At Risk
CUST011136,627,1,348.74,1,1,1,Lost
CUST011138,58,2,1067.92,4,3,3,Loyal Customer
CUST011140,221,2,705.27,2,3,2,At Risk
CUST011143,190,4,1391.6100000000001,3,4,3,Loyal Customer
CUST011144,73,6,3164.63,4,5,5,Champion
CUST011147,1044,1,278.24,1,1,1,Lost
CUST011148,42,5,3939.7299999999996,4,4,5,Champion
CUST011149,227,1,1526.39,2,1,3,Lost
CUST011151,234,1,834.29,2,1,2,Lost
CUST011152,344,4,4062.91,2,4,5,At Risk
CUST011153,16,1,420.08,5,1,1,Needs Attention
CUST011154,7,1,810.21,5,1,2,Needs Attention
CUST011155,12,43,25083.83,5,5,5,Champion
CUST011157,291,1,752.02,2,1,2,Lost
CUST011158,65,5,2863.42,4,4,4,Champion
CUST011159,235,1,1655.86,2,1,4,Lost
CUST011160,76,9,6100.41,4,5,5,Champion
CUST011162,347,1,842.55,2,1,2,Lost
CUST011165,413,1,467.49,1,1,2,Lost
CUST011167,88,1,245.68,4,1,1,Needs Attention
CUST011168,324,3,2268.97,2,4,4,At Risk
CUST011170,130,2,929.64,3,3,3,Loyal Customer
CUST011171,20,1,370.96,5,1,1,Needs Attention
CUST011172,21,1,1440.16,5,1,3,Needs Attention
CUST011175,60,3,2120.86,4,4,4,Champion
CUST011176,55,14,7940.42,4,5,5,Champion
CUST011179,356,2,1842.1,2,3,4,At Risk
CUST011180,11,81,46915.47,5,5,5,Champion
CUST011181,226,2,928.9599999999999,2,3,3,At Risk
CUST011183,5,1,86.29,5,1,1,Needs Attention
CUST011184,223,1,411.8,2,1,1,Lost
CUST011185,491,1,854.73,1,1,2,Lost
CUST011186,7,5,1461.55,5,4,3,Loyal Customer
CUST011187,68,8,3819.5,4,5,5,Champion
CUST011188,197,1,800.1,3,1,2,Needs Attention
CUST011189,827,1,441.86,1,1,2,Lost
CUST011190,28,2,519.13,5,3,2,Loyal Customer
CUST011191,749,1,850.96,1,1,2,Lost
CUST011192,404,2,1392.95,1,3,3,At Risk
CUST011196,200,2,908.1,3,3,3,Loyal Customer
CUST011197,289,2,696.4300000000001,2,3,2,At Risk
CUST011199,114,1,218.84,3,1,1,Needs Attention
CUST011200,64,3,1706.6399999999999,4,4,4,Champion
CUST011201,506,1,226.94,1,1,1,Lost
CUST011203,40,8,2927.1800000000003,4,5,5,Champion
CUST011204,104,5,1202.97,3,4,3,Loyal Customer
CUST011205,270,1,630.87,2,1,2,Lost
CUST011206,525,1,609.85,1,1,2,Lost
CUST011207,162,2,2328.14,3,3,4,Loyal Customer
CUST011208,97,4,1132.31,4,4,3,Loyal Customer
CUST011211,54,15,11876.0,4,5,5,Champion
CUST011214,835,1,412.31,1,1,1,Lost
CUST011217,963,1,513.24,1,1,2,Lost
CUST011218,615,1,442.04,1,1,2,Lost
CUST011219,52,9,6385.53,4,5,5,Champion
CUST011220,253,2,1992.69,2,3,4,At Risk
CUST011225,17,2,1900.6799999999998,5,3,4,Loyal Customer
CUST011226,196,2,327.37,3,3,1,Loyal Customer
CUST011228,77,3,2282.9500000000003,4,4,4,Champion
CUST011231,112,7,4625.3,3,5,5,Loyal Customer
CUST011232,172,5,4567.68,3,4,5,Loyal Customer
CUST011233,116,9,5037.43,3,5,5,Loyal Customer
CUST011234,9,1,172.06,5,1,1,Needs Attention
CUST011235,32,5,886.0999999999999,5,4,3,Loyal Customer
CUST011236,202,4,1513.72,3,4,3,Loyal Customer
CUST011246,825,1,430.73,1,1,1,Lost
CUST011247,819,1,198.77,1,1,1,Lost
CUST011248,151,5,1711.65,3,4,4,Loyal Customer
CUST011249,17,1,246.89,5,1,1,Needs Attention
CUST011250,143,2,1164.6299999999999,3,3,3,Loyal Customer
CUST011251,306,1,2081.73,2,1,4,Lost
CUST011252,132,2,386.63,3,3,1,Loyal Customer
CUST011254,192,4,1812.1799999999998,3,4,4,Loyal Customer
CUST011255,269,1,468.24,2,1,2,Lost
CUST011256,108,1,197.83,3,1,1,Needs Attention
CUST011260,99,8,5507.76,4,5,5,Champion
CUST011261,439,1,361.3,1,1,1,Lost
CUST011266,154,2,353.22,3,3,1,Loyal Customer
CUST011267,484,1,450.63,1,1,2,Lost
CUST011268,599,1,419.6,1,1,1,Lost
CUST011270,330,2,1149.43,2,3,3,At Risk
CUST011271,14,8,4705.71,5,5,5,Champion
CUST011272,10,12,5382.2300000000005,5,5,5,Champion
CUST011274,512,1,602.59,1,1,2,Lost
CUST011275,266,2,933.9,2,3,3,At Risk
CUST011276,220,2,1380.19,2,3,3,At Risk
CUST011277,288,1,608.18,2,1,2,Lost
CUST011278,781,1,313.99,1,1,1,Lost
CUST011279,117,5,3390.52,3,4,5,Loyal Customer
CUST011280,10,2,1628.1200000000001,5,3,4,Loyal Customer
CUST011281,256,2,522.52,2,3,2,At Risk
CUST011283,251,4,1925.51,2,4,4,At Risk
CUST011284,7,22,11822.3,5,5,5,Champion
CUST011285,390,2,389.59000000000003,2,3,1,At Risk
CUST011286,242,1,295.45,2,1,1,Lost
CUST011287,11,16,8146.98,5,5,5,Champion
CUST011293,529,2,955.1800000000001,1,3,3,At Risk
CUST011294,94,3,2075.26,4,4,4,Champion
CUST011295,37,3,286.83,5,4,1,Loyal Customer
CUST011296,400,1,344.6,1,1,1,Lost
CUST011297,407,1,244.73,1,1,1,Lost
CUST011298,107,2,723.54,3,3,2,Loyal Customer
CUST011299,127,7,1884.81,3,5,4,Loyal Customer
CUST011300,142,2,913.29,3,3,3,Loyal Customer
CUST011304,97,5,3196.36,4,4,5,Champion
CUST011306,653,1,207.83,1,1,1,Lost
CUST011307,90,1,1189.89,4,1,3,Needs Attention
CUST011310,263,5,784.48,2,5,2,At Risk
CUST011311,12,14,9031.99,5,5,5,Champion
CUST011317,34,2,1635.8899999999999,5,3,4,Loyal Customer
CUST011320,780,1,276.86,1,1,1,Lost
CUST011322,734,1,31.0,1,1,1,Lost
CUST011324,501,2,764.52,1,3,2,At Risk
CUST011325,154,1,848.8,3,1,2,Needs Attention
CUST011326,36,1,431.89,5,1,1,Needs Attention
CUST011328,352,1,1554.36,2,1,3,Lost
CUST011330,139,1,461.84,3,1,2,Needs Attention
CUST011332,337,2,1850.25,2,3,4,At Risk
CUST011333,29,1,458.25,5,1,2,Needs Attention
CUST011334,133,3,970.71,3,4,3,Loyal Customer
CUST011335,66,5,2962.43,4,5,5,Champion
CUST011336,637,1,12.29,1,1,1,Lost
CUST011337,42,7,5465.17,4,5,5,Champion
CUST011338,9,7,4953.93,5,5,5,Champion
CUST011339,71,2,244.46,4,3,1,Loyal Customer
CUST011341,252,3,1811.49,2,4,4,At Risk
CUST011343,219,1,218.43,2,1,1,Lost
CUST011345,37,2,513.72,5,3,2,Loyal Customer
CUST011346,194,2,194.93,3,3,1,Loyal Customer
CUST011348,124,4,4233.3,3,4,5,Loyal Customer
CUST011349,46,12,4577.56,4,5,5,Champion
CUST011350,205,2,1662.73,2,3,4,At Risk
CUST011352,289,1,1033.74,2,1,3,Lost
CUST011353,252,2,1170.06,2,3,3,At Risk
CUST011354,21,3,2173.05,5,4,4,Champion
CUST011355,67,8,6580.13,4,5,5,Champion
CUST011356,391,2,769.8599999999999,2,3,2,At Risk
CUST011357,349,2,1629.1100000000001,2,3,4,At Risk
CUST011358,60,2,384.11,4,3,1,Loyal Customer
CUST011359,437,3,921.5999999999999,1,4,3,At Risk
CUST011360,17,7,2964.89,5,5,5,Champion
CUST011361,9,2,321.08,5,3,1,Loyal Customer
CUST011362,123,1,111.31,3,1,1,Needs Attention
CUST011363,36,7,6006.639999999999,5,5,5,Champion
CUST011364,163,12,5981.24,3,5,5,Loyal Customer
CUST011365,263,1,404.13,2,1,1,Lost
CUST011368,174,3,1020.84,3,4,3,Loyal Customer
CUST011369,704,1,53.4,1,1,1,Lost
CUST011370,17,1,26.27,5,1,1,Needs Attention
CUST011371,55,4,2564.25,4,4,4,Champion
CUST011372,960,1,264.33,1,1,1,Lost
CUST011374,137,1,368.15,3,1,1,Needs Attention
CUST011375,558,1,108.51,1,1,1,Lost
CUST011376,37,7,4162.639999999999,5,5,5,Champion
CUST011377,23,11,6307.91,5,5,5,Champion
CUST011378,672,1,148.9,1,1,1,Lost
CUST011379,6,11,5483.85,5,5,5,Champion
CUST011380,119,2,1039.08,3,3,3,Loyal Customer
CUST011383,710,1,223.34,1,1,1,Lost
CUST011384,24,4,2724.94,5,4,4,Champion
CUST011385,17,4,1244.45,5,4,3,Loyal Customer
CUST011386,45,4,1281.15,4,4,3,Loyal Customer
CUST011387,527,1,61.36,1,1,1,Lost
CUST011389,236,3,1960.12,2,4,4,At Risk
CUST011391,5,2,874.33,5,3,3,Loyal Customer
CUST011392,110,3,838.5,3,4,2,Loyal Customer
CUST011393,28,9,5325.41,5,5,5,Champion
CUST011395,67,3,1586.8899999999999,4,4,4,Champion
CUST011396,203,6,2129.13,3,5,4,Loyal Customer
CUST011398,201,2,595.24,3,3,2,Loyal Customer
CUST011399,76,5,2064.2200000000003,4,5,4,Champion
CUST011403,551,1,2069.94,1,1,4,Lost
CUST011404,629,1,1040.81,1,1,3,Lost
CUST011405,280,1,1013.47,2,1,3,Lost
CUST011408,1028,1,243.27,1,1,1,Lost
CUST011409,20,2,681.12,5,3,2,Loyal Customer
CUST011411,186,2,1480.58,3,3,3,Loyal Customer
CUST011412,66,6,2384.86,4,5,4,Champion
CUST011413,96,2,835.5699999999999,4,3,2,Loyal Customer
CUST011415,102,5,3124.27,3,5,5,Loyal Customer
CUST011416,56,3,2785.3900000000003,4,4,4,Champion
CUST011417,307,3,1871.8600000000001,2,4,4,At Risk
CUST011420,9,13,7675.03,5,5,5,Champion
CUST011422,44,2,1223.47,4,3,3,Loyal Customer
CUST011424,274,1,10.21,2,1,1,Lost
CUST011425,56,2,885.04,4,3,3,Loyal Customer
CUST011427,212,4,3317.5400000000004,2,4,5,At Risk
CUST011433,267,1,469.77,2,1,2,Lost
CUST011434,119,5,4926.5199999999995,3,5,5,Loyal Customer
CUST011435,113,6,3029.51,3,5,5,Loyal Customer
CUST011436,398,1,249.37,1,1,1,Lost
CUST011438,112,2,2451.9,3,3,4,Loyal Customer
CUST011439,124,3,1927.92,3,4,4,Loyal Customer
CUST011440,12,1,284.35,5,1,1,Needs Attention
CUST011441,227,1,96.97,2,1,1,Lost
CUST011442,178,5,2843.13,3,5,4,Loyal Customer
CUST011445,305,3,1354.77,2,4,3,At Risk
CUST011448,200,1,751.32,3,1,2,Needs Attention
CUST011449,14,5,4588.6,5,5,5,Champion
CUST011450,156,5,2128.56,3,5,4,Loyal Customer
CUST011454,202,1,216.65,3,1,1,Needs Attention
CUST011455,6,1,48.23,5,1,1,Needs Attention
CUST011456,881,1,56.77,1,1,1,Lost
CUST011459,21,4,2634.74,5,4,4,Champion
CUST011464,214,6,4988.45,2,5,5,At Risk
CUST011465,76,4,1554.66,4,4,3,Loyal Customer
CUST011466,76,3,1232.13,4,4,3,Loyal Customer
CUST011467,59,2,1507.87,4,3,3,Loyal Customer
CUST011468,292,2,1251.49,2,3,3,At Risk
CUST011470,53,1,444.61,4,1,2,Needs Attention
CUST011471,40,3,3604.84,4,4,5,Champion
CUST011473,383,2,818.08,2,3,2,At Risk
CUST011474,45,5,3072.92,4,5,5,Champion
CUST011475,83,2,1859.3899999999999,4,3,4,Loyal Customer
CUST011476,99,2,3166.47,4,3,5,Loyal Customer
CUST011478,195,4,1681.6699999999998,3,4,4,Loyal Customer
CUST011479,20,10,4759.4,5,5,5,Champion
CUST011480,205,1,489.3,2,1,2,Lost
CUST011483,45,2,706.35,4,3,2,Loyal Customer
CUST011486,31,7,4800.27,5,5,5,Champion
CUST011488,450,4,3900.83,1,4,5,At Risk
CUST011491,37,2,1705.66,5,3,4,Loyal Customer
CUST011492,6,5,3343.06,5,5,5,Champion
CUST011493,136,2,902.72,3,3,3,Loyal Customer
CUST011494,480,1,1685.53,1,1,4,Lost
CUST011495,449,1,325.04,1,1,1,Lost
CUST011496,7,7,2583.07,5,5,4,Champion
CUST011497,117,2,166.6,3,3,1,Loyal Customer
CUST011499,182,1,91.92,3,1,1,Needs Attention
CUST011500,205,7,6775.3,2,5,5,At Risk
CUST011501,273,3,3330.93,2,4,5,At Risk
CUST011503,8,1,105.08,5,1,1,Needs Attention
CUST011508,370,3,1208.1,2,4,3,At Risk
CUST011509,76,11,7094.139999999999,4,5,5,Champion
CUST011512,273,1,425.55,2,1,1,Lost
CUST011513,549,1,204.97,1,1,1,Lost
CUST011515,568,1,543.97,1,1,2,Lost
CUST011516,213,1,1549.47,2,1,3,Lost
CUST011517,62,3,3428.3,4,4,5,Champion
CUST011518,18,54,35030.22,5,5,5,Champion
CUST011519,68,4,2792.42,4,4,4,Champion
CUST011520,337,1,611.17,2,1,2,Lost
CUST011522,461,1,478.94,1,1,2,Lost
CUST011524,88,10,4235.93,4,5,5,Champion
CUST011525,705,1,425.73,1,1,1,Lost
CUST011528,122,3,1401.7,3,4,3,Loyal Customer
CUST011529,10,3,2226.32,5,4,4,Champion
CUST011531,648,1,289.19,1,1,1,Lost
CUST011532,151,1,747.99,3,1,2,Needs Attention
CUST011534,560,1,490.76,1,1,2,Lost
CUST011536,51,7,4012.5,4,5,5,Champion
CUST011537,180,3,1743.9,3,4,4,Loyal Customer
CUST011538,667,1,239.45,1,1,1,Lost
CUST011543,116,2,381.17,3,3,1,Loyal Customer
CUST011544,3,10,6073.55,5,5,5,Champion
CUST011545,11,3,2671.32,5,4,4,Champion
CUST011546,48,3,2475.58,4,4,4,Champion
CUST011547,563,2,950.0,1,3,3,At Risk
CUST011548,96,2,1225.13,4,3,3,Loyal Customer
CUST011549,1,2,693.7800000000001,5,3,2,Loyal Customer
CUST011550,494,1,238.15,1,1,1,Lost
CUST011551,128,2,1126.0,3,3,3,Loyal Customer
CUST011552,5,6,3998.92,5,5,5,Champion
CUST011554,426,1,761.04,1,1,2,Lost
CUST011555,468,1,75.12,1,1,1,Lost
CUST011559,21,13,5351.93,5,5,5,Champion
CUST011560,139,4,2788.75,3,4,4,Loyal Customer
CUST011561,136,6,2460.26,3,5,4,Loyal Customer
CUST011565,55,8,4473.07,4,5,5,Champion
CUST011567,361,3,1788.67,2,4,4,At Risk
CUST011571,112,1,195.52,3,1,1,Needs Attention
CUST011575,97,1,1218.48,4,1,3,Needs Attention
CUST011577,37,6,2951.95,5,5,5,Champion
CUST011578,287,1,836.81,2,1,2,Lost
CUST011579,105,1,179.94,3,1,1,Needs Attention
CUST011580,148,1,261.12,3,1,1,Needs Attention
CUST011581,129,1,616.86,3,1,2,Needs Attention
CUST011582,822,2,1561.19,1,3,4,At Risk
CUST011583,399,9,5404.73,1,5,5,At Risk
CUST011584,12,4,1705.55,5,4,4,Champion
CUST011587,75,5,4021.54,4,5,5,Champion
CUST011588,66,1,691.99,4,1,2,Needs Attention
CUST011589,7,7,4419.66,5,5,5,Champion
CUST011590,7,26,13701.34,5,5,5,Champion
CUST011591,65,2,713.87,4,3,2,Loyal Customer
CUST011592,186,2,985.73,3,3,3,Loyal Customer
CUST011595,281,1,1218.94,2,1,3,Lost
CUST011596,296,1,1028.67,2,1,3,Lost
CUST011598,352,2,1271.02,2,3,3,At Risk
CUST011599,241,2,1714.73,2,3,4,At Risk
CUST011600,608,2,3011.2200000000003,1,3,5,At Risk
CUST011601,200,4,1838.93,3,4,4,Loyal Customer
CUST011602,324,1,329.36,2,1,1,Lost
CUST011603,698,1,759.57,1,1,2,Lost
CUST011605,128,3,826.5799999999999,3,4,2,Loyal Customer
CUST011606,263,2,496.93,2,3,2,At Risk
CUST011608,21,1,150.63,5,1,1,Needs Attention
CUST011609,507,2,1223.92,1,3,3,At Risk
CUST011610,40,5,3724.35,4,5,5,Champion
CUST011611,228,2,1046.6399999999999,2,3,3,At Risk
CUST011612,105,3,1968.28,3,4,4,Loyal Customer
CUST011613,145,2,578.2900000000001,3,3,2,Loyal Customer
CUST011614,15,2,839.85,5,3,2,Loyal Customer
CUST011615,165,1,192.23,3,1,1,Needs Attention
CUST011616,64,1,118.61,4,1,1,Needs Attention
CUST011618,216,2,637.3,2,3,2,At Risk
CUST011620,379,1,584.65,2,1,2,Lost
CUST011621,393,1,53.37,1,1,1,Lost
CUST011622,25,5,2925.97,5,5,5,Champion
CUST011623,323,1,164.68,2,1,1,Lost
CUST011624,22,6,4849.030000000001,5,5,5,Champion
CUST011625,302,4,2727.7799999999997,2,4,4,At Risk
CUST011627,221,1,338.7,2,1,1,Lost
CUST011628,238,5,2590.47,2,5,4,At Risk
CUST011629,112,5,3403.17,3,5,5,Loyal Customer
CUST011631,262,2,572.51,2,3,2,At Risk
CUST011632,940,1,2334.35,1,1,4,Lost
CUST011635,85,3,783.03,4,4,2,Loyal Customer
CUST011636,222,3,1102.17,2,4,3,At Risk
CUST011638,219,1,1218.58,2,1,3,Lost
CUST011639,21,6,3281.98,5,5,5,Champion
CUST011641,198,1,436.28,3,1,1,Needs Attention
CUST011645,445,3,2299.29,1,4,4,At Risk
CUST011649,59,2,1069.74,4,3,3,Loyal Customer
CUST011650,86,6,1800.9099999999999,4,5,4,Champion
CUST011653,134,4,1468.3600000000001,3,4,3,Loyal Customer
CUST011654,135,3,1071.92,3,4,3,Loyal Customer
CUST011655,112,2,1907.8400000000001,3,3,4,Loyal Customer
CUST011656,1,3,1942.49,5,4,4,Champion
CUST011657,60,2,541.56,4,3,2,Loyal Customer
CUST011658,422,1,690.62,1,1,2,Lost
CUST011659,24,2,1559.76,5,3,4,Loyal Customer
CUST011660,74,5,3911.99,4,5,5,Champion
CUST011661,417,1,803.23,1,1,2,Lost
CUST011663,10,3,1640.1999999999998,5,4,4,Champion
CUST011664,151,2,277.31,3,3,1,Loyal Customer
CUST011666,680,1,594.13,1,1,2,Lost
CUST011669,64,8,6672.04,4,5,5,Champion
CUST011670,29,13,6294.11,5,5,5,Champion
CUST011671,51,1,443.04,4,1,2,Needs Attention
CUST011674,114,1,464.69,3,1,2,Needs Attention
CUST011677,183,1,651.55,3,1,2,Needs Attention
CUST011678,256,1,839.46,2,1,2,Lost
CUST011681,228,2,955.4300000000001,2,3,3,At Risk
CUST011683,1,2,1620.31,5,3,4,Loyal Customer
CUST011687,355,6,4077.18,2,5,5,At Risk
CUST011688,366,4,4665.87,2,4,5,At Risk
CUST011689,232,2,867.9399999999999,2,3,2,At Risk
CUST011690,402,3,1945.01,1,4,4,At Risk
CUST011692,13,8,5452.27,5,5,5,Champion
CUST011693,108,3,2402.99,3,4,4,Loyal Customer
CUST011694,458,1,2193.26,1,1,4,Lost
CUST011695,163,4,3090.33,3,4,5,Loyal Customer
CUST011696,307,1,1207.27,2,1,3,Lost
CUST011697,26,5,4250.46,5,5,5,Champion
CUST011698,109,4,1619.2,3,4,4,Loyal Customer
CUST011700,433,1,818.14,1,1,2,Lost
CUST011702,207,1,269.63,2,1,1,Lost
CUST011703,90,1,71.88,4,1,1,Needs Attention
CUST011705,98,1,337.43,4,1,1,Needs Attention
CUST011706,31,2,881.11,5,3,3,Loyal Customer
CUST011707,42,3,1055.74,4,4,3,Loyal Customer
CUST011710,27,1,1060.57,5,1,3,Needs Attention
CUST011711,147,4,2021.17,3,4,4,Loyal Customer
CUST011713,135,12,7320.889999999999,3,5,5,Loyal Customer
CUST011714,646,2,869.1800000000001,1,3,2,At Risk
CUST011715,46,3,814.4100000000001,4,4,2,Loyal Customer
CUST011718,7,33,20798.19,5,5,5,Champion
CUST011720,519,3,1513.75,1,4,3,At Risk
CUST011723,290,4,1204.42,2,4,3,At Risk
CUST011724,679,1,224.49,1,1,1,Lost
CUST011725,65,1,296.11,4,1,1,Needs Attention
CUST011726,104,2,1458.0900000000001,3,3,3,Loyal Customer
CUST011727,183,3,1083.71,3,4,3,Loyal Customer
CUST011728,15,4,2027.97,5,4,4,Champion
CUST011729,7,13,6400.62,5,5,5,Champion
CUST011730,21,16,11318.86,5,5,5,Champion
CUST011731,524,1,472.95,1,1,2,Lost
CUST011732,184,1,211.74,3,1,1,Needs Attention
CUST011736,236,2,1190.41,2,3,3,At Risk
CUST011737,489,1,637.65,1,1,2,Lost
CUST011738,433,1,1469.74,1,1,3,Lost
CUST011740,163,1,518.66,3,1,2,Needs Attention
CUST011742,207,3,1232.4499999999998,2,4,3,At Risk
CUST011745,43,5,2204.8599999999997,4,5,4,Champion
CUST011747,14,27,15104.26,5,5,5,Champion
CUST011748,80,2,552.63,4,3,2,Loyal Customer
CUST011751,138,2,1476.82,3,3,3,Loyal Customer
CUST011752,353,2,1814.98,2,3,4,At Risk
CUST011753,12,1,697.39,5,1,2,Needs Attention
CUST011754,80,8,2772.23,4,5,4,Champion
CUST011755,175,3,1121.71,3,4,3,Loyal Customer
CUST011756,245,4,1054.6,2,4,3,At Risk
CUST011757,278,2,1055.26,2,3,3,At Risk
CUST011758,2,3,1987.57,5,4,4,Champion
CUST011759,566,1,275.36,1,1,1,Lost
CUST011760,58,3,1383.02,4,4,3,Loyal Customer
CUST011761,63,7,5099.94,4,5,5,Champion
CUST011763,301,1,602.59,2,1,2,Lost
CUST011765,509,1,230.18,1,1,1,Lost
CUST011767,88,2,298.05,4,3,1,Loyal Customer
CUST011768,128,3,1585.6399999999999,3,4,4,Loyal Customer
CUST011769,332,1,751.02,2,1,2,Lost
CUST011770,369,3,3266.93,2,4,5,At Risk
CUST011771,155,1,1022.16,3,1,3,Needs Attention
CUST011773,30,2,434.81,5,3,1,Loyal Customer
CUST011774,138,1,138.81,3,1,1,Needs Attention
CUST011775,227,1,148.36,2,1,1,Lost
CUST011776,760,1,515.32,1,1,2,Lost
CUST011779,26,7,2765.67,5,5,4,Champion
CUST011780,371,3,2461.47,2,4,4,At Risk
CUST011781,68,6,4295.2300000000005,4,5,5,Champion
CUST011782,34,6,1248.73,5,5,3,Loyal Customer
CUST011784,18,2,737.74,5,3,2,Loyal Customer
CUST011787,3,3,1761.29,5,4,4,Champion
CUST011788,9,3,1994.53,5,4,4,Champion
CUST011793,114,1,704.12,3,1,2,Needs Attention
CUST011794,344,1,472.95,2,1,2,Lost
CUST011795,143,3,3239.22,3,4,5,Loyal Customer
CUST011797,312,3,2006.85,2,4,4,At Risk
CUST011799,102,1,114.66,3,1,1,Needs Attention
CUST011801,867,1,502.04,1,1,2,Lost
CUST011802,101,2,1434.0,4,3,3,Loyal Customer
CUST011803,39,8,4504.759999999999,5,5,5,Champion
CUST011806,723,1,122.72,1,1,1,Lost
CUST011807,81,1,64.72,4,1,1,Needs Attention
CUST011808,125,2,2339.23,3,3,4,Loyal Customer
CUST011809,451,3,699.32,1,4,2,At Risk
CUST011811,317,3,2637.7799999999997,2,4,4,At Risk
CUST011814,130,3,1456.75,3,4,3,Loyal Customer
CUST011815,226,1,1850.25,2,1,4,Lost
CUST011817,553,1,193.7,1,1,1,Lost
CUST011819,115,2,1298.12,3,3,3,Loyal Customer
CUST011820,253,3,2877.54,2,4,4,At Risk
CUST011821,27,4,2674.37,5,4,4,Champion
CUST011822,713,1,1176.02,1,1,3,Lost
CUST011823,78,3,1769.22,4,4,4,Champion
CUST011824,785,2,1361.83,1,3,3,At Risk
CUST011825,496,3,998.4399999999999,1,4,3,At Risk
CUST011826,86,4,1913.69,4,4,4,Champion
CUST011827,261,2,1108.05,2,3,3,At Risk
CUST011828,1,4,1465.67,5,4,3,Loyal Customer
CUST011832,101,3,1005.76,4,4,3,Loyal Customer
CUST011833,28,4,2250.88,5,4,4,Champion
CUST011835,16,1,664.4,5,1,2,Needs Attention
CUST011836,287,2,1308.21,2,3,3,At Risk
CUST011838,787,1,270.55,1,1,1,Lost
CUST011839,52,2,416.43,4,3,1,Loyal Customer
CUST011840,207,3,1880.99,2,4,4,At Risk
CUST011841,91,1,259.24,4,1,1,Needs Attention
CUST011843,300,2,1167.93,2,3,3,At Risk
CUST011844,28,14,8093.42,5,5,5,Champion
CUST011847,27,3,1934.22,5,4,4,Champion
CUST011848,100,9,5478.2,4,5,5,Champion
CUST011849,31,5,2865.3900000000003,5,5,4,Champion
CUST011850,437,1,243.07,1,1,1,Lost
CUST011851,38,2,386.78999999999996,5,3,1,Loyal Customer
CUST011853,7,1,334.79,5,1,1,Needs Attention
CUST011854,485,2,969.6,1,3,3,At Risk
CUST011859,162,3,2104.85,3,4,4,Loyal Customer
CUST011860,246,3,2098.6499999999996,2,4,4,At Risk
CUST011862,46,1,938.86,4,1,3,Needs Attention
CUST011863,1,449,262878.35,5,5,5,Champion
CUST011864,2,1,615.93,5,1,2,Needs Attention
CUST011865,85,6,3967.5,4,5,5,Champion
CUST011866,749,1,619.08,1,1,2,Lost
CUST011867,179,1,44.73,3,1,1,Needs Attention
CUST011868,218,1,249.56,2,1,1,Lost
CUST011873,11,20,14687.1,5,5,5,Champion
CUST011875,71,4,2154.36,4,4,4,Champion
CUST011876,18,5,2442.11,5,5,4,Champion
CUST011877,412,1,312.15,1,1,1,Lost
CUST011878,397,1,438.68,1,1,2,Lost
CUST011881,40,15,8587.36,4,5,5,Champion
CUST011884,185,4,1694.85,3,4,4,Loyal Customer
CUST011885,157,2,311.64,3,3,1,Loyal Customer
CUST011886,516,1,497.69,1,1,2,Lost
CUST011887,503,2,1273.0100000000002,1,3,3,At Risk
CUST011888,421,1,675.48,1,1,2,Lost
CUST011890,111,5,4729.94,3,5,5,Loyal Customer
CUST011893,749,1,797.55,1,1,2,Lost
CUST011895,396,2,291.28000000000003,1,3,1,At Risk
CUST011896,714,2,912.5899999999999,1,3,3,At Risk
CUST011897,63,10,4233.23,4,5,5,Champion
CUST011898,28,3,1323.58,5,4,3,Loyal Customer
CUST011899,93,3,416.32,4,4,1,Loyal Customer
CUST011900,195,1,872.78,3,1,3,Needs Attention
CUST011901,122,1,1860.53,3,1,4,Needs Attention
CUST011902,5,15,8846.94,5,5,5,Champion
CUST011903,56,6,4572.0599999999995,4,5,5,Champion
CUST011905,40,3,778.7,4,4,2,Loyal Customer
CUST011906,305,2,2609.27,2,3,4,At Risk
CUST011908,119,5,2166.2200000000003,3,5,4,Loyal Customer
CUST011909,76,2,1540.9099999999999,4,3,3,Loyal Customer
CUST011911,254,1,91.51,2,1,1,Lost
CUST011913,19,2,880.6700000000001,5,3,3,Loyal Customer
CUST011915,70,9,6902.21,4,5,5,Champion
CUST011916,181,3,2331.92,3,4,4,Loyal Customer
CUST011918,48,8,5878.27,4,5,5,Champion
CUST011920,218,1,765.38,2,1,2,Lost
CUST011921,143,1,179.01,3,1,1,Needs Attention
CUST011922,34,12,4307.78,5,5,5,Champion
CUST011924,594,2,1676.3999999999999,1,3,4,At Risk
CUST011925,462,1,116.97,1,1,1,Lost
CUST011926,138,2,1177.88,3,3,3,Loyal Customer
CUST011927,97,4,3775.51,4,4,5,Champion
CUST011928,47,6,2381.82,4,5,4,Champion
CUST011929,316,1,368.44,2,1,1,Lost
CUST011933,723,2,847.81,1,3,2,At Risk
CUST011935,195,2,615.14,3,3,2,Loyal Customer
CUST011936,527,3,998.8299999999999,1,4,3,At Risk
CUST011940,233,2,856.99,2,3,2,At Risk
CUST011941,273,2,1511.13,2,3,3,At Risk
CUST011942,772,1,154.1,1,1,1,Lost
CUST011943,11,4,1550.52,5,4,3,Loyal Customer
CUST011944,75,2,1017.38,4,3,3,Loyal Customer
CUST011947,7,2,327.47,5,3,1,Loyal Customer
CUST011950,189,1,1495.75,3,1,3,Needs Attention
CUST011952,181,2,1344.68,3,3,3,Loyal Customer
CUST011954,121,2,682.74,3,3,2,Loyal Customer
CUST011955,338,3,1692.8700000000001,2,4,4,At Risk
CUST011957,12,1,631.24,5,1,2,Needs Attention
CUST011960,50,3,1223.55,4,4,3,Loyal Customer
CUST011962,4,2,1142.21,5,3,3,Loyal Customer
CUST011964,420,1,360.26,1,1,1,Lost
CUST011965,178,7,3157.24,3,5,5,Loyal Customer
CUST011966,121,1,1550.73,3,1,3,Needs Attention
CUST011967,805,1,93.37,1,1,1,Lost
CUST011968,261,3,1350.5700000000002,2,4,3,At Risk
CUST011969,618,1,273.26,1,1,1,Lost
CUST011970,66,2,2809.96,4,3,4,Loyal Customer
CUST011971,20,1,620.37,5,1,2,Needs Attention
CUST011972,277,2,946.5,2,3,3,At Risk
CUST011975,57,1,545.87,4,1,2,Needs Attention
CUST011978,159,2,682.63,3,3,2,Loyal Customer
CUST011979,562,2,854.49,1,3,2,At Risk
CUST011980,245,1,1147.98,2,1,3,Lost
CUST011981,173,4,3005.51,3,4,5,Loyal Customer
CUST011982,41,4,3234.61,4,4,5,Champion
CUST011983,150,1,1413.76,3,1,3,Needs Attention
CUST011984,9,8,4038.55,5,5,5,Champion
CUST011985,370,3,1445.04,2,4,3,At Risk
CUST011987,476,1,224.56,1,1,1,Lost
CUST011989,556,1,325.04,1,1,1,Lost
CUST011990,395,1,486.13,1,1,2,Lost
CUST011992,67,3,1627.55,4,4,4,Champion
CUST011993,96,3,4084.8199999999997,4,4,5,Champion
CUST011995,27,6,2948.68,5,5,5,Champion
CUST011996,277,5,2517.31,2,5,4,At Risk
CUST011997,43,2,614.51,4,3,2,Loyal Customer
CUST011999,48,2,374.91999999999996,4,3,1,Loyal Customer
CUST012000,152,1,486.13,3,1,2,Needs Attention
CUST012002,54,1,33.26,4,1,1,Needs Attention
CUST012003,131,2,384.41,3,3,1,Loyal Customer
CUST012005,734,1,606.25,1,1,2,Lost
CUST012006,20,7,4024.62,5,5,5,Champion
CUST012007,169,4,3849.2799999999997,3,4,5,Loyal Customer
CUST012010,698,1,1604.22,1,1,4,Lost
CUST012014,103,3,2847.34,3,4,4,Loyal Customer
CUST012016,65,7,4549.25,4,5,5,Champion
CUST012018,171,1,139.13,3,1,1,Needs Attention
CUST012020,23,7,4145.6,5,5,5,Champion
CUST012025,94,2,871.47,4,3,3,Loyal Customer
CUST012026,446,1,879.31,1,1,3,Lost
CUST012027,35,1,32.35,5,1,1,Needs Attention
CUST012028,469,1,406.74,1,1,1,Lost
CUST012029,182,1,265.84,3,1,1,Needs Attention
CUST012030,24,6,3539.91,5,5,5,Champion
CUST012031,963,1,720.98,1,1,2,Lost
CUST012034,346,1,496.42,2,1,2,Lost
CUST012035,168,2,1459.4299999999998,3,3,3,Loyal Customer
CUST012036,654,1,501.44,1,1,2,Lost
CUST012039,331,1,121.52,2,1,1,Lost
CUST012042,84,2,1272.88,4,3,3,Loyal Customer
CUST012043,708,2,2354.94,1,3,4,At Risk
CUST012044,449,4,2528.26,1,4,4,At Risk
CUST012045,25,5,3882.7,5,5,5,Champion
CUST012046,27,4,2068.54,5,4,4,Champion
CUST012048,283,1,358.25,2,1,1,Lost
CUST012049,245,5,2807.31,2,5,4,At Risk
CUST012050,60,2,1704.72,4,3,4,Loyal Customer
CUST012051,96,3,976.23,4,4,3,Loyal Customer
CUST012052,275,1,913.83,2,1,3,Lost
CUST012053,151,2,1785.0,3,3,4,Loyal Customer
CUST012054,54,4,1710.58,4,4,4,Champion
CUST012055,523,1,763.71,1,1,2,Lost
CUST012057,238,1,1574.8,2,1,4,Lost
CUST012059,880,1,420.44,1,1,1,Lost
CUST012060,88,1,1129.47,4,1,3,Needs Attention
CUST012061,55,2,2402.3,4,3,4,Loyal Customer
CUST012063,48,1,822.04,4,1,2,Needs Attention
CUST012064,7,2,3308.27,5,3,5,Loyal Customer
CUST012065,246,3,3108.08,2,4,5,At Risk
CUST012066,183,2,1324.1100000000001,3,3,3,Loyal Customer
CUST012067,306,1,210.68,2,1,1,Lost
CUST012070,37,2,747.33,5,3,2,Loyal Customer
CUST012072,283,1,436.44,2,1,1,Lost
CUST012075,521,1,163.38,1,1,1,Lost
CUST012076,64,8,4084.36,4,5,5,Champion
CUST012078,12,11,6670.2699999999995,5,5,5,Champion
CUST012079,12,11,4658.74,5,5,5,Champion
CUST012080,279,2,806.2,2,3,2,At Risk
CUST012081,309,3,1620.4699999999998,2,4,4,At Risk
CUST012083,251,1,669.42,2,1,2,Lost
CUST012084,77,6,2287.89,4,5,4,Champion
CUST012085,136,1,199.86,3,1,1,Needs Attention
CUST012088,347,1,298.93,2,1,1,Lost
CUST012089,260,1,68.72,2,1,1,Lost
CUST012091,119,5,1502.8,3,5,3,Loyal Customer
CUST012092,8,2,1956.6599999999999,5,3,4,Loyal Customer
CUST012093,48,2,958.53,4,3,3,Loyal Customer
CUST012098,693,2,809.46,1,3,2,At Risk
CUST012099,185,4,2466.99,3,4,4,Loyal Customer
CUST012101,326,3,3650.59,2,4,5,At Risk
CUST012104,15,6,1677.55,5,5,4,Champion
CUST012106,640,1,243.27,1,1,1,Lost
CUST012109,401,1,967.27,1,1,3,Lost
CUST012112,7,2,1208.6,5,3,3,Loyal Customer
CUST012113,291,1,1242.03,2,1,3,Lost
CUST012114,156,5,1528.37,3,5,3,Loyal Customer
CUST012115,60,2,1255.4899999999998,4,3,3,Loyal Customer
CUST012116,664,1,538.83,1,1,2,Lost
CUST012119,168,2,1061.5,3,3,3,Loyal Customer
CUST012122,38,3,4879.85,5,4,5,Champion
CUST012124,284,1,1899.11,2,1,4,Lost
CUST012126,44,5,2589.36,4,5,4,Champion
CUST012128,62,2,2752.7799999999997,4,3,4,Loyal Customer
CUST012130,65,4,5090.51,4,4,5,Champion
CUST012131,103,4,1275.82,3,4,3,Loyal Customer
CUST012132,70,3,2591.13,4,4,4,Champion
CUST012133,3,4,970.9000000000001,5,4,3,Loyal Customer
CUST012136,18,3,1627.64,5,4,4,Champion
CUST012137,43,1,392.11,4,1,1,Needs Attention
CUST012138,536,2,840.37,1,3,2,At Risk
CUST012140,198,1,476.1,3,1,2,Needs Attention
CUST012143,261,1,268.75,2,1,1,Lost
CUST012144,691,1,57.09,1,1,1,Lost
CUST012146,11,5,2017.07,5,5,4,Champion
CUST012147,504,1,106.73,1,1,1,Lost
CUST012148,34,4,2317.93,5,4,4,Champion
CUST012149,309,3,1813.06,2,4,4,At Risk
CUST012151,113,7,3726.82,3,5,5,Loyal Customer
CUST012152,548,4,2336.68,1,4,4,At Risk
CUST012153,119,1,291.36,3,1,1,Needs Attention
CUST012157,863,1,188.33,1,1,1,Lost
CUST012158,369,1,166.56,2,1,1,Lost
CUST012161,57,8,4083.48,4,5,5,Champion
CUST012162,442,4,2572.84,1,4,4,At Risk
CUST012163,774,1,177.86,1,1,1,Lost
CUST012164,50,11,11585.35,4,5,5,Champion
CUST012166,331,2,835.03,2,3,2,At Risk
CUST012167,19,2,394.82000000000005,5,3,1,Loyal Customer
CUST012168,108,7,4280.7,3,5,5,Loyal Customer
CUST012171,127,4,2892.35,3,4,4,Loyal Customer
CUST012172,128,1,865.35,3,1,2,Needs Attention
CUST012174,16,2,569.26,5,3,2,Loyal Customer
CUST012177,242,1,377.54,2,1,1,Lost
CUST012179,126,2,628.79,3,3,2,Loyal Customer
CUST012180,342,4,1983.8400000000001,2,4,4,At Risk
CUST012181,176,4,3812.32,3,4,5,Loyal Customer
CUST012182,30,3,2270.7,5,4,4,Champion
CUST012183,266,2,419.72999999999996,2,3,1,At Risk
CUST012184,37,2,1799.09,5,3,4,Loyal Customer
CUST012185,4,3,2937.5699999999997,5,4,5,Champion
CUST012186,160,4,1699.61,3,4,4,Loyal Customer
CUST012188,6,21,13319.35,5,5,5,Champion
CUST012189,24,4,1468.24,5,4,3,Loyal Customer
CUST012190,301,1,412.04,2,1,1,Lost
CUST012191,246,1,467.24,2,1,2,Lost
CUST012192,376,2,535.22,2,3,2,At Risk
CUST012194,202,2,1803.9,3,3,4,Loyal Customer
CUST012197,27,2,2302.99,5,3,4,Loyal Customer
CUST012200,548,2,1689.5700000000002,1,3,4,At Risk
CUST012201,626,1,1097.14,1,1,3,Lost
CUST012202,265,1,33.26,2,1,1,Lost
CUST012204,44,6,4661.52,4,5,5,Champion
CUST012208,57,5,1821.7,4,5,4,Champion
CUST012209,259,4,2068.31,2,4,4,At Risk
CUST012210,48,3,873.47,4,4,3,Loyal Customer
CUST012211,41,3,687.5,4,4,2,Loyal Customer
CUST012212,355,1,25.85,2,1,1,Lost
CUST012214,65,5,2480.95,4,5,4,Champion
CUST012215,90,1,815.41,4,1,2,Needs Attention
CUST012217,810,1,878.56,1,1,3,Lost
CUST012218,103,5,3882.4799999999996,3,5,5,Loyal Customer
CUST012219,229,3,1274.74,2,4,3,At Risk
CUST012220,70,3,1413.07,4,4,3,Loyal Customer
CUST012222,121,3,1134.1200000000001,3,4,3,Loyal Customer
CUST012223,174,1,281.16,3,1,1,Needs Attention
CUST012224,241,1,123.24,2,1,1,Lost
CUST012227,252,1,337.24,2,1,1,Lost
CUST012228,140,1,910.61,3,1,3,Needs Attention
CUST012229,138,4,2777.75,3,4,4,Loyal Customer
CUST012230,96,4,1615.98,4,4,4,Champion
CUST012233,372,1,196.75,2,1,1,Lost
CUST012234,284,1,1611.5,2,1,4,Lost
CUST012235,133,1,1850.25,3,1,4,Needs Attention
CUST012237,48,6,2298.4800000000005,4,5,4,Champion
CUST012239,42,2,957.72,4,3,3,Loyal Customer
CUST012240,11,8,3132.94,5,5,5,Champion
CUST012242,115,3,2392.95,3,4,4,Loyal Customer
CUST012243,757,1,805.23,1,1,2,Lost
CUST012244,409,3,2052.85,1,4,4,At Risk
CUST012246,275,6,2583.9,2,5,4,At Risk
CUST012247,16,12,5251.61,5,5,5,Champion
CUST012248,101,3,511.31,4,4,2,Loyal Customer
CUST012249,271,2,493.41,2,3,2,At Risk
CUST012250,62,22,12354.27,4,5,5,Champion
CUST012251,186,5,931.3399999999999,3,5,3,Loyal Customer
CUST012254,261,1,191.24,2,1,1,Lost
CUST012255,827,1,153.58,1,1,1,Lost
CUST012256,170,1,454.24,3,1,2,Needs Attention
CUST012257,25,3,2479.89,5,4,4,Champion
CUST012258,3,24,12535.65,5,5,5,Champion
CUST012259,349,1,1026.57,2,1,3,Lost
CUST012261,139,5,3281.27,3,5,5,Loyal Customer
CUST012263,68,11,8169.75,4,5,5,Champion
CUST012264,357,3,2471.0699999999997,2,4,4,At Risk
CUST012265,425,1,364.67,1,1,1,Lost
CUST012266,845,1,117.65,1,1,1,Lost
CUST012269,102,2,528.35,3,3,2,Loyal Customer
CUST012271,64,4,3135.34,4,4,5,Champion
CUST012272,217,2,913.73,2,3,3,At Risk
CUST012274,11,13,7057.9400000000005,5,5,5,Champion
CUST012275,488,1,76.2,1,1,1,Lost
CUST012276,14,6,2554.63,5,5,4,Champion
CUST012278,60,2,771.77,4,3,2,Loyal Customer
CUST012279,349,1,86.39,2,1,1,Lost
CUST012280,14,6,3795.5,5,5,5,Champion
CUST012281,665,1,1048.36,1,1,3,Lost
CUST012283,332,1,297.9,2,1,1,Lost
CUST012284,148,1,337.7,3,1,1,Needs Attention
CUST012287,41,3,2418.33,4,4,4,Champion
CUST012289,224,3,1063.12,2,4,3,At Risk
CUST012290,78,2,658.62,4,3,2,Loyal Customer
CUST012291,99,2,483.95,4,3,2,Loyal Customer
CUST012292,65,10,4888.55,4,5,5,Champion
CUST012295,117,1,1800.11,3,1,4,Needs Attention
CUST012296,16,19,12383.29,5,5,5,Champion
CUST012297,444,2,1050.99,1,3,3,At Risk
CUST012298,144,2,750.53,3,3,2,Loyal Customer
CUST012300,31,10,5580.79,5,5,5,Champion
CUST012301,118,4,1279.31,3,4,3,Loyal Customer
CUST012303,551,1,312.12,1,1,1,Lost
CUST012304,20,29,21329.25,5,5,5,Champion
CUST012306,60,1,273.54,4,1,1,Needs Attention
CUST012307,24,2,1661.4499999999998,5,3,4,Loyal Customer
CUST012308,95,2,581.1700000000001,4,3,2,Loyal Customer
CUST012309,10,20,12689.03,5,5,5,Champion
CUST012310,64,2,791.31,4,3,2,Loyal Customer
CUST012312,344,2,1269.3899999999999,2,3,3,At Risk
CUST012313,332,3,686.41,2,4,2,At Risk
CUST012315,80,1,457.51,4,1,2,Needs Attention
CUST012317,375,2,1912.71,2,3,4,At Risk
CUST012318,34,17,8675.04,5,5,5,Champion
CUST012319,152,3,1274.8000000000002,3,4,3,Loyal Customer
CUST012320,42,4,1511.96,4,4,3,Loyal Customer
CUST012322,164,1,678.71,3,1,2,Needs Attention
CUST012323,461,1,242.05,1,1,1,Lost
CUST012324,38,1,225.76,5,1,1,Needs Attention
CUST012325,1,6,4193.5199999999995,5,5,5,Champion
CUST012326,432,2,493.78,1,3,2,At Risk
CUST012327,42,19,12081.88,4,5,5,Champion
CUST012328,74,2,830.16,4,3,2,Loyal Customer
CUST012329,437,1,62.66,1,1,1,Lost
CUST012330,91,3,2032.63,4,4,4,Champion
CUST012331,167,5,1562.79,3,5,4,Loyal Customer
CUST012332,2,11,7032.49,5,5,5,Champion
CUST012333,130,1,655.19,3,1,2,Needs Attention
CUST012334,200,2,1262.3899999999999,3,3,3,Loyal Customer
CUST012335,905,1,3037.66,1,1,5,Lost
CUST012337,54,3,2416.92,4,4,4,Champion
CUST012338,136,2,444.87,3,3,2,Loyal Customer
CUST012339,88,2,262.58,4,3,1,Loyal Customer
CUST012340,199,1,1673.22,3,1,4,Needs Attention
CUST012341,30,3,2084.81,5,4,4,Champion
CUST012346,6,3,1428.3500000000001,5,4,3,Loyal Customer
CUST012349,250,3,1040.32,2,4,3,At Risk
CUST012350,36,6,2572.15,5,5,4,Champion
CUST012354,135,1,651.68,3,1,2,Needs Attention
CUST012356,436,1,789.83,1,1,2,Lost
CUST012357,3,9,8852.74,5,5,5,Champion
CUST012358,48,18,8807.3,4,5,5,Champion
CUST012359,110,2,2672.5499999999997,3,3,4,Loyal Customer
CUST012360,41,4,2146.5,4,4,4,Champion
CUST012361,16,3,1219.22,5,4,3,Loyal Customer
CUST012363,264,2,238.2,2,3,1,At Risk
CUST012364,85,4,2438.27,4,4,4,Champion
CUST012365,155,2,806.96,3,3,2,Loyal Customer
CUST012366,460,1,242.37,1,1,1,Lost
CUST012368,9,9,5620.86,5,5,5,Champion
CUST012370,176,1,669.58,3,1,2,Needs Attention
CUST012371,664,1,311.29,1,1,1,Lost
CUST012375,547,1,485.26,1,1,2,Lost
CUST012377,334,2,886.8799999999999,2,3,3,At Risk
CUST012379,294,1,35.97,2,1,1,Lost
CUST012380,235,1,316.24,2,1,1,Lost
CUST012382,582,3,2389.63,1,4,4,At Risk
CUST012385,151,5,2147.69,3,5,4,Loyal Customer
CUST012386,150,1,943.3,3,1,3,Needs Attention
CUST012388,86,3,1619.62,4,4,4,Champion
CUST012389,153,5,3873.5,3,5,5,Loyal Customer
CUST012390,643,1,963.46,1,1,3,Lost
CUST012391,91,2,552.46,4,3,2,Loyal Customer
CUST012392,819,1,1218.6,1,1,3,Lost
CUST012393,350,4,2008.09,2,4,4,At Risk
CUST012394,45,3,1548.1299999999999,4,4,3,Loyal Customer
CUST012395,322,1,493.3,2,1,2,Lost
CUST012396,266,4,2494.75,2,4,4,At Risk
CUST012397,107,1,371.14,3,1,1,Needs Attention
CUST012398,123,2,761.6800000000001,3,3,2,Loyal Customer
CUST012399,539,1,487.18,1,1,2,Lost
CUST012400,32,9,5647.58,5,5,5,Champion
CUST012402,69,6,2356.48,4,5,4,Champion
CUST012403,74,4,1461.51,4,4,3,Loyal Customer
CUST012406,55,5,1996.21,4,5,4,Champion
CUST012407,156,3,1725.89,3,4,4,Loyal Customer
CUST012409,53,5,3938.5299999999997,4,5,5,Champion
CUST012410,121,2,916.12,3,3,3,Loyal Customer
CUST012411,374,1,483.69,2,1,2,Lost
CUST012412,382,1,233.62,2,1,1,Lost
CUST012413,30,3,1597.09,5,4,4,Champion
CUST012417,50,8,5348.58,4,5,5,Champion
CUST012418,123,7,4577.49,3,5,5,Loyal Customer
CUST012419,19,3,572.21,5,4,2,Loyal Customer
CUST012422,592,2,534.4,1,3,2,At Risk
CUST012423,3,26,13396.93,5,5,5,Champion
CUST012425,26,13,7830.78,5,5,5,Champion
CUST012426,434,3,1471.45,1,4,3,At Risk
CUST012428,477,2,621.52,1,3,2,At Risk
CUST012429,243,1,270.59,2,1,1,Lost
CUST012430,97,3,1635.37,4,4,4,Champion
CUST012431,128,2,488.90000000000003,3,3,2,Loyal Customer
CUST012432,222,4,1294.91,2,4,3,At Risk
CUST012434,26,10,5970.3,5,5,5,Champion
CUST012435,36,4,3424.62,5,4,5,Champion
CUST012437,228,4,1796.92,2,4,4,At Risk
CUST012440,11,10,3851.65,5,5,5,Champion
CUST012441,551,1,288.05,1,1,1,Lost
CUST012442,127,3,1467.63,3,4,3,Loyal Customer
CUST012443,24,2,860.97,5,3,2,Loyal Customer
CUST012445,256,2,1777.51,2,3,4,At Risk
CUST012448,56,12,5866.0,4,5,5,Champion
CUST012449,108,11,6369.4,3,5,5,Loyal Customer
CUST012450,517,1,420.68,1,1,1,Lost
CUST012451,20,1,1926.68,5,1,4,Needs Attention
CUST012453,104,7,4444.7699999999995,3,5,5,Loyal Customer
CUST012456,54,5,3870.6,4,5,5,Champion
CUST012459,790,1,1465.34,1,1,3,Lost
CUST012460,9,8,4717.63,5,5,5,Champion
CUST012461,218,1,676.8,2,1,2,Lost
CUST012463,129,3,2264.26,3,4,4,Loyal Customer
CUST012466,100,3,2165.08,4,4,4,Champion
CUST012467,31,1,149.71,5,1,1,Needs Attention
CUST012469,529,1,621.48,1,1,2,Lost
CUST012470,651,1,130.56,1,1,1,Lost
CUST012471,122,3,410.15,3,4,1,Loyal Customer
CUST012472,264,4,1434.7400000000002,2,4,3,At Risk
CUST012473,339,1,566.95,2,1,2,Lost
CUST012475,25,13,7418.93,5,5,5,Champion
CUST012476,432,1,364.46,1,1,1,Lost
CUST012477,8,3,2358.4700000000003,5,4,4,Champion
CUST012479,263,1,382.51,2,1,1,Lost
CUST012483,263,1,399.76,2,1,1,Lost
CUST012485,159,1,1449.33,3,1,3,Needs Attention
CUST012490,481,1,217.64,1,1,1,Lost
CUST012495,124,3,917.7,3,4,3,Loyal Customer
CUST012497,116,6,2642.53,3,5,4,Loyal Customer
CUST012498,18,4,2078.59,5,4,4,Champion
CUST012502,476,2,1342.06,1,3,3,At Risk
CUST012503,146,4,1166.28,3,4,3,Loyal Customer
CUST012505,153,3,1826.9199999999998,3,4,4,Loyal Customer
CUST012507,668,1,47.57,1,1,1,Lost
CUST012509,8,22,11345.98,5,5,5,Champion
CUST012511,443,1,739.31,1,1,2,Lost
CUST012512,55,10,6128.38,4,5,5,Champion
CUST012513,161,3,2869.2200000000003,3,4,4,Loyal Customer
CUST012514,102,2,479.15,3,3,2,Loyal Customer
CUST012516,212,4,978.02,2,4,3,At Risk
CUST012517,195,5,4814.42,3,5,5,Loyal Customer
CUST012518,25,2,569.53,5,3,2,Loyal Customer
CUST012520,445,1,1006.03,1,1,3,Lost
CUST012521,48,11,6191.42,4,5,5,Champion
CUST012522,139,2,401.75,3,3,1,Loyal Customer
CUST012523,5,13,9391.24,5,5,5,Champion
CUST012525,36,4,3096.47,5,4,5,Champion
CUST012527,238,2,1421.8400000000001,2,3,3,At Risk
CUST012528,34,3,1864.06,5,4,4,Champion
CUST012529,144,2,1700.99,3,3,4,Loyal Customer
CUST012531,12,7,5794.97,5,5,5,Champion
CUST012532,34,5,6666.21,5,5,5,Champion
CUST012533,49,3,1474.6499999999999,4,4,3,Loyal Customer
CUST012536,181,2,1749.19,3,3,4,Loyal Customer
CUST012537,120,2,766.03,3,3,2,Loyal Customer
CUST012539,131,3,1254.07,3,4,3,Loyal Customer
CUST012540,489,4,2298.1600000000003,1,4,4,At Risk
CUST012542,4,1,219.25,5,1,1,Needs Attention
CUST012543,268,3,1745.32,2,4,4,At Risk
CUST012544,494,1,581.46,1,1,2,Lost
CUST012546,168,7,3140.65,3,5,5,Loyal Customer
CUST012547,82,4,2765.36,4,4,4,Champion
CUST012548,8,18,12082.710000000001,5,5,5,Champion
CUST012550,41,1,497.86,4,1,2,Needs Attention
CUST012551,402,2,799.52,1,3,2,At Risk
CUST012552,3,26,11981.01,5,5,5,Champion
CUST012553,30,23,12087.89,5,5,5,Champion
CUST012555,635,1,86.29,1,1,1,Lost
CUST012557,58,7,3575.89,4,5,5,Champion
CUST012558,206,2,1027.19,2,3,3,At Risk
CUST012559,173,4,1470.99,3,4,3,Loyal Customer
CUST012561,107,2,622.07,3,3,2,Loyal Customer
CUST012564,400,1,931.9,1,1,3,Lost
CUST012565,14,7,3276.34,5,5,5,Champion
CUST012566,36,3,1308.75,5,4,3,Loyal Customer
CUST012569,25,2,1500.72,5,3,3,Loyal Customer
CUST012570,550,1,309.22,1,1,1,Lost
CUST012571,41,10,6493.83,4,5,5,Champion
CUST012573,117,3,1894.44,3,4,4,Loyal Customer
CUST012574,215,2,2004.4299999999998,2,3,4,At Risk
CUST012575,698,1,582.23,1,1,2,Lost
CUST012578,375,2,949.54,2,3,3,At Risk
CUST012580,159,2,2895.1899999999996,3,3,4,Loyal Customer
CUST012583,416,2,1479.5,1,3,3,At Risk
CUST012584,2,4,1987.8799999999999,5,4,4,Champion
CUST012585,622,1,983.04,1,1,3,Lost
CUST012590,332,3,3132.2200000000003,2,4,5,At Risk
CUST012591,62,8,4330.41,4,5,5,Champion
CUST012593,169,3,1898.6499999999999,3,4,4,Loyal Customer
CUST012594,26,4,1701.96,5,4,4,Champion
CUST012595,116,7,2600.94,3,5,4,Loyal Customer
CUST012596,8,5,1003.98,5,5,3,Loyal Customer
CUST012597,244,8,3868.1400000000003,2,5,5,At Risk
CUST012598,161,5,3108.48,3,5,5,Loyal Customer
CUST012599,95,10,3430.25,4,5,5,Champion
CUST012600,414,1,1030.29,1,1,3,Lost
CUST012602,1,6,4213.0,5,5,5,Champion
CUST012603,68,7,4576.6,4,5,5,Champion
CUST012605,28,4,1376.9,5,4,3,Loyal Customer
CUST012606,81,1,615.76,4,1,2,Needs Attention
CUST012607,489,1,784.86,1,1,2,Lost
CUST012609,713,1,1833.22,1,1,4,Lost
CUST012610,287,2,1671.73,2,3,4,At Risk
CUST012612,21,10,6301.01,5,5,5,Champion
CUST012613,23,8,5245.71,5,5,5,Champion
CUST012617,409,2,2214.41,1,3,4,At Risk
CUST012618,17,6,4182.4400000000005,5,5,5,Champion
CUST012619,20,1,728.09,5,1,2,Needs Attention
CUST012620,966,2,564.24,1,3,2,At Risk
CUST012621,502,2,2780.86,1,3,4,At Risk
CUST012622,423,1,457.04,1,1,2,Lost
CUST012623,187,2,1733.19,3,3,4,Loyal Customer
CUST012624,372,1,523.05,2,1,2,Lost
CUST012625,610,2,2621.7,1,3,4,At Risk
CUST012627,101,1,279.31,4,1,1,Needs Attention
CUST012630,74,2,515.05,4,3,2,Loyal Customer
CUST012631,10,31,18644.87,5,5,5,Champion
CUST012632,80,3,2713.52,4,4,4,Champion
CUST012633,707,2,904.76,1,3,3,At Risk
CUST012634,74,3,622.86,4,4,2,Loyal Customer
CUST012635,610,1,269.66,1,1,1,Lost
CUST012639,188,3,1451.1100000000001,3,4,3,Loyal Customer
CUST012641,16,6,2748.69,5,5,4,Champion
CUST012644,4,15,10896.23,5,5,5,Champion
CUST012646,211,2,659.92,2,3,2,At Risk
CUST012647,110,1,759.57,3,1,2,Needs Attention
CUST012649,292,2,1031.03,2,3,3,At Risk
CUST012652,396,2,1180.26,1,3,3,At Risk
CUST012653,28,5,1331.25,5,5,3,Loyal Customer
CUST012656,81,3,1028.57,4,4,3,Loyal Customer
CUST012657,46,1,323.58,4,1,1,Needs Attention
CUST012662,96,2,504.07,4,3,2,Loyal Customer
CUST012663,47,12,6473.4800000000005,4,5,5,Champion
CUST012664,235,1,1200.02,2,1,3,Lost
CUST012665,31,2,1090.44,5,3,3,Loyal Customer
CUST012669,377,1,81.9,2,1,1,Lost
CUST012673,295,6,5391.200000000001,2,5,5,At Risk
CUST012676,228,2,968.47,2,3,3,At Risk
CUST012677,357,1,2649.72,2,1,4,Lost
CUST012680,41,4,1365.6,4,4,3,Loyal Customer
CUST012681,176,1,140.31,3,1,1,Needs Attention
CUST012682,51,2,956.8,4,3,3,Loyal Customer
CUST012683,62,1,1173.43,4,1,3,Needs Attention
CUST012684,182,2,994.18,3,3,3,Loyal Customer
CUST012686,903,1,1271.88,1,1,3,Lost
CUST012687,18,44,20389.77,5,5,5,Champion
CUST012688,536,1,1236.69,1,1,3,Lost
CUST012689,525,2,1513.3600000000001,1,3,3,At Risk
CUST012690,514,1,425.69,1,1,1,Lost
CUST012691,507,4,3901.1800000000003,1,4,5,At Risk
CUST012692,282,3,1056.98,2,4,3,At Risk
CUST012694,8,6,3373.72,5,5,5,Champion
CUST012695,94,4,1318.75,4,4,3,Loyal Customer
CUST012696,370,1,743.82,2,1,2,Lost
CUST012698,594,1,248.11,1,1,1,Lost
CUST012699,263,6,3876.5499999999997,2,5,5,At Risk
CUST012700,1039,1,326.03,1,1,1,Lost
CUST012701,225,5,2596.1400000000003,2,5,4,At Risk
CUST012702,98,1,606.25,4,1,2,Needs Attention
CUST012703,175,2,424.18,3,3,1,Loyal Customer
CUST012705,33,6,2962.21,5,5,5,Champion
CUST012706,360,1,494.58,2,1,2,Lost
CUST012707,119,3,2218.62,3,4,4,Loyal Customer
CUST012708,413,2,1565.34,1,3,4,At Risk
CUST012709,31,18,9825.75,5,5,5,Champion
CUST012710,133,2,368.45,3,3,1,Loyal Customer
CUST012711,13,11,7008.49,5,5,5,Champion
CUST012712,91,2,536.78,4,3,2,Loyal Customer
CUST012713,945,1,219.44,1,1,1,Lost
CUST012716,235,1,1469.49,2,1,3,Lost
CUST012717,75,12,8921.09,4,5,5,Champion
CUST012720,44,8,4021.38,4,5,5,Champion
CUST012721,25,2,1771.2799999999997,5,3,4,Loyal Customer
CUST012722,95,6,3112.1800000000003,4,5,5,Champion
CUST012723,44,6,2378.06,4,5,4,Champion
CUST012724,974,1,275.98,1,1,1,Lost
CUST012725,861,1,427.61,1,1,1,Lost
CUST012726,21,32,19933.0,5,5,5,Champion
CUST012728,108,3,2858.5699999999997,3,4,4,Loyal Customer
CUST012729,372,2,672.76,2,3,2,At Risk
CUST012731,358,2,1539.8899999999999,2,3,3,At Risk
CUST012732,63,4,2018.45,4,4,4,Champion
CUST012735,58,5,3811.63,4,5,5,Champion
CUST012737,15,5,3337.12,5,5,5,Champion
CUST012738,319,1,624.79,2,1,2,Lost
CUST012739,438,1,157.31,1,1,1,Lost
CUST012740,323,1,2206.98,2,1,4,Lost
CUST012744,90,3,1082.95,4,4,3,Loyal Customer
CUST012745,31,2,1935.0,5,3,4,Loyal Customer
CUST012747,252,1,3750.91,2,1,5,Lost
CUST012748,153,2,797.01,3,3,2,Loyal Customer
CUST012749,262,1,127.79,2,1,1,Lost
CUST012751,7,7,4858.6,5,5,5,Champion
CUST012752,31,3,665.54,5,4,2,Loyal Customer
CUST012753,158,3,2568.64,3,4,4,Loyal Customer
CUST012754,22,3,3042.29,5,4,5,Champion
CUST012755,272,2,1084.98,2,3,3,At Risk
CUST012758,37,11,7027.889999999999,5,5,5,Champion
CUST012759,258,1,471.36,2,1,2,Lost
CUST012761,172,2,1470.29,3,3,3,Loyal Customer
CUST012762,66,2,1542.49,4,3,3,Loyal Customer
CUST012766,624,1,2416.37,1,1,4,Lost
CUST012767,137,2,1316.38,3,3,3,Loyal Customer
CUST012769,302,2,1424.74,2,3,3,At Risk
CUST012770,574,2,556.62,1,3,2,At Risk
CUST012771,148,2,1811.72,3,3,4,Loyal Customer
CUST012774,346,1,372.04,2,1,1,Lost
CUST012775,142,6,2521.16,3,5,4,Loyal Customer
CUST012776,204,2,369.90999999999997,2,3,1,At Risk
CUST012777,367,1,897.44,2,1,3,Lost
CUST012778,2,15,9007.32,5,5,5,Champion
CUST012779,72,1,848.46,4,1,2,Needs Attention
CUST012780,799,1,295.56,1,1,1,Lost
CUST012781,66,4,2593.21,4,4,4,Champion
CUST012782,46,7,2785.19,4,5,4,Champion
CUST012783,31,13,5013.86,5,5,5,Champion
CUST012784,375,1,503.99,2,1,2,Lost
CUST012786,337,1,16.68,2,1,1,Lost
CUST012787,69,1,109.24,4,1,1,Needs Attention
CUST012788,251,1,105.08,2,1,1,Lost
CUST012792,96,2,1176.27,4,3,3,Loyal Customer
CUST012794,216,3,2179.95,2,4,4,At Risk
CUST012796,226,1,315.32,2,1,1,Lost
CUST012798,32,3,1413.28,5,4,3,Loyal Customer
CUST012799,1,3,1539.3700000000001,5,4,3,Loyal Customer
CUST012803,44,18,10299.2,4,5,5,Champion
CUST012804,301,3,324.34,2,4,1,At Risk
CUST012805,57,4,2886.56,4,4,4,Champion
CUST012806,146,2,756.8,3,3,2,Loyal Customer
CUST012809,73,1,1383.11,4,1,3,Needs Attention
CUST012810,47,2,802.0699999999999,4,3,2,Loyal Customer
CUST012811,263,1,541.89,2,1,2,Lost
CUST012812,81,4,3432.63,4,4,5,Champion
CUST012814,52,47,23747.96,4,5,5,Champion
CUST012815,22,16,6534.56,5,5,5,Champion
CUST012820,1,4,1862.31,5,4,4,Champion
CUST012821,364,3,1681.4299999999998,2,4,4,At Risk
CUST012822,67,7,5531.91,4,5,5,Champion
CUST012823,91,5,1731.84,4,5,4,Champion
CUST012824,518,2,1575.96,1,3,4,At Risk
CUST012825,580,1,198.97,1,1,1,Lost
CUST012826,384,5,3928.74,2,5,5,At Risk
CUST012827,78,4,3424.36,4,4,5,Champion
CUST012829,529,3,4158.280000000001,1,4,5,At Risk
CUST012831,25,10,7127.85,5,5,5,Champion
CUST012832,168,1,80.54,3,1,1,Needs Attention
CUST012835,365,2,2495.8500000000004,2,3,4,At Risk
CUST012836,52,11,7178.780000000001,4,5,5,Champion
CUST012837,59,4,988.73,4,4,3,Loyal Customer
CUST012839,87,1,296.51,4,1,1,Needs Attention
CUST012840,293,1,379.4,2,1,1,Lost
CUST012841,5,139,82777.69,5,5,5,Champion
CUST012842,12,6,4367.57,5,5,5,Champion
CUST012843,6,7,5429.45,5,5,5,Champion
CUST012845,64,6,2229.91,4,5,4,Champion
CUST012846,502,1,255.25,1,1,1,Lost
CUST012848,195,7,3420.52,3,5,5,Loyal Customer
CUST012850,160,5,2618.9300000000003,3,5,4,Loyal Customer
CUST012851,231,3,1001.03,2,4,3,At Risk
CUST012853,578,2,3629.26,1,3,5,At Risk
CUST012855,100,6,5072.08,4,5,5,Champion
CUST012857,577,2,1042.78,1,3,3,At Risk
CUST012858,463,1,1363.29,1,1,3,Lost
CUST012860,211,1,61.36,2,1,1,Lost
CUST012861,409,1,480.73,1,1,2,Lost
CUST012863,145,2,892.5,3,3,3,Loyal Customer
CUST012864,16,11,5497.68,5,5,5,Champion
CUST012866,54,3,1070.72,4,4,3,Loyal Customer
CUST012868,59,3,816.7900000000001,4,4,2,Loyal Customer
CUST012869,47,3,1980.46,4,4,4,Champion
CUST012870,150,2,708.1800000000001,3,3,2,Loyal Customer
CUST012873,210,3,1135.02,2,4,3,At Risk
CUST012875,90,2,1144.39,4,3,3,Loyal Customer
CUST012876,227,1,925.82,2,1,3,Lost
CUST012878,264,3,1514.9699999999998,2,4,3,At Risk
CUST012879,87,2,1764.25,4,3,4,Loyal Customer
CUST012880,604,1,74.91,1,1,1,Lost
CUST012882,603,1,825.89,1,1,2,Lost
CUST012883,160,1,139.53,3,1,1,Needs Attention
CUST012884,47,5,1694.8,4,5,4,Champion
CUST012885,399,2,495.66,1,3,2,At Risk
CUST012886,35,9,5518.639999999999,5,5,5,Champion
CUST012888,3,56,40110.06,5,5,5,Champion
CUST012889,104,5,4067.58,3,5,5,Loyal Customer
CUST012890,207,3,1070.19,2,4,3,At Risk
CUST012892,13,3,1510.85,5,4,3,Loyal Customer
CUST012893,205,1,368.81,2,1,1,Lost
CUST012894,24,1,80.82,5,1,1,Needs Attention
CUST012898,29,9,5335.38,5,5,5,Champion
CUST012899,133,1,896.63,3,1,3,Needs Attention
CUST012900,130,1,2196.91,3,1,4,Needs Attention
CUST012901,139,5,1606.6699999999998,3,5,4,Loyal Customer
CUST012904,124,1,936.15,3,1,3,Needs Attention
CUST012905,30,5,3281.57,5,5,5,Champion
CUST012908,9,5,2523.33,5,5,4,Champion
CUST012909,183,2,157.99,3,3,1,Loyal Customer
CUST012910,288,1,874.77,2,1,3,Lost
CUST012912,31,3,1819.7399999999998,5,4,4,Champion
CUST012917,12,3,2305.83,5,4,4,Champion
CUST012918,38,9,6151.37,5,5,5,Champion
CUST012919,118,2,652.5,3,3,2,Loyal Customer
CUST012920,11,1,324.94,5,1,1,Needs Attention
CUST012926,165,4,3154.94,3,4,5,Loyal Customer
CUST012927,37,6,4179.17,5,5,5,Champion
CUST012928,160,2,465.84000000000003,3,3,2,Loyal Customer
CUST012930,701,1,511.62,1,1,2,Lost
CUST012934,322,1,150.46,2,1,1,Lost
CUST012935,328,1,1155.5,2,1,3,Lost
CUST012936,232,2,1882.7599999999998,2,3,4,At Risk
CUST012938,155,5,2260.78,3,5,4,Loyal Customer
CUST012941,325,2,1119.56,2,3,3,At Risk
CUST012943,6,4,2838.2599999999998,5,4,4,Champion
CUST012945,629,2,1108.8600000000001,1,3,3,At Risk
CUST012947,62,6,3219.44,4,5,5,Champion
CUST012948,17,1,2540.2,5,1,4,Needs Attention
CUST012950,6,14,9526.91,5,5,5,Champion
CUST012951,101,3,3248.7,4,4,5,Champion
CUST012952,74,10,7276.5,4,5,5,Champion
CUST012953,114,16,11841.22,3,5,5,Loyal Customer
CUST012954,114,1,1104.82,3,1,3,Needs Attention
CUST012956,6,2,183.46,5,3,1,Loyal Customer
CUST012958,326,3,3044.9700000000003,2,4,5,At Risk
CUST012959,81,2,1156.56,4,3,3,Loyal Customer
CUST012960,325,5,3028.48,2,5,5,At Risk
CUST012963,720,1,301.4,1,1,1,Lost
CUST012964,114,3,4195.25,3,4,5,Loyal Customer
CUST012965,170,4,2693.85,3,4,4,Loyal Customer
CUST012967,359,1,926.25,2,1,3,Lost
CUST012970,13,1,615.41,5,1,2,Needs Attention
CUST012971,414,1,96.43,1,1,1,Lost
CUST012972,381,1,402.35,2,1,1,Lost
CUST012973,175,1,1468.28,3,1,3,Needs Attention
CUST012974,87,4,1466.72,4,4,3,Loyal Customer
CUST012975,11,12,4553.58,5,5,5,Champion
CUST012976,469,1,279.6,1,1,1,Lost
CUST012977,69,2,509.54999999999995,4,3,2,Loyal Customer
CUST012978,17,21,11400.48,5,5,5,Champion
CUST012979,28,7,2186.41,5,5,4,Champion
CUST012980,177,1,639.94,3,1,2,Needs Attention
CUST012984,820,1,595.7,1,1,2,Lost
CUST012985,33,1,422.35,5,1,1,Needs Attention
CUST012986,352,1,1079.5,2,1,3,Lost
CUST012988,218,3,1517.5500000000002,2,4,3,At Risk
CUST012991,24,3,2136.72,5,4,4,Champion
CUST012993,251,1,794.69,2,1,2,Lost
CUST012994,66,2,397.51,4,3,1,Loyal Customer
CUST012996,368,2,1266.71,2,3,3,At Risk
CUST012998,966,1,982.29,1,1,3,Lost
CUST013000,716,1,1797.97,1,1,4,Lost
CUST013001,19,3,3912.91,5,4,5,Champion
CUST013002,561,1,380.7,1,1,1,Lost
CUST013004,145,5,2127.75,3,5,4,Loyal Customer
CUST013005,283,1,84.0,2,1,1,Lost
CUST013008,664,1,189.51,1,1,1,Lost
CUST013009,13,11,5634.36,5,5,5,Champion
CUST013011,998,1,283.28,1,1,1,Lost
CUST013012,92,4,1541.8799999999999,4,4,3,Loyal Customer
CUST013013,226,2,666.09,2,3,2,At Risk
CUST013015,5,2,1253.55,5,3,3,Loyal Customer
CUST013019,272,1,474.04,2,1,2,Lost
CUST013021,63,3,1115.1699999999998,4,4,3,Loyal Customer
CUST013022,54,16,10407.24,4,5,5,Champion
CUST013023,159,1,1286.11,3,1,3,Needs Attention
CUST013027,287,2,1257.79,2,3,3,At Risk
CUST013028,171,3,1853.14,3,4,4,Loyal Customer
CUST013029,67,4,3106.61,4,4,5,Champion
CUST013030,118,1,610.3,3,1,2,Needs Attention
CUST013033,161,1,874.74,3,1,3,Needs Attention
CUST013034,857,1,1011.43,1,1,3,Lost
CUST013035,46,8,5671.58,4,5,5,Champion
CUST013036,138,4,1426.37,3,4,3,Loyal Customer
CUST013038,532,2,1038.3799999999999,1,3,3,At Risk
CUST013039,687,2,1884.45,1,3,4,At Risk
CUST013040,224,3,1198.13,2,4,3,At Risk
CUST013043,44,1,497.45,4,1,2,Needs Attention
CUST013044,22,3,1397.4899999999998,5,4,3,Loyal Customer
CUST013045,404,2,746.7,1,3,2,At Risk
CUST013046,115,1,425.62,3,1,1,Needs Attention
CUST013047,229,4,1135.47,2,4,3,At Risk
CUST013048,33,2,1322.6599999999999,5,3,3,Loyal Customer
CUST013049,42,3,965.62,4,4,3,Loyal Customer
CUST013050,275,1,234.12,2,1,1,Lost
CUST013051,98,2,807.04,4,3,2,Loyal Customer
CUST013055,326,3,2168.0299999999997,2,4,4,At Risk
CUST013057,137,2,1172.83,3,3,3,Loyal Customer
CUST013058,35,1,1504.17,5,1,3,Needs Attention
CUST013061,106,5,2331.57,3,5,4,Loyal Customer
CUST013063,178,2,3025.6499999999996,3,3,5,Loyal Customer
CUST013064,967,1,386.33,1,1,1,Lost
CUST013065,383,1,313.22,2,1,1,Lost
CUST013066,255,1,105.87,2,1,1,Lost
CUST013067,56,6,2856.29,4,5,4,Champion
CUST013068,716,2,1160.42,1,3,3,At Risk
CUST013069,58,1,638.06,4,1,2,Needs Attention
CUST013070,190,1,279.28,3,1,1,Needs Attention
CUST013071,199,1,118.72,3,1,1,Needs Attention
CUST013073,8,12,7165.14,5,5,5,Champion
CUST013076,175,2,887.7900000000001,3,3,3,Loyal Customer
CUST013077,62,5,3888.55,4,5,5,Champion
CUST013079,194,2,975.1,3,3,3,Loyal Customer
CUST013080,32,2,331.07,5,3,1,Loyal Customer
CUST013081,204,1,645.1,2,1,2,Lost
CUST013082,24,1,613.81,5,1,2,Needs Attention
CUST013084,49,4,1700.9399999999998,4,4,4,Champion
CUST013086,884,1,402.35,1,1,1,Lost
CUST013087,386,2,456.41,2,3,2,At Risk
CUST013089,19,17,7018.360000000001,5,5,5,Champion
CUST013092,100,8,3419.83,4,5,5,Champion
CUST013093,55,1,451.47,4,1,2,Needs Attention
CUST013094,152,1,616.75,3,1,2,Needs Attention
CUST013095,388,2,188.99,2,3,1,At Risk
CUST013096,178,7,5822.73,3,5,5,Loyal Customer
CUST013097,133,2,629.35,3,3,2,Loyal Customer
CUST013099,153,2,2193.84,3,3,4,Loyal Customer
CUST013100,98,7,6517.19,4,5,5,Champion
CUST013101,497,1,510.28,1,1,2,Lost
CUST013102,123,2,966.8800000000001,3,3,3,Loyal Customer
CUST013105,75,6,3234.65,4,5,5,Champion
CUST013106,102,1,645.28,3,1,2,Needs Attention
CUST013107,23,9,3844.93,5,5,5,Champion
CUST013108,386,4,1584.79,2,4,4,At Risk
CUST013110,569,1,389.51,1,1,1,Lost
CUST013111,426,3,702.37,1,4,2,At Risk
CUST013113,131,3,2605.6800000000003,3,4,4,Loyal Customer
CUST013114,52,4,1531.54,4,4,3,Loyal Customer
CUST013115,303,2,803.28,2,3,2,At Risk
CUST013118,95,1,99.37,4,1,1,Needs Attention
CUST013119,104,2,787.8299999999999,3,3,2,Loyal Customer
CUST013121,71,7,5788.5599999999995,4,5,5,Champion
CUST013123,333,1,524.83,2,1,2,Lost
CUST013124,598,1,558.48,1,1,2,Lost
CUST013125,381,1,797.9,2,1,2,Lost
CUST013128,212,2,771.47,2,3,2,At Risk
CUST013129,46,12,5369.08,4,5,5,Champion
CUST013130,771,1,352.82,1,1,1,Lost
CUST013131,992,1,419.65,1,1,1,Lost
CUST013132,280,3,926.81,2,4,3,At Risk
CUST013133,53,2,1558.1599999999999,4,3,4,Loyal Customer
CUST013139,273,2,1767.67,2,3,4,At Risk
CUST013140,500,1,156.63,1,1,1,Lost
CUST013145,277,1,538.36,2,1,2,Lost
CUST013147,97,2,259.67,4,3,1,Loyal Customer
CUST013148,338,2,1089.32,2,3,3,At Risk
CUST013149,22,1,1772.43,5,1,4,Needs Attention
CUST013150,86,4,1467.4,4,4,3,Loyal Customer
CUST013152,262,2,1291.99,2,3,3,At Risk
CUST013155,233,1,703.4,2,1,2,Lost
CUST013156,11,3,1727.51,5,4,4,Champion
CUST013159,434,1,489.17,1,1,2,Lost
CUST013161,5,8,3265.34,5,5,5,Champion
CUST013164,85,5,3320.92,4,5,5,Champion
CUST013166,1,24,12848.4,5,5,5,Champion
CUST013170,223,1,156.92,2,1,1,Lost
CUST013171,106,1,86.29,3,1,1,Needs Attention
CUST013175,74,1,445.68,4,1,2,Needs Attention
CUST013176,21,12,4633.5,5,5,5,Champion
CUST013178,68,5,4981.74,4,5,5,Champion
CUST013182,67,5,3556.26,4,5,5,Champion
CUST013183,15,4,1843.4399999999998,5,4,4,Champion
CUST013185,449,2,439.62,1,3,2,At Risk
CUST013186,104,2,1537.46,3,3,3,Loyal Customer
CUST013187,228,4,2026.05,2,4,4,At Risk
CUST013188,309,1,280.05,2,1,1,Lost
CUST013189,349,3,2638.59,2,4,4,At Risk
CUST013191,225,5,2376.27,2,5,4,At Risk
CUST013192,10,1,331.12,5,1,1,Needs Attention
CUST013193,177,1,595.7,3,1,2,Needs Attention
CUST013194,83,1,529.62,4,1,2,Needs Attention
CUST013195,158,1,572.52,3,1,2,Needs Attention
CUST013197,208,1,1256.91,2,1,3,Lost
CUST013198,387,1,1651.67,2,1,4,Lost
CUST013199,20,5,1504.6599999999999,5,5,3,Loyal Customer
CUST013200,107,3,873.93,3,4,3,Loyal Customer
CUST013201,536,2,354.04,1,3,1,At Risk
CUST013203,235,5,1267.43,2,5,3,At Risk
CUST013205,11,6,2241.25,5,5,4,Champion
CUST013207,236,5,3227.29,2,5,5,At Risk
CUST013209,48,7,5633.34,4,5,5,Champion
CUST013210,302,1,434.4,2,1,1,Lost
CUST013211,230,1,361.7,2,1,1,Lost
CUST013213,185,3,2275.58,3,4,4,Loyal Customer
CUST013214,642,1,539.8,1,1,2,Lost
CUST013215,177,1,440.44,3,1,2,Needs Attention
CUST013217,134,2,2381.7599999999998,3,3,4,Loyal Customer
CUST013218,22,1,252.82,5,1,1,Needs Attention
CUST013219,45,3,1714.4,4,4,4,Champion
CUST013220,482,1,523.73,1,1,2,Lost
CUST013221,11,5,4247.660000000001,5,5,5,Champion
CUST013223,487,1,1265.73,1,1,3,Lost
CUST013224,81,2,731.5799999999999,4,3,2,Loyal Customer
CUST013226,808,1,328.8,1,1,1,Lost
CUST013227,600,2,720.54,1,3,2,At Risk
CUST013230,352,1,602.59,2,1,2,Lost
CUST013231,567,1,413.43,1,1,1,Lost
CUST013232,126,2,1044.69,3,3,3,Loyal Customer
CUST013234,12,9,4458.759999999999,5,5,5,Champion
CUST013235,268,1,185.1,2,1,1,Lost
CUST013236,133,6,5341.73,3,5,5,Loyal Customer
CUST013237,379,3,2099.11,2,4,4,At Risk
CUST013240,46,4,3176.51,4,4,5,Champion
CUST013241,59,6,3319.8199999999997,4,5,5,Champion
CUST013244,375,1,299.0,2,1,1,Lost
CUST013245,579,1,250.42,1,1,1,Lost
CUST013246,117,4,2464.59,3,4,4,Loyal Customer
CUST013249,130,3,1180.76,3,4,3,Loyal Customer
CUST013250,296,1,195.52,2,1,1,Lost
CUST013251,241,2,646.41,2,3,2,At Risk
CUST013252,20,3,2246.2200000000003,5,4,4,Champion
CUST013256,10,12,6136.45,5,5,5,Champion
CUST013257,39,3,1061.48,5,4,3,Loyal Customer
CUST013259,244,3,673.95,2,4,2,At Risk
CUST013260,113,2,1206.83,3,3,3,Loyal Customer
CUST013262,446,1,769.23,1,1,2,Lost
CUST013263,602,1,312.46,1,1,1,Lost
CUST013264,50,1,543.97,4,1,2,Needs Attention
CUST013265,33,6,2691.12,5,5,4,Champion
CUST013266,845,1,425.09,1,1,1,Lost
CUST013268,1,1,302.4,5,1,1,Needs Attention
CUST013269,264,1,168.19,2,1,1,Lost
CUST013272,110,1,486.13,3,1,2,Needs Attention
CUST013273,120,2,1539.93,3,3,3,Loyal Customer
CUST013276,864,2,334.06,1,3,1,At Risk
CUST013278,28,2,1451.3,5,3,3,Loyal Customer
CUST013279,28,28,17448.14,5,5,5,Champion
CUST013280,61,2,2422.56,4,3,4,Loyal Customer
CUST013281,191,1,652.73,3,1,2,Needs Attention
CUST013284,94,4,1372.9,4,4,3,Loyal Customer
CUST013288,41,7,5664.48,4,5,5,Champion
CUST013291,113,1,587.05,3,1,2,Needs Attention
CUST013292,503,1,362.22,1,1,1,Lost
CUST013294,238,1,905.99,2,1,3,Lost
CUST013300,104,1,288.9,3,1,1,Needs Attention
CUST013302,146,2,1597.62,3,3,4,Loyal Customer
CUST013303,207,1,178.93,2,1,1,Lost
CUST013304,90,2,1999.33,4,3,4,Loyal Customer
CUST013306,56,3,1134.3000000000002,4,4,3,Loyal Customer
CUST013307,362,1,1929.48,2,1,4,Lost
CUST013308,706,1,495.41,1,1,2,Lost
CUST013309,126,1,158.18,3,1,1,Needs Attention
CUST013310,145,3,1455.7,3,4,3,Loyal Customer
CUST013311,14,27,9870.95,5,5,5,Champion
CUST013315,295,1,438.19,2,1,2,Lost
CUST013316,90,1,621.54,4,1,2,Needs Attention
CUST013317,95,5,3219.9300000000003,4,5,5,Champion
CUST013318,86,4,1792.79,4,4,4,Champion
CUST013319,845,1,383.39,1,1,1,Lost
CUST013320,16,12,9988.87,5,5,5,Champion
CUST013325,445,1,476.44,1,1,2,Lost
CUST013327,929,2,787.8199999999999,1,3,2,At Risk
CUST013328,404,1,1282.95,1,1,3,Lost
CUST013329,119,2,371.06,3,3,1,Loyal Customer
CUST013331,856,1,563.26,1,1,2,Lost
CUST013332,49,5,2876.13,4,5,4,Champion
CUST013334,600,1,467.49,1,1,2,Lost
CUST013335,270,4,1831.76,2,4,4,At Risk
CUST013337,770,1,303.41,1,1,1,Lost
CUST013338,67,2,1327.3600000000001,4,3,3,Loyal Customer
CUST013341,54,5,2396.43,4,5,4,Champion
CUST013342,47,1,175.41,4,1,1,Needs Attention
CUST013343,546,2,1329.01,1,3,3,At Risk
CUST013344,261,1,1029.64,2,1,3,Lost
CUST013345,30,5,2365.46,5,5,4,Champion
CUST013346,28,1,985.42,5,1,3,Needs Attention
CUST013347,371,1,983.29,2,1,3,Lost
CUST013349,119,4,1279.6599999999999,3,4,3,Loyal Customer
CUST013355,102,4,2221.21,3,4,4,Loyal Customer
CUST013356,70,3,1392.2,4,4,3,Loyal Customer
CUST013363,316,2,245.81,2,3,1,At Risk
CUST013365,41,19,9456.86,4,5,5,Champion
CUST013366,763,1,75.12,1,1,1,Lost
CUST013367,143,2,1577.52,3,3,4,Loyal Customer
CUST013368,512,1,354.15,1,1,1,Lost
CUST013369,382,2,1787.83,2,3,4,At Risk
CUST013370,510,2,1718.72,1,3,4,At Risk
CUST013372,227,1,407.62,2,1,1,Lost
CUST013374,242,1,1558.0,2,1,4,Lost
CUST013375,259,1,389.05,2,1,1,Lost
CUST013376,4,2,1939.65,5,3,4,Loyal Customer
CUST013377,121,3,2072.6,3,4,4,Loyal Customer
CUST013379,382,2,629.1,2,3,2,At Risk
CUST013382,36,5,2896.1800000000003,5,5,4,Champion
CUST013385,159,10,6890.86,3,5,5,Loyal Customer
CUST013387,68,1,655.71,4,1,2,Needs Attention
CUST013388,61,1,492.98,4,1,2,Needs Attention
CUST013390,2,21,10511.61,5,5,5,Champion
CUST013393,134,4,2004.7399999999998,3,4,4,Loyal Customer
CUST013395,259,2,481.25,2,3,2,At Risk
CUST013396,11,20,9663.23,5,5,5,Champion
CUST013397,5,2,1848.3899999999999,5,3,4,Loyal Customer
CUST013399,24,3,1346.41,5,4,3,Loyal Customer
CUST013401,517,1,452.92,1,1,2,Lost
CUST013403,59,3,1414.0900000000001,4,4,3,Loyal Customer
CUST013405,117,1,1084.34,3,1,3,Needs Attention
CUST013406,519,1,110.47,1,1,1,Lost
CUST013407,174,3,951.91,3,4,3,Loyal Customer
CUST013408,178,4,2503.35,3,4,4,Loyal Customer
CUST013409,27,2,1364.37,5,3,3,Loyal Customer
CUST013410,277,3,1148.23,2,4,3,At Risk
CUST013411,21,14,6440.33,5,5,5,Champion
CUST013412,14,4,2915.7599999999998,5,4,5,Champion
CUST013413,240,3,2009.1,2,4,4,At Risk
CUST013415,930,1,289.5,1,1,1,Lost
CUST013416,612,1,1602.48,1,1,4,Lost
CUST013417,310,1,1434.21,2,1,3,Lost
CUST013418,225,1,142.95,2,1,1,Lost
CUST013419,905,1,1147.77,1,1,3,Lost
CUST013424,152,2,983.26,3,3,3,Loyal Customer
CUST013428,106,5,4264.879999999999,3,5,5,Loyal Customer
CUST013429,1,9,4137.28,5,5,5,Champion
CUST013433,336,5,2261.06,2,5,4,At Risk
CUST013434,154,1,92.28,3,1,1,Needs Attention
CUST013435,55,2,868.54,4,3,2,Loyal Customer
CUST013436,100,6,2440.27,4,5,4,Champion
CUST013437,40,5,2958.29,4,5,5,Champion
CUST013438,400,1,538.83,1,1,2,Lost
CUST013440,466,4,2134.21,1,4,4,At Risk
CUST013441,35,9,6389.06,5,5,5,Champion
CUST013443,5,17,8467.61,5,5,5,Champion
CUST013444,827,1,200.98,1,1,1,Lost
CUST013447,196,3,954.97,3,4,3,Loyal Customer
CUST013449,111,6,2330.07,3,5,4,Loyal Customer
CUST013451,385,2,1117.7,2,3,3,At Risk
CUST013452,8,1,1688.14,5,1,4,Needs Attention
CUST013454,33,6,3620.66,5,5,5,Champion
CUST013456,4,4,3821.4700000000003,5,4,5,Champion
CUST013458,3,6,4395.93,5,5,5,Champion
CUST013461,8,4,3322.44,5,4,5,Champion
CUST013463,46,8,5625.84,4,5,5,Champion
CUST013464,995,1,660.18,1,1,2,Lost
CUST013469,834,1,232.13,1,1,1,Lost
CUST013470,319,1,156.21,2,1,1,Lost
CUST013471,27,16,8736.71,5,5,5,Champion
CUST013472,860,1,940.06,1,1,3,Lost
CUST013476,19,2,2753.65,5,3,4,Loyal Customer
CUST013477,176,1,489.83,3,1,2,Needs Attention
CUST013478,226,4,1623.71,2,4,4,At Risk
CUST013479,417,1,205.38,1,1,1,Lost
CUST013480,19,1,612.37,5,1,2,Needs Attention
CUST013481,142,1,242.37,3,1,1,Needs Attention
CUST013482,159,2,931.9100000000001,3,3,3,Loyal Customer
CUST013483,137,2,1792.31,3,3,4,Loyal Customer
CUST013484,470,1,1424.26,1,1,3,Lost
CUST013485,79,1,296.41,4,1,1,Needs Attention
CUST013486,192,2,1719.74,3,3,4,Loyal Customer
CUST013487,593,1,109.02,1,1,1,Lost
CUST013488,7,2,799.87,5,3,2,Loyal Customer
CUST013489,753,3,1192.25,1,4,3,At Risk
CUST013492,911,1,1101.14,1,1,3,Lost
CUST013494,372,1,371.14,2,1,1,Lost
CUST013495,163,3,2127.64,3,4,4,Loyal Customer
CUST013496,18,14,10922.36,5,5,5,Champion
CUST013497,58,2,1087.93,4,3,3,Loyal Customer
CUST013498,170,1,2095.18,3,1,4,Needs Attention
CUST013499,203,4,2333.76,3,4,4,Loyal Customer
CUST013503,364,1,1122.05,2,1,3,Lost
CUST013504,14,5,3569.22,5,5,5,Champion
CUST013505,88,8,4759.2,4,5,5,Champion
CUST013506,438,1,440.44,1,1,2,Lost
CUST013507,27,2,256.49,5,3,1,Loyal Customer
CUST013508,375,1,1376.86,2,1,3,Lost
CUST013510,36,6,2859.19,5,5,4,Champion
CUST013512,76,2,751.06,4,3,2,Loyal Customer
CUST013514,235,2,670.1800000000001,2,3,2,At Risk
CUST013515,506,1,91.46,1,1,1,Lost
CUST013517,105,1,764.44,3,1,2,Needs Attention
CUST013519,102,1,177.18,3,1,1,Needs Attention
CUST013520,103,8,2873.0,3,5,4,Loyal Customer
CUST013521,308,3,1235.55,2,4,3,At Risk
CUST013524,409,2,1915.8300000000002,1,3,4,At Risk
CUST013525,166,1,514.55,3,1,2,Needs Attention
CUST013526,27,5,2770.32,5,5,4,Champion
CUST013528,97,5,3014.17,4,5,5,Champion
CUST013530,64,5,4129.62,4,5,5,Champion
CUST013532,217,1,814.15,2,1,2,Lost
CUST013534,456,1,806.71,1,1,2,Lost
CUST013535,34,20,8148.31,5,5,5,Champion
CUST013537,545,1,130.98,1,1,1,Lost
CUST013538,40,2,880.36,4,3,3,Loyal Customer
CUST013541,315,2,1291.77,2,3,3,At Risk
CUST013543,303,1,574.49,2,1,2,Lost
CUST013544,363,5,3939.02,2,5,5,At Risk
CUST013545,131,16,9566.59,3,5,5,Loyal Customer
CUST013546,58,4,2566.84,4,4,4,Champion
CUST013547,50,7,3058.61,4,5,5,Champion
CUST013549,505,1,51.25,1,1,1,Lost
CUST013550,504,1,86.03,1,1,1,Lost
CUST013552,63,4,1322.45,4,4,3,Loyal Customer
CUST013554,100,1,296.22,4,1,1,Needs Attention
CUST013555,471,1,782.1,1,1,2,Lost
CUST013556,846,1,366.87,1,1,1,Lost
CUST013558,394,1,439.67,1,1,2,Lost
CUST013559,10,15,8208.51,5,5,5,Champion
CUST013560,175,2,779.6700000000001,3,3,2,Loyal Customer
CUST013565,52,1,77.05,4,1,1,Needs Attention
CUST013566,34,1,917.63,5,1,3,Needs Attention
CUST013571,21,3,510.48,5,4,2,Loyal Customer
CUST013574,48,2,712.63,4,3,2,Loyal Customer
CUST013575,690,2,821.97,1,3,2,At Risk
CUST013576,353,1,332.75,2,1,1,Lost
CUST013578,25,9,4258.71,5,5,5,Champion
CUST013583,241,2,1001.62,2,3,3,At Risk
CUST013586,126,4,1376.8400000000001,3,4,3,Loyal Customer
CUST013587,53,5,4066.91,4,5,5,Champion
CUST013588,12,3,1580.6200000000001,5,4,4,Champion
CUST013589,58,6,2234.25,4,5,4,Champion
CUST013591,433,1,616.65,1,1,2,Lost
CUST013596,198,2,1159.2,3,3,3,Loyal Customer
CUST013599,47,8,4115.16,4,5,5,Champion
CUST013600,456,1,800.8,1,1,2,Lost
CUST013601,444,1,268.65,1,1,1,Lost
CUST013603,227,8,5893.52,2,5,5,At Risk
CUST013604,78,1,55.5,4,1,1,Needs Attention
CUST013605,991,1,1171.81,1,1,3,Lost
CUST013606,47,2,2257.2200000000003,4,3,4,Loyal Customer
CUST013608,68,3,1190.54,4,4,3,Loyal Customer
CUST013610,48,3,2211.13,4,4,4,Champion
CUST013611,564,2,445.37,1,3,2,At Risk
CUST013612,59,1,3114.97,4,1,5,Needs Attention
CUST013613,119,14,7559.96,3,5,5,Loyal Customer
CUST013614,262,4,1249.03,2,4,3,At Risk
CUST013615,300,2,1133.09,2,3,3,At Risk
CUST013617,121,2,2009.55,3,3,4,Loyal Customer
CUST013618,429,2,876.97,1,3,3,At Risk
CUST013619,69,11,4426.66,4,5,5,Champion
CUST013620,73,9,4464.84,4,5,5,Champion
CUST013623,15,7,2862.2999999999997,5,5,4,Champion
CUST013624,137,2,871.12,3,3,3,Loyal Customer
CUST013625,41,1,241.34,4,1,1,Needs Attention
CUST013626,579,1,1514.66,1,1,3,Lost
CUST013627,144,2,758.98,3,3,2,Loyal Customer
CUST013629,152,2,740.63,3,3,2,Loyal Customer
CUST013632,502,3,1844.1699999999998,1,4,4,At Risk
CUST013633,172,4,5720.2300000000005,3,4,5,Loyal Customer
CUST013635,64,11,8884.23,4,5,5,Champion
CUST013636,367,2,202.13,2,3,1,At Risk
CUST013637,446,3,2538.12,1,4,4,At Risk
CUST013638,48,4,2236.31,4,4,4,Champion
CUST013639,154,11,4373.88,3,5,5,Loyal Customer
CUST013640,7,4,4398.469999999999,5,4,5,Champion
CUST013641,125,1,636.19,3,1,2,Needs Attention
CUST013642,199,4,1062.79,3,4,3,Loyal Customer
CUST013643,2,4,1917.43,5,4,4,Champion
CUST013644,343,1,186.22,2,1,1,Lost
CUST013647,29,4,1498.9499999999998,5,4,3,Loyal Customer
CUST013648,62,3,1340.4099999999999,4,4,3,Loyal Customer
CUST013649,368,1,412.04,2,1,1,Lost
CUST013651,1,2,1356.5,5,3,3,Loyal Customer
CUST013654,7,20,15292.99,5,5,5,Champion
CUST013655,87,3,825.93,4,4,2,Loyal Customer
CUST013660,10,21,11100.220000000001,5,5,5,Champion
CUST013662,75,2,836.46,4,3,2,Loyal Customer
CUST013663,113,1,658.43,3,1,2,Needs Attention
CUST013669,59,4,2949.16,4,4,5,Champion
CUST013670,147,1,300.52,3,1,1,Needs Attention
CUST013671,174,4,1680.81,3,4,4,Loyal Customer
CUST013672,123,3,2952.04,3,4,5,Loyal Customer
CUST013673,142,1,225.93,3,1,1,Needs Attention
CUST013674,464,1,509.79,1,1,2,Lost
CUST013675,89,2,860.28,4,3,2,Loyal Customer
CUST013676,522,1,107.64,1,1,1,Lost
CUST013678,11,1,801.31,5,1,2,Needs Attention
CUST013679,175,1,200.47,3,1,1,Needs Attention
CUST013681,205,2,972.06,2,3,3,At Risk
CUST013683,97,5,3762.65,4,5,5,Champion
CUST013684,6,20,12349.91,5,5,5,Champion
CUST013685,429,1,1036.72,1,1,3,Lost
CUST013686,231,2,1673.49,2,3,4,At Risk
CUST013687,399,1,600.89,1,1,2,Lost
CUST013689,26,3,1139.22,5,4,3,Loyal Customer
CUST013691,306,1,275.33,2,1,1,Lost
CUST013692,735,1,1368.8,1,1,3,Lost
CUST013693,26,5,1821.8500000000001,5,5,4,Champion
CUST013694,655,1,249.46,1,1,1,Lost
CUST013695,3,12,5451.31,5,5,5,Champion
CUST013698,335,2,415.43999999999994,2,3,1,At Risk
CUST013699,55,6,3684.8,4,5,5,Champion
CUST013700,36,1,36.49,5,1,1,Needs Attention
CUST013701,373,1,682.6,2,1,2,Lost
CUST013702,154,2,1954.8600000000001,3,3,4,Loyal Customer
CUST013703,70,4,1891.92,4,4,4,Champion
CUST013704,481,2,769.1999999999999,1,3,2,At Risk
CUST013705,529,1,1703.63,1,1,4,Lost
CUST013707,258,2,733.95,2,3,2,At Risk
CUST013708,393,2,907.6600000000001,1,3,3,At Risk
CUST013709,45,4,2109.5,4,4,4,Champion
CUST013711,128,2,1384.6,3,3,3,Loyal Customer
CUST013712,124,1,780.28,3,1,2,Needs Attention
CUST013713,31,2,700.8,5,3,2,Loyal Customer
CUST013714,86,1,949.53,4,1,3,Needs Attention
CUST013716,25,5,3372.35,5,5,5,Champion
CUST013717,13,8,2759.35,5,5,4,Champion
CUST013719,259,1,411.8,2,1,1,Lost
CUST013721,405,1,540.54,1,1,2,Lost
CUST013722,44,10,5301.35,4,5,5,Champion
CUST013723,18,6,3182.1,5,5,5,Champion
CUST013725,52,3,1328.1100000000001,4,4,3,Loyal Customer
CUST013726,16,1,694.55,5,1,2,Needs Attention
CUST013727,73,4,1871.66,4,4,4,Champion
CUST013728,271,1,319.52,2,1,1,Lost
CUST013729,54,5,3284.71,4,5,5,Champion
CUST013730,150,1,253.63,3,1,1,Needs Attention
CUST013732,501,1,693.15,1,1,2,Lost
CUST013733,433,1,191.0,1,1,1,Lost
CUST013736,413,4,1571.31,1,4,4,At Risk
CUST013737,421,2,1285.08,1,3,3,At Risk
CUST013738,498,1,419.65,1,1,1,Lost
CUST013739,537,1,460.51,1,1,2,Lost
CUST013740,462,1,256.41,1,1,1,Lost
CUST013741,254,4,1154.51,2,4,3,At Risk
CUST013747,113,4,1791.23,3,4,4,Loyal Customer
CUST013749,472,1,3331.58,1,1,5,Lost
CUST013750,14,19,15060.51,5,5,5,Champion
CUST013751,57,4,345.21000000000004,4,4,1,Loyal Customer
CUST013752,72,6,4385.52,4,5,5,Champion
CUST013753,74,1,231.53,4,1,1,Needs Attention
CUST013754,77,2,751.55,4,3,2,Loyal Customer
CUST013755,92,2,1870.82,4,3,4,Loyal Customer
CUST013756,436,1,32.36,1,1,1,Lost
CUST013757,301,1,292.47,2,1,1,Lost
CUST013758,68,2,871.52,4,3,3,Loyal Customer
CUST013759,1,14,9185.17,5,5,5,Champion
CUST013762,407,1,174.73,1,1,1,Lost
CUST013766,736,1,263.53,1,1,1,Lost
CUST013768,632,2,1570.2,1,3,4,At Risk
CUST013769,58,4,2107.39,4,4,4,Champion
CUST013770,5,26,13619.82,5,5,5,Champion
CUST013771,97,2,745.26,4,3,2,Loyal Customer
CUST013774,335,2,1138.99,2,3,3,At Risk
CUST013775,233,3,690.98,2,4,2,At Risk
CUST013776,11,2,1260.9099999999999,5,3,3,Loyal Customer
CUST013777,21,16,7079.03,5,5,5,Champion
CUST013778,907,1,719.59,1,1,2,Lost
CUST013780,677,1,479.43,1,1,2,Lost
CUST013782,63,6,1971.74,4,5,4,Champion
CUST013787,890,1,58.0,1,1,1,Lost
CUST013790,46,2,2190.37,4,3,4,Loyal Customer
CUST013791,106,2,1624.42,3,3,4,Loyal Customer
CUST013792,53,13,8532.18,4,5,5,Champion
CUST013793,72,2,947.18,4,3,3,Loyal Customer
CUST013795,186,4,1638.22,3,4,4,Loyal Customer
CUST013798,126,1,1047.61,3,1,3,Needs Attention
CUST013799,501,1,757.33,1,1,2,Lost
CUST013800,167,2,1215.58,3,3,3,Loyal Customer
CUST013804,48,9,6158.39,4,5,5,Champion
CUST013806,189,1,803.3,3,1,2,Needs Attention
CUST013807,5,4,1792.6799999999998,5,4,4,Champion
CUST013809,90,4,2981.45,4,4,5,Champion
CUST013810,242,4,1537.51,2,4,3,At Risk
CUST013812,17,3,1710.45,5,4,4,Champion
CUST013813,14,12,6837.3,5,5,5,Champion
CUST013814,18,5,2270.94,5,5,4,Champion
CUST013816,14,5,3289.7200000000003,5,5,5,Champion
CUST013818,180,2,2033.55,3,3,4,Loyal Customer
CUST013819,448,1,132.66,1,1,1,Lost
CUST013821,314,2,990.77,2,3,3,At Risk
CUST013823,97,3,3271.4900000000002,4,4,5,Champion
CUST013825,557,1,203.14,1,1,1,Lost
CUST013827,217,1,1939.34,2,1,4,Lost
CUST013828,858,1,427.15,1,1,1,Lost
CUST013829,521,1,108.51,1,1,1,Lost
CUST013830,57,16,9471.59,4,5,5,Champion
CUST013833,86,1,10.21,4,1,1,Needs Attention
CUST013834,9,33,21372.67,5,5,5,Champion
CUST013837,555,1,293.1,1,1,1,Lost
CUST013840,237,1,218.22,2,1,1,Lost
CUST013842,270,3,2175.13,2,4,4,At Risk
CUST013844,57,1,33.53,4,1,1,Needs Attention
CUST013845,83,2,257.25,4,3,1,Loyal Customer
CUST013850,332,5,1369.53,2,5,3,At Risk
CUST013851,304,2,1443.2,2,3,3,At Risk
CUST013852,659,1,249.37,1,1,1,Lost
CUST013854,342,1,210.16,2,1,1,Lost
CUST013858,361,2,1053.33,2,3,3,At Risk
CUST013859,198,4,2365.81,3,4,4,Loyal Customer
CUST013867,189,4,2480.1400000000003,3,4,4,Loyal Customer
CUST013868,153,1,592.39,3,1,2,Needs Attention
CUST013869,150,3,2122.75,3,4,4,Loyal Customer
CUST013871,39,2,710.18,5,3,2,Loyal Customer
CUST013872,117,6,4517.82,3,5,5,Loyal Customer
CUST013875,144,2,725.1500000000001,3,3,2,Loyal Customer
CUST013877,22,16,10005.74,5,5,5,Champion
CUST013878,546,1,980.34,1,1,3,Lost
CUST013880,65,3,1881.6000000000001,4,4,4,Champion
CUST013883,9,11,9034.49,5,5,5,Champion
CUST013885,314,1,599.52,2,1,2,Lost
CUST013888,702,3,1976.15,1,4,4,At Risk
CUST013891,24,24,14249.0,5,5,5,Champion
CUST013893,526,2,985.4200000000001,1,3,3,At Risk
CUST013896,637,1,478.06,1,1,2,Lost
CUST013897,37,3,2241.14,5,4,4,Champion
CUST013899,363,1,892.26,2,1,3,Lost
CUST013900,91,3,2752.83,4,4,4,Champion
CUST013902,176,1,660.18,3,1,2,Needs Attention
CUST013904,124,1,233.12,3,1,1,Needs Attention
CUST013905,5,5,1773.15,5,5,4,Champion
CUST013907,5,5,4060.0,5,5,5,Champion
CUST013908,227,8,4722.93,2,5,5,At Risk
CUST013910,213,2,1027.06,2,3,3,At Risk
CUST013911,52,4,2585.6400000000003,4,4,4,Champion
CUST013914,283,1,279.6,2,1,1,Lost
CUST013915,19,1,453.95,5,1,2,Needs Attention
CUST013916,37,7,2364.88,5,5,4,Champion
CUST013917,544,1,122.96,1,1,1,Lost
CUST013918,145,2,488.75,3,3,2,Loyal Customer
CUST013919,600,1,411.8,1,1,1,Lost
CUST013921,191,6,2410.52,3,5,4,Loyal Customer
CUST013922,820,1,420.53,1,1,1,Lost
CUST013923,134,4,1935.1999999999998,3,4,4,Loyal Customer
CUST013924,16,4,2788.89,5,4,4,Champion
CUST013927,444,1,283.66,1,1,1,Lost
CUST013928,514,1,1121.1,1,1,3,Lost
CUST013929,129,1,276.18,3,1,1,Needs Attention
CUST013931,54,4,2703.5,4,4,4,Champion
CUST013932,145,2,658.11,3,3,2,Loyal Customer
CUST013933,151,1,896.37,3,1,3,Needs Attention
CUST013935,16,1,1389.06,5,1,3,Needs Attention
CUST013936,193,4,4013.4900000000002,3,4,5,Loyal Customer
CUST013939,5,19,11941.24,5,5,5,Champion
CUST013942,14,1,338.98,5,1,1,Needs Attention
CUST013944,65,3,1087.1,4,4,3,Loyal Customer
CUST013945,42,14,7413.58,4,5,5,Champion
CUST013946,37,5,1861.4700000000003,5,5,4,Champion
CUST013947,519,1,1316.72,1,1,3,Lost
CUST013949,712,1,839.46,1,1,2,Lost
CUST013952,90,6,2207.62,4,5,4,Champion
CUST013954,141,2,929.5500000000001,3,3,3,Loyal Customer
CUST013955,47,1,542.17,4,1,2,Needs Attention
CUST013956,35,1,404.09,5,1,1,Needs Attention
CUST013958,659,1,670.16,1,1,2,Lost
CUST013959,144,3,854.8,3,4,2,Loyal Customer
CUST013960,64,1,166.74,4,1,1,Needs Attention
CUST013961,484,1,866.21,1,1,2,Lost
CUST013963,412,2,1764.0,1,3,4,At Risk
CUST013964,17,2,904.55,5,3,3,Loyal Customer
CUST013967,19,2,629.96,5,3,2,Loyal Customer
CUST013973,10,5,2229.08,5,5,4,Champion
CUST013976,371,3,401.11,2,4,1,At Risk
CUST013978,341,1,536.24,2,1,2,Lost
CUST013979,411,1,653.78,1,1,2,Lost
CUST013981,132,5,4387.6900000000005,3,5,5,Loyal Customer
CUST013982,409,1,704.12,1,1,2,Lost
CUST013984,93,1,543.97,4,1,2,Needs Attention
CUST013985,209,2,491.91999999999996,2,3,2,At Risk
CUST013986,141,6,1892.63,3,5,4,Loyal Customer
CUST013987,668,2,325.84,1,3,1,At Risk
CUST013989,40,6,3856.1800000000003,4,5,5,Champion
CUST013994,437,1,95.24,1,1,1,Lost
CUST013995,71,1,449.98,4,1,2,Needs Attention
CUST013996,214,2,2616.17,2,3,4,At Risk
CUST013997,37,5,2645.0099999999998,5,5,4,Champion
CUST013998,132,1,65.27,3,1,1,Needs Attention
CUST014000,29,2,1136.21,5,3,3,Loyal Customer
CUST014001,251,2,1463.0900000000001,2,3,3,At Risk
CUST014002,41,6,3054.09,4,5,5,Champion
CUST014003,612,1,518.66,1,1,2,Lost
CUST014004,116,4,1219.82,3,4,3,Loyal Customer
CUST014005,259,3,1006.4499999999999,2,4,3,At Risk
CUST014008,119,4,3379.1,3,4,5,Loyal Customer
CUST014010,24,6,2481.0299999999997,5,5,4,Champion
CUST014011,99,3,1144.57,4,4,3,Loyal Customer
CUST014012,258,1,259.95,2,1,1,Lost
CUST014014,239,1,191.27,2,1,1,Lost
CUST014017,304,1,579.0,2,1,2,Lost
CUST014018,149,6,2607.25,3,5,4,Loyal Customer
CUST014019,557,1,1038.11,1,1,3,Lost
CUST014020,54,9,6235.67,4,5,5,Champion
CUST014021,27,2,1231.78,5,3,3,Loyal Customer
CUST014022,93,2,528.55,4,3,2,Loyal Customer
CUST014024,434,2,2103.2599999999998,1,3,4,At Risk
CUST014028,340,4,1515.88,2,4,3,At Risk
CUST014029,29,10,6379.82,5,5,5,Champion
CUST014031,64,8,3086.12,4,5,5,Champion
CUST014032,221,2,841.25,2,3,2,At Risk
CUST014034,159,4,2318.81,3,4,4,Loyal Customer
CUST014035,41,4,1292.1299999999999,4,4,3,Loyal Customer
CUST014036,929,1,207.12,1,1,1,Lost
CUST014039,25,4,3347.5299999999997,5,4,5,Champion
CUST014041,53,1,539.77,4,1,2,Needs Attention
CUST014043,664,2,459.96,1,3,2,At Risk
CUST014044,8,1,18.74,5,1,1,Needs Attention
CUST014045,16,29,16703.95,5,5,5,Champion
CUST014046,778,1,60.73,1,1,1,Lost
CUST014048,16,5,2323.02,5,5,4,Champion
CUST014051,544,2,1229.81,1,3,3,At Risk
CUST014052,286,3,1758.56,2,4,4,At Risk
CUST014053,283,1,147.87,2,1,1,Lost
CUST014055,80,2,270.46,4,3,1,Loyal Customer
CUST014056,473,1,942.73,1,1,3,Lost
CUST014057,396,4,2524.06,1,4,4,At Risk
CUST014058,64,3,1013.74,4,4,3,Loyal Customer
CUST014059,94,1,204.35,4,1,1,Needs Attention
CUST014060,413,1,720.74,1,1,2,Lost
CUST014061,468,2,659.19,1,3,2,At Risk
CUST014062,186,1,78.85,3,1,1,Needs Attention
CUST014063,38,6,3639.4300000000003,5,5,5,Champion
CUST014064,153,1,609.85,3,1,2,Needs Attention
CUST014065,254,2,607.02,2,3,2,At Risk
CUST014066,303,1,503.85,2,1,2,Lost
CUST014067,85,2,929.3799999999999,4,3,3,Loyal Customer
CUST014069,13,3,559.28,5,4,2,Loyal Customer
CUST014072,140,1,645.28,3,1,2,Needs Attention
CUST014073,720,1,1404.74,1,1,3,Lost
CUST014074,29,2,1662.6799999999998,5,3,4,Loyal Customer
CUST014078,112,4,2682.44,3,4,4,Loyal Customer
CUST014079,80,2,1128.0900000000001,4,3,3,Loyal Customer
CUST014080,94,1,687.24,4,1,2,Needs Attention
CUST014081,201,2,495.18,3,3,2,Loyal Customer
CUST014083,671,1,2405.58,1,1,4,Lost
CUST014086,38,5,4334.3,5,5,5,Champion
CUST014087,245,1,737.27,2,1,2,Lost
CUST014088,154,1,803.39,3,1,2,Needs Attention
CUST014089,28,6,1927.72,5,5,4,Champion
CUST014090,335,2,972.48,2,3,3,At Risk
CUST014092,33,4,2340.72,5,4,4,Champion
CUST014093,947,1,798.62,1,1,2,Lost
CUST014094,269,4,1609.54,2,4,4,At Risk
CUST014096,213,1,303.42,2,1,1,Lost
CUST014098,457,1,661.0,1,1,2,Lost
CUST014101,32,9,4720.9400000000005,5,5,5,Champion
CUST014102,844,1,389.51,1,1,1,Lost
CUST014103,69,8,5937.57,4,5,5,Champion
CUST014104,611,1,468.51,1,1,2,Lost
CUST014105,29,2,742.54,5,3,2,Loyal Customer
CUST014106,24,4,2334.45,5,4,4,Champion
CUST014107,315,1,309.22,2,1,1,Lost
CUST014108,149,2,604.85,3,3,2,Loyal Customer
CUST014109,70,5,1572.49,4,5,4,Champion
CUST014110,250,2,1033.2,2,3,3,At Risk
CUST014111,814,1,433.44,1,1,1,Lost
CUST014112,99,1,570.99,4,1,2,Needs Attention
CUST014113,46,2,786.3,4,3,2,Loyal Customer
CUST014115,699,1,330.14,1,1,1,Lost
CUST014116,138,3,1415.79,3,4,3,Loyal Customer
CUST014117,64,2,1239.19,4,3,3,Loyal Customer
CUST014119,65,4,1573.67,4,4,4,Champion
CUST014121,815,2,626.6700000000001,1,3,2,At Risk
CUST014122,511,1,513.24,1,1,2,Lost
CUST014131,264,2,3037.59,2,3,5,At Risk
CUST014136,12,13,4730.41,5,5,5,Champion
CUST014137,275,1,705.27,2,1,2,Lost
CUST014138,9,5,2995.76,5,5,5,Champion
CUST014140,138,1,256.74,3,1,1,Needs Attention
CUST014141,506,1,181.35,1,1,1,Lost
CUST014144,189,2,1004.38,3,3,3,Loyal Customer
CUST014145,159,6,2409.5699999999997,3,5,4,Loyal Customer
CUST014146,27,11,3968.95,5,5,5,Champion
CUST014147,27,6,2597.15,5,5,4,Champion
CUST014148,114,1,302.31,3,1,1,Needs Attention
CUST014150,149,6,3478.43,3,5,5,Loyal Customer
CUST014151,164,4,1060.21,3,4,3,Loyal Customer
CUST014153,334,2,1257.75,2,3,3,At Risk
CUST014155,94,2,1283.74,4,3,3,Loyal Customer
CUST014156,157,6,1572.32,3,5,4,Loyal Customer
CUST014157,79,2,745.1500000000001,4,3,2,Loyal Customer
CUST014158,24,11,7240.35,5,5,5,Champion
CUST014161,307,1,387.82,2,1,1,Lost
CUST014162,197,3,1263.95,3,4,3,Loyal Customer
CUST014163,113,2,1199.56,3,3,3,Loyal Customer
CUST014165,102,4,3280.2400000000002,3,4,5,Loyal Customer
CUST014167,825,1,1673.32,1,1,4,Lost
CUST014170,283,1,301.05,2,1,1,Lost
CUST014173,136,1,805.1,3,1,2,Needs Attention
CUST014174,365,1,122.97,2,1,1,Lost
CUST014175,203,3,2258.04,3,4,4,Loyal Customer
CUST014176,19,5,4657.110000000001,5,5,5,Champion
CUST014177,158,3,642.6700000000001,3,4,2,Loyal Customer
CUST014178,86,1,379.96,4,1,1,Needs Attention
CUST014179,134,3,883.24,3,4,3,Loyal Customer
CUST014184,35,2,2415.67,5,3,4,Loyal Customer
CUST014185,194,1,452.14,3,1,2,Needs Attention
CUST014187,332,1,157.98,2,1,1,Lost
CUST014190,91,1,815.81,4,1,2,Needs Attention
CUST014192,98,2,1144.73,4,3,3,Loyal Customer
CUST014193,246,2,1584.84,2,3,4,At Risk
CUST014195,49,9,6244.67,4,5,5,Champion
CUST014196,137,2,787.14,3,3,2,Loyal Customer
CUST014197,553,1,1003.27,1,1,3,Lost
CUST014198,806,1,294.82,1,1,1,Lost
CUST014199,266,2,611.53,2,3,2,At Risk
CUST014201,292,2,1248.81,2,3,3,At Risk
CUST014203,274,2,958.95,2,3,3,At Risk
CUST014204,504,1,1000.8,1,1,3,Lost
CUST014207,193,2,3347.33,3,3,5,Loyal Customer
CUST014209,389,1,689.98,2,1,2,Lost
CUST014211,6,1,639.56,5,1,2,Needs Attention
CUST014212,600,1,122.51,1,1,1,Lost
CUST014213,24,2,978.0699999999999,5,3,3,Loyal Customer
CUST014214,175,2,470.59999999999997,3,3,2,Loyal Customer
CUST014215,249,1,1576.46,2,1,4,Lost
CUST014216,410,1,48.23,1,1,1,Lost
CUST014217,444,3,2012.0,1,4,4,At Risk
CUST014218,71,1,74.83,4,1,1,Needs Attention
CUST014219,371,1,582.5,2,1,2,Lost
CUST014220,190,1,655.71,3,1,2,Needs Attention
CUST014221,967,1,12.29,1,1,1,Lost
CUST014222,63,1,220.05,4,1,1,Needs Attention
CUST014223,145,4,1837.5,3,4,4,Loyal Customer
CUST014225,158,3,1459.44,3,4,3,Loyal Customer
CUST014226,69,3,955.27,4,4,3,Loyal Customer
CUST014228,962,1,192.83,1,1,1,Lost
CUST014229,47,3,1392.1299999999999,4,4,3,Loyal Customer
CUST014230,882,1,1093.27,1,1,3,Lost
CUST014231,226,2,1644.96,2,3,4,At Risk
CUST014232,325,2,1796.74,2,3,4,At Risk
CUST014233,327,2,593.84,2,3,2,At Risk
CUST014234,615,1,1413.0,1,1,3,Lost
CUST014238,14,5,2242.4,5,5,4,Champion
CUST014239,475,1,387.17,1,1,1,Lost
CUST014240,63,3,3976.8100000000004,4,4,5,Champion
CUST014241,461,1,214.94,1,1,1,Lost
CUST014243,557,2,1052.9,1,3,3,At Risk
CUST014245,18,9,5107.34,5,5,5,Champion
CUST014247,4,5,1998.22,5,5,4,Champion
CUST014248,166,2,853.59,3,3,2,Loyal Customer
CUST014250,254,6,3170.86,2,5,5,At Risk
CUST014252,543,1,1084.7,1,1,3,Lost
CUST014253,385,1,139.03,2,1,1,Lost
CUST014254,23,5,3477.1000000000004,5,5,5,Champion
CUST014256,505,1,546.27,1,1,2,Lost
CUST014257,42,6,3205.0299999999997,4,5,5,Champion
CUST014258,189,1,32.35,3,1,1,Needs Attention
CUST014259,377,1,730.05,2,1,2,Lost
CUST014260,183,2,1244.82,3,3,3,Loyal Customer
CUST014261,189,4,2590.56,3,4,4,Loyal Customer
CUST014262,310,1,210.16,2,1,1,Lost
CUST014264,958,1,176.52,1,1,1,Lost
CUST014265,191,1,464.45,3,1,2,Needs Attention
CUST014266,346,1,220.15,2,1,1,Lost
CUST014267,100,1,1181.87,4,1,3,Needs Attention
CUST014268,259,1,153.29,2,1,1,Lost
CUST014269,92,3,1190.14,4,4,3,Loyal Customer
CUST014270,180,1,2277.16,3,1,4,Needs Attention
CUST014271,25,1,476.52,5,1,2,Needs Attention
CUST014274,123,1,235.97,3,1,1,Needs Attention
CUST014275,62,3,1492.51,4,4,3,Loyal Customer
CUST014276,70,2,1012.1,4,3,3,Loyal Customer
CUST014277,208,1,664.76,2,1,2,Lost
CUST014279,373,2,944.02,2,3,3,At Risk
CUST014280,40,2,575.87,4,3,2,Loyal Customer
CUST014285,222,1,134.97,2,1,1,Lost
CUST014286,107,5,2167.96,3,5,4,Loyal Customer
CUST014287,19,15,12008.37,5,5,5,Champion
CUST014291,72,2,1161.79,4,3,3,Loyal Customer
CUST014292,21,2,882.8900000000001,5,3,3,Loyal Customer
CUST014294,574,1,264.33,1,1,1,Lost
CUST014295,281,1,1276.86,2,1,3,Lost
CUST014296,3,1,102.79,5,1,1,Needs Attention
CUST014302,48,3,901.74,4,4,3,Loyal Customer
CUST014304,173,2,1536.8600000000001,3,3,3,Loyal Customer
CUST014305,143,1,553.6,3,1,2,Needs Attention
CUST014306,22,1,909.49,5,1,3,Needs Attention
CUST014308,3,1,1005.9,5,1,3,Needs Attention
CUST014313,301,2,1676.21,2,3,4,At Risk
CUST014315,22,7,2911.87,5,5,5,Champion
CUST014316,213,1,1012.78,2,1,3,Lost
CUST014318,134,4,3953.94,3,4,5,Loyal Customer
CUST014320,14,14,7973.99,5,5,5,Champion
CUST014322,175,3,1446.82,3,4,3,Loyal Customer
CUST014323,884,1,281.16,1,1,1,Lost
CUST014324,158,3,869.7,3,4,2,Loyal Customer
CUST014325,117,2,854.34,3,3,2,Loyal Customer
CUST014326,247,2,1227.5900000000001,2,3,3,At Risk
CUST014327,13,8,4394.99,5,5,5,Champion
CUST014328,76,5,2484.81,4,5,4,Champion
CUST014331,12,2,626.72,5,3,2,Loyal Customer
CUST014332,378,4,1550.75,2,4,3,At Risk
CUST014333,77,2,2254.68,4,3,4,Loyal Customer
CUST014334,709,1,1008.53,1,1,3,Lost
CUST014335,54,2,1636.8,4,3,4,Loyal Customer
CUST014336,766,1,302.34,1,1,1,Lost
CUST014337,10,2,499.63,5,3,2,Loyal Customer
CUST014338,616,1,1164.15,1,1,3,Lost
CUST014339,342,1,299.63,2,1,1,Lost
CUST014340,71,8,7321.57,4,5,5,Champion
CUST014341,149,2,362.35,3,3,1,Loyal Customer
CUST014343,63,4,4396.6900000000005,4,4,5,Champion
CUST014345,270,1,3021.92,2,1,5,Lost
CUST014346,152,2,1016.77,3,3,3,Loyal Customer
CUST014347,114,5,2943.04,3,5,5,Loyal Customer
CUST014348,108,6,2208.26,3,5,4,Loyal Customer
CUST014350,53,25,12566.42,4,5,5,Champion
CUST014352,276,3,2140.51,2,4,4,At Risk
CUST014355,4,2,1521.89,5,3,3,Loyal Customer
CUST014356,707,1,606.44,1,1,2,Lost
CUST014357,575,1,67.48,1,1,1,Lost
CUST014359,338,2,1099.95,2,3,3,At Risk
CUST014361,1087,1,538.08,1,1,2,Lost
CUST014363,104,1,2020.94,3,1,4,Needs Attention
CUST014366,698,1,139.13,1,1,1,Lost
CUST014368,57,4,2098.06,4,4,4,Champion
CUST014370,553,1,1968.78,1,1,4,Lost
CUST014372,106,1,546.22,3,1,2,Needs Attention
CUST014374,209,1,48.23,2,1,1,Lost
CUST014375,72,4,4596.27,4,4,5,Champion
CUST014376,6,10,3748.48,5,5,5,Champion
CUST014377,77,13,10067.57,4,5,5,Champion
CUST014378,13,59,38665.31,5,5,5,Champion
CUST014380,342,2,1500.9299999999998,2,3,3,At Risk
CUST014381,21,1,427.7,5,1,1,Needs Attention
CUST014382,104,2,745.1,3,3,2,Loyal Customer
CUST014383,536,1,228.78,1,1,1,Lost
CUST014385,49,3,521.82,4,4,2,Loyal Customer
CUST014386,110,11,6085.96,3,5,5,Loyal Customer
CUST014387,251,1,731.91,2,1,2,Lost
CUST014388,13,1,672.05,5,1,2,Needs Attention
CUST014389,16,8,5104.45,5,5,5,Champion
CUST014391,45,5,1794.3,4,5,4,Champion
CUST014392,249,4,3729.8,2,4,5,At Risk
CUST014394,136,1,272.94,3,1,1,Needs Attention
CUST014395,128,3,1542.37,3,4,3,Loyal Customer
CUST014396,287,4,3383.6400000000003,2,4,5,At Risk
CUST014398,316,3,2084.15,2,4,4,At Risk
CUST014400,176,2,1221.28,3,3,3,Loyal Customer
CUST014401,133,1,284.35,3,1,1,Needs Attention
CUST014402,277,1,245.7,2,1,1,Lost
CUST014403,1,2,838.3199999999999,5,3,2,Loyal Customer
CUST014404,94,1,293.94,4,1,1,Needs Attention
CUST014405,781,1,296.51,1,1,1,Lost
CUST014410,439,2,1642.92,1,3,4,At Risk
CUST014411,753,1,1531.48,1,1,3,Lost
CUST014412,760,1,253.08,1,1,1,Lost
CUST014413,104,1,464.45,3,1,2,Needs Attention
CUST014415,81,1,87.15,4,1,1,Needs Attention
CUST014416,821,1,31.0,1,1,1,Lost
CUST014417,646,1,61.34,1,1,1,Lost
CUST014419,274,1,68.72,2,1,1,Lost
CUST014422,45,1,350.43,4,1,1,Needs Attention
CUST014425,437,4,895.1300000000001,1,4,3,At Risk
CUST014426,406,2,66.68,1,3,1,At Risk
CUST014428,3,5,1934.0099999999998,5,5,4,Champion
CUST014429,306,2,1846.01,2,3,4,At Risk
CUST014430,27,2,976.81,5,3,3,Loyal Customer
CUST014431,40,1,186.25,4,1,1,Needs Attention
CUST014432,93,2,634.52,4,3,2,Loyal Customer
CUST014435,632,1,627.38,1,1,2,Lost
CUST014436,912,1,169.08,1,1,1,Lost
CUST014438,5,5,1687.85,5,5,4,Champion
CUST014439,411,2,1827.76,1,3,4,At Risk
CUST014440,350,1,244.03,2,1,1,Lost
CUST014441,99,1,504.73,4,1,2,Needs Attention
CUST014443,376,2,1243.5,2,3,3,At Risk
CUST014446,57,3,2531.7799999999997,4,4,4,Champion
CUST014451,616,1,44.73,1,1,1,Lost
CUST014452,100,2,1040.78,4,3,3,Loyal Customer
CUST014453,307,4,1124.52,2,4,3,At Risk
CUST014455,764,1,74.83,1,1,1,Lost
CUST014456,19,38,20434.32,5,5,5,Champion
CUST014458,150,4,2916.83,3,4,5,Loyal Customer
CUST014459,938,1,684.29,1,1,2,Lost
CUST014460,165,1,129.34,3,1,1,Needs Attention
CUST014461,40,7,3599.6099999999997,4,5,5,Champion
CUST014463,1,27,14420.87,5,5,5,Champion
CUST014467,159,3,2824.25,3,4,4,Loyal Customer
CUST014469,10,18,12557.73,5,5,5,Champion
CUST014470,125,1,436.66,3,1,1,Needs Attention
CUST014472,97,1,459.87,4,1,2,Needs Attention
CUST014473,1,3,2443.29,5,4,4,Champion
CUST014474,294,1,41.68,2,1,1,Lost
CUST014477,43,2,565.3499999999999,4,3,2,Loyal Customer
CUST014478,490,1,504.57,1,1,2,Lost
CUST014479,169,3,1593.03,3,4,4,Loyal Customer
CUST014481,129,6,2286.4300000000003,3,5,4,Loyal Customer
CUST014482,940,1,302.34,1,1,1,Lost
CUST014484,151,2,2362.35,3,3,4,Loyal Customer
CUST014485,397,2,1295.62,1,3,3,At Risk
CUST014486,812,1,82.0,1,1,1,Lost
CUST014487,51,8,5993.26,4,5,5,Champion
CUST014489,337,1,333.84,2,1,1,Lost
CUST014490,229,2,634.43,2,3,2,At Risk
CUST014491,127,1,447.88,3,1,2,Needs Attention
CUST014492,169,4,2423.72,3,4,4,Loyal Customer
CUST014493,173,6,3691.5299999999997,3,5,5,Loyal Customer
CUST014496,56,3,1295.1100000000001,4,4,3,Loyal Customer
CUST014497,25,6,3088.66,5,5,5,Champion
CUST014498,477,1,442.72,1,1,2,Lost
CUST014499,276,1,300.93,2,1,1,Lost
CUST014500,9,6,3784.5699999999997,5,5,5,Champion
CUST014501,683,1,188.28,1,1,1,Lost
CUST014502,27,6,2640.16,5,5,4,Champion
CUST014503,30,1,152.75,5,1,1,Needs Attention
CUST014504,413,2,2112.0299999999997,1,3,4,At Risk
CUST014506,32,4,2472.84,5,4,4,Champion
CUST014508,236,3,1252.9099999999999,2,4,3,At Risk
CUST014510,7,1,198.97,5,1,1,Needs Attention
CUST014514,108,11,9266.91,3,5,5,Loyal Customer
CUST014515,21,5,2190.61,5,5,4,Champion
CUST014516,22,1,486.47,5,1,2,Needs Attention
CUST014517,34,7,2430.34,5,5,4,Champion
CUST014523,123,1,476.52,3,1,2,Needs Attention
CUST014525,429,1,436.18,1,1,1,Lost
CUST014526,62,4,3040.4,4,4,5,Champion
CUST014527,41,6,3500.3,4,5,5,Champion
CUST014529,39,1,385.66,5,1,1,Needs Attention
CUST014530,153,3,1585.9599999999998,3,4,4,Loyal Customer
CUST014531,216,8,8024.66,2,5,5,At Risk
CUST014532,31,6,3621.79,5,5,5,Champion
CUST014534,136,1,1097.3,3,1,3,Needs Attention
CUST014536,255,2,1633.6,2,3,4,At Risk
CUST014538,233,3,3254.25,2,4,5,At Risk
CUST014540,77,5,1344.28,4,5,3,Loyal Customer
CUST014542,414,1,944.53,1,1,3,Lost
CUST014543,64,4,2872.28,4,4,4,Champion
CUST014549,144,2,913.11,3,3,3,Loyal Customer
CUST014550,96,4,2269.56,4,4,4,Champion
CUST014551,92,3,1710.6200000000001,4,4,4,Champion
CUST014553,422,1,1064.71,1,1,3,Lost
CUST014554,192,2,618.34,3,3,2,Loyal Customer
CUST014555,734,1,381.3,1,1,1,Lost
CUST014560,108,1,68.72,3,1,1,Needs Attention
CUST014562,9,11,5394.71,5,5,5,Champion
CUST014563,37,6,2106.73,5,5,4,Champion
CUST014564,227,3,2072.84,2,4,4,At Risk
CUST014566,261,1,399.67,2,1,1,Lost
CUST014567,68,1,1255.19,4,1,3,Needs Attention
CUST014569,30,4,2079.17,5,4,4,Champion
CUST014571,304,3,886.6099999999999,2,4,3,At Risk
CUST014572,203,1,231.19,3,1,1,Needs Attention
CUST014574,95,3,1882.17,4,4,4,Champion
CUST014575,185,2,872.8700000000001,3,3,3,Loyal Customer
CUST014576,29,13,9928.88,5,5,5,Champion
CUST014584,170,2,1564.14,3,3,4,Loyal Customer
CUST014586,379,4,1159.83,2,4,3,At Risk
CUST014587,743,1,332.02,1,1,1,Lost
CUST014588,30,2,711.25,5,3,2,Loyal Customer
CUST014589,20,3,1372.43,5,4,3,Loyal Customer
CUST014590,110,1,448.86,3,1,2,Needs Attention
CUST014593,130,10,5387.01,3,5,5,Loyal Customer
CUST014594,77,4,3121.56,4,4,5,Champion
CUST014596,54,9,8151.59,4,5,5,Champion
CUST014598,137,1,633.08,3,1,2,Needs Attention
CUST014599,140,2,1085.41,3,3,3,Loyal Customer
CUST014600,485,1,1766.11,1,1,4,Lost
CUST014601,18,2,365.81,5,3,1,Loyal Customer
CUST014606,197,7,3283.16,3,5,5,Loyal Customer
CUST014609,485,2,1052.0,1,3,3,At Risk
CUST014611,4,2,1275.92,5,3,3,Loyal Customer
CUST014612,14,9,4900.36,5,5,5,Champion
CUST014613,130,2,1650.3799999999999,3,3,4,Loyal Customer
CUST014614,111,1,732.06,3,1,2,Needs Attention
CUST014615,235,3,1733.6599999999999,2,4,4,At Risk
CUST014616,62,6,2482.02,4,5,4,Champion
CUST014618,809,1,541.05,1,1,2,Lost
CUST014621,73,2,630.58,4,3,2,Loyal Customer
CUST014622,147,3,2266.08,3,4,4,Loyal Customer
CUST014623,310,4,3339.74,2,4,5,At Risk
CUST014624,355,1,206.46,2,1,1,Lost
CUST014626,23,1,906.34,5,1,3,Needs Attention
CUST014627,331,1,559.87,2,1,2,Lost
CUST014630,54,4,1666.56,4,4,4,Champion
CUST014634,81,9,6322.66,4,5,5,Champion
CUST014635,55,1,311.75,4,1,1,Needs Attention
CUST014636,348,2,807.3399999999999,2,3,2,At Risk
CUST014637,681,1,767.13,1,1,2,Lost
CUST014638,360,1,12.29,2,1,1,Lost
CUST014639,95,1,798.71,4,1,2,Needs Attention
CUST014642,233,2,135.19,2,3,1,At Risk
CUST014644,278,2,792.86,2,3,2,At Risk
CUST014645,865,1,1214.86,1,1,3,Lost
CUST014647,96,7,4154.889999999999,4,5,5,Champion
CUST014648,14,10,5450.85,5,5,5,Champion
CUST014649,133,2,999.51,3,3,3,Loyal Customer
CUST014651,218,3,1661.13,2,4,4,At Risk
CUST014652,78,3,2072.17,4,4,4,Champion
CUST014653,337,2,1001.7,2,3,3,At Risk
CUST014654,228,3,1632.0,2,4,4,At Risk
CUST014655,34,3,1548.04,5,4,3,Loyal Customer
CUST014657,29,2,102.75999999999999,5,3,1,Loyal Customer
CUST014660,358,1,2420.59,2,1,4,Lost
CUST014661,14,6,2947.4700000000003,5,5,5,Champion
CUST014662,213,1,414.24,2,1,1,Lost
CUST014663,198,2,1908.58,3,3,4,Loyal Customer
CUST014664,871,1,489.3,1,1,2,Lost
CUST014665,499,1,732.39,1,1,2,Lost
CUST014668,20,38,20114.62,5,5,5,Champion
CUST014670,85,2,1938.96,4,3,4,Loyal Customer
CUST014671,199,5,1604.12,3,5,4,Loyal Customer
CUST014672,35,1,689.98,5,1,2,Needs Attention
CUST014673,115,2,649.1700000000001,3,3,2,Loyal Customer
CUST014674,190,3,3083.3,3,4,5,Loyal Customer
CUST014675,180,1,1572.89,3,1,4,Needs Attention
CUST014684,501,1,422.31,1,1,1,Lost
CUST014686,373,1,275.33,2,1,1,Lost
CUST014687,227,4,1080.67,2,4,3,At Risk
CUST014690,244,3,1034.68,2,4,3,At Risk
CUST014691,175,3,4371.37,3,4,5,Loyal Customer
CUST014693,386,1,257.56,2,1,1,Lost
CUST014694,55,2,261.21999999999997,4,3,1,Loyal Customer
CUST014695,11,4,2837.92,5,4,4,Champion
CUST014696,1,8,5718.98,5,5,5,Champion
CUST014698,161,2,1174.13,3,3,3,Loyal Customer
CUST014699,15,4,1401.21,5,4,3,Loyal Customer
CUST014701,871,1,591.12,1,1,2,Lost
CUST014702,666,1,815.44,1,1,2,Lost
CUST014704,82,1,368.93,4,1,1,Needs Attention
CUST014705,159,3,1919.3799999999999,3,4,4,Loyal Customer
CUST014706,131,5,2169.2400000000002,3,5,4,Loyal Customer
CUST014707,33,2,867.46,5,3,2,Loyal Customer
CUST014710,287,2,2809.77,2,3,4,At Risk
CUST014711,641,1,396.6,1,1,1,Lost
CUST014713,339,1,799.16,2,1,2,Lost
CUST014714,124,4,4205.29,3,4,5,Loyal Customer
CUST014715,642,1,1803.96,1,1,4,Lost
CUST014716,98,1,414.55,4,1,1,Needs Attention
CUST014718,277,1,1206.49,2,1,3,Lost
CUST014719,381,1,750.18,2,1,2,Lost
CUST014720,320,5,3678.54,2,5,5,At Risk
CUST014721,59,3,4140.9,4,4,5,Champion
CUST014722,381,1,436.77,2,1,1,Lost
CUST014723,102,4,1613.93,3,4,4,Loyal Customer
CUST014724,119,2,1785.03,3,3,4,Loyal Customer
CUST014725,411,1,566.95,1,1,2,Lost
CUST014728,7,2,569.85,5,3,2,Loyal Customer
CUST014730,83,5,3307.0,4,5,5,Champion
CUST014732,257,1,238.15,2,1,1,Lost
CUST014733,220,4,3354.99,2,4,5,At Risk
CUST014734,282,2,557.73,2,3,2,At Risk
CUST014735,150,3,1883.5,3,4,4,Loyal Customer
CUST014739,321,2,796.13,2,3,2,At Risk
CUST014741,49,1,192.86,4,1,1,Needs Attention
CUST014744,104,1,1150.93,3,1,3,Needs Attention
CUST014745,523,1,1088.46,1,1,3,Lost
CUST014746,161,2,366.91,3,3,1,Loyal Customer
CUST014747,709,1,197.83,1,1,1,Lost
CUST014748,69,3,875.81,4,4,3,Loyal Customer
CUST014750,281,2,552.84,2,3,2,At Risk
CUST014752,221,1,187.87,2,1,1,Lost
CUST014753,789,2,207.12,1,3,1,At Risk
CUST014754,80,7,2695.9,4,5,4,Champion
CUST014756,1051,1,324.71,1,1,1,Lost
CUST014757,539,1,374.48,1,1,1,Lost
CUST014758,356,4,2225.8,2,4,4,At Risk
CUST014759,5,5,2642.56,5,5,4,Champion
CUST014760,59,1,585.87,4,1,2,Needs Attention
CUST014761,2,19,10247.73,5,5,5,Champion
CUST014762,40,14,6811.25,4,5,5,Champion
CUST014763,348,1,212.27,2,1,1,Lost
CUST014764,40,2,576.19,4,3,2,Loyal Customer
CUST014765,164,1,199.49,3,1,1,Needs Attention
CUST014766,599,1,714.17,1,1,2,Lost
CUST014768,14,1,386.77,5,1,1,Needs Attention
CUST014769,208,1,933.63,2,1,3,Lost
CUST014770,64,6,3411.76,4,5,5,Champion
CUST014771,73,7,3448.13,4,5,5,Champion
CUST014772,208,1,372.04,2,1,1,Lost
CUST014773,71,5,1935.74,4,5,4,Champion
CUST014774,107,1,298.15,3,1,1,Needs Attention
CUST014775,284,2,1745.61,2,3,4,At Risk
CUST014776,283,1,559.43,2,1,2,Lost
CUST014777,190,3,1761.21,3,4,4,Loyal Customer
CUST014778,6,1,89.46,5,1,1,Needs Attention
CUST014779,272,4,1982.44,2,4,4,At Risk
CUST014780,56,4,1536.1,4,4,3,Loyal Customer
CUST014782,103,2,1321.82,3,3,3,Loyal Customer
CUST014783,8,13,5160.75,5,5,5,Champion
CUST014785,129,1,926.68,3,1,3,Needs Attention
CUST014786,186,6,4760.32,3,5,5,Loyal Customer
CUST014787,218,1,1259.32,2,1,3,Lost
CUST014788,20,5,2767.37,5,5,4,Champion
CUST014790,106,4,2222.46,3,4,4,Loyal Customer
CUST014791,55,4,1716.48,4,4,4,Champion
CUST014792,177,5,2167.72,3,5,4,Loyal Customer
CUST014793,57,2,819.9100000000001,4,3,2,Loyal Customer
CUST014795,458,1,244.18,1,1,1,Lost
CUST014796,61,3,1630.38,4,4,4,Champion
CUST014797,214,1,258.52,2,1,1,Lost
CUST014798,26,4,1663.36,5,4,4,Champion
CUST014800,199,2,2196.19,3,3,4,Loyal Customer
CUST014802,226,1,668.4,2,1,2,Lost
CUST014805,214,2,2032.81,2,3,4,At Risk
CUST014806,178,2,876.68,3,3,3,Loyal Customer
CUST014807,338,1,553.6,2,1,2,Lost
CUST014808,17,7,4489.8,5,5,5,Champion
CUST014809,218,1,2110.69,2,1,4,Lost
CUST014810,74,8,6347.389999999999,4,5,5,Champion
CUST014811,128,5,2104.2400000000002,3,5,4,Loyal Customer
CUST014812,154,2,661.93,3,3,2,Loyal Customer
CUST014814,533,1,406.85,1,1,1,Lost
CUST014815,189,1,932.07,3,1,3,Needs Attention
CUST014816,30,4,3352.11,5,4,5,Champion
CUST014819,354,2,1074.54,2,3,3,At Risk
CUST014824,517,1,298.34,1,1,1,Lost
CUST014825,395,2,1796.1,1,3,4,At Risk
CUST014826,423,1,146.42,1,1,1,Lost
CUST014828,863,1,233.62,1,1,1,Lost
CUST014829,236,1,1526.58,2,1,3,Lost
CUST014830,166,3,1224.67,3,4,3,Loyal Customer
CUST014831,527,1,330.57,1,1,1,Lost
CUST014832,253,2,350.87,2,3,1,At Risk
CUST014833,176,1,71.16,3,1,1,Needs Attention
CUST014834,87,4,2481.69,4,4,4,Champion
CUST014835,25,11,6170.1,5,5,5,Champion
CUST014836,870,1,616.65,1,1,2,Lost
CUST014838,15,4,1606.07,5,4,4,Champion
CUST014840,18,1,249.37,5,1,1,Needs Attention
CUST014841,302,3,1260.04,2,4,3,At Risk
CUST014842,110,3,1324.28,3,4,3,Loyal Customer
CUST014843,52,1,491.9,4,1,2,Needs Attention
CUST014845,8,15,6631.99,5,5,5,Champion
CUST014847,24,1,420.68,5,1,1,Needs Attention
CUST014849,116,7,4840.92,3,5,5,Loyal Customer
CUST014850,606,1,1173.24,1,1,3,Lost
CUST014852,105,3,1019.36,3,4,3,Loyal Customer
CUST014856,13,8,5242.38,5,5,5,Champion
CUST014857,83,2,555.1800000000001,4,3,2,Loyal Customer
CUST014859,12,3,1827.43,5,4,4,Champion
CUST014860,170,1,465.07,3,1,2,Needs Attention
CUST014864,25,4,1543.94,5,4,3,Loyal Customer
CUST014865,496,1,54.64,1,1,1,Lost
CUST014867,236,1,361.6,2,1,1,Lost
CUST014868,125,2,775.6199999999999,3,3,2,Loyal Customer
CUST014869,121,6,3126.0599999999995,3,5,5,Loyal Customer
CUST014871,474,1,495.71,1,1,2,Lost
CUST014874,398,1,298.15,1,1,1,Lost
CUST014877,179,1,560.38,3,1,2,Needs Attention
CUST014879,81,10,7592.780000000001,4,5,5,Champion
CUST014881,2,45,24516.88,5,5,5,Champion
CUST014889,693,2,1057.82,1,3,3,At Risk
CUST014890,281,1,1566.54,2,1,4,Lost
CUST014891,998,1,160.87,1,1,1,Lost
CUST014892,187,1,999.99,3,1,3,Needs Attention
CUST014894,46,4,3024.11,4,4,5,Champion
CUST014895,42,2,1369.94,4,3,3,Loyal Customer
CUST014896,11,1,389.85,5,1,1,Needs Attention
CUST014897,553,1,699.47,1,1,2,Lost
CUST014898,239,4,1781.87,2,4,4,At Risk
CUST014900,160,5,1803.28,3,5,4,Loyal Customer
CUST014901,27,4,1286.03,5,4,3,Loyal Customer
CUST014902,216,1,220.03,2,1,1,Lost
CUST014903,61,7,5486.96,4,5,5,Champion
CUST014904,333,1,1746.34,2,1,4,Lost
CUST014906,108,1,541.89,3,1,2,Needs Attention
CUST014908,533,3,722.0400000000001,1,4,2,At Risk
CUST014910,382,1,1329.12,2,1,3,Lost
CUST014912,348,1,41.42,2,1,1,Lost
CUST014915,13,12,5658.02,5,5,5,Champion
CUST014916,180,1,1567.42,3,1,4,Needs Attention
CUST014917,195,1,44.73,3,1,1,Needs Attention
CUST014920,268,3,2016.03,2,4,4,At Risk
CUST014921,487,1,513.35,1,1,2,Lost
CUST014922,731,1,1318.22,1,1,3,Lost
CUST014924,36,2,1109.37,5,3,3,Loyal Customer
CUST014927,323,3,1363.45,2,4,3,At Risk
CUST014933,338,1,1470.86,2,1,3,Lost
CUST014934,153,2,1620.47,3,3,4,Loyal Customer
CUST014935,21,1,703.4,5,1,2,Needs Attention
CUST014936,12,6,2370.08,5,5,4,Champion
CUST014939,512,1,1045.06,1,1,3,Lost
CUST014941,17,27,15146.619999999999,5,5,5,Champion
CUST014944,38,3,2346.91,5,4,4,Champion
CUST014945,214,1,436.53,2,1,1,Lost
CUST014948,119,1,273.43,3,1,1,Needs Attention
CUST014950,84,17,9432.130000000001,4,5,5,Champion
CUST014951,113,2,2326.81,3,3,4,Loyal Customer
CUST014952,115,2,1315.28,3,3,3,Loyal Customer
CUST014956,188,2,1021.4300000000001,3,3,3,Loyal Customer
CUST014958,50,2,1239.95,4,3,3,Loyal Customer
CUST014959,380,2,957.49,2,3,3,At Risk
CUST014960,443,1,473.38,1,1,2,Lost
CUST014963,8,2,748.49,5,3,2,Loyal Customer
CUST014964,10,3,1839.78,5,4,4,Champion
CUST014965,113,2,1451.3500000000001,3,3,3,Loyal Customer
CUST014967,291,3,865.88,2,4,2,At Risk
CUST014969,171,1,489.83,3,1,2,Needs Attention
CUST014972,1,50,24763.13,5,5,5,Champion
CUST014976,174,2,452.38,3,3,2,Loyal Customer
CUST014977,12,1,418.39,5,1,1,Needs Attention
CUST014978,6,15,9288.41,5,5,5,Champion
CUST014979,140,1,631.92,3,1,2,Needs Attention
CUST014980,77,3,1041.3200000000002,4,4,3,Loyal Customer
CUST014982,87,1,461.71,4,1,2,Needs Attention
CUST014983,284,2,1092.47,2,3,3,At Risk
CUST014984,266,3,2793.19,2,4,4,At Risk
CUST014985,75,4,2028.29,4,4,4,Champion
CUST014987,125,1,2062.37,3,1,4,Needs Attention
CUST014988,197,2,834.09,3,3,2,Loyal Customer
CUST014990,38,2,903.23,5,3,3,Loyal Customer
CUST014991,322,1,350.79,2,1,1,Lost
CUST014994,423,1,567.87,1,1,2,Lost
CUST014996,234,1,207.83,2,1,1,Lost
CUST014997,163,1,316.24,3,1,1,Needs Attention
CUST014998,487,1,251.21,1,1,1,Lost
CUST014999,593,2,997.6700000000001,1,3,3,At Risk
CUST015000,20,2,937.2,5,3,3,Loyal Customer
CUST015001,521,1,1869.24,1,1,4,Lost
CUST015002,174,3,1391.04,3,4,3,Loyal Customer
CUST015003,713,1,47.22,1,1,1,Lost
CUST015004,62,3,1960.94,4,4,4,Champion
CUST015005,228,1,1145.55,2,1,3,Lost
CUST015008,183,2,1995.6000000000001,3,3,4,Loyal Customer
CUST015009,5,1,750.37,5,1,2,Needs Attention
CUST015010,225,1,599.76,2,1,2,Lost
CUST015011,62,21,10674.25,4,5,5,Champion
CUST015012,261,2,456.91,2,3,2,At Risk
CUST015014,39,3,2002.42,5,4,4,Champion
CUST015015,627,1,1630.82,1,1,4,Lost
CUST015016,642,1,147.87,1,1,1,Lost
CUST015018,89,1,546.52,4,1,2,Needs Attention
CUST015019,711,1,187.96,1,1,1,Lost
CUST015022,380,2,2505.28,2,3,4,At Risk
CUST015023,51,1,486.4,4,1,2,Needs Attention
CUST015026,78,4,1973.3000000000002,4,4,4,Champion
CUST015027,21,2,1120.49,5,3,3,Loyal Customer
CUST015029,319,1,323.75,2,1,1,Lost
CUST015030,528,1,367.2,1,1,1,Lost
CUST015031,217,2,434.92999999999995,2,3,1,At Risk
CUST015033,648,3,2603.96,1,4,4,At Risk
CUST015035,132,10,5167.3,3,5,5,Loyal Customer
CUST015039,564,1,78.32,1,1,1,Lost
CUST015040,614,1,307.75,1,1,1,Lost
CUST015041,60,7,3719.81,4,5,5,Champion
CUST015042,158,6,4463.13,3,5,5,Loyal Customer
CUST015044,318,5,1354.73,2,5,3,At Risk
CUST015046,17,3,1998.1200000000001,5,4,4,Champion
CUST015049,430,2,1635.07,1,3,4,At Risk
CUST015050,147,6,5252.81,3,5,5,Loyal Customer
CUST015052,16,5,2359.43,5,5,4,Champion
CUST015054,156,4,2875.37,3,4,4,Loyal Customer
CUST015055,799,1,316.56,1,1,1,Lost
CUST015056,88,2,2033.09,4,3,4,Loyal Customer
CUST015057,76,3,2082.92,4,4,4,Champion
CUST015061,632,1,831.88,1,1,2,Lost
CUST015063,37,4,4706.91,5,4,5,Champion
CUST015065,55,4,3921.79,4,4,5,Champion
CUST015067,6,7,2538.87,5,5,4,Champion
CUST015068,75,13,6775.21,4,5,5,Champion
CUST015070,8,21,11831.08,5,5,5,Champion
CUST015071,81,4,1846.94,4,4,4,Champion
CUST015073,39,6,2100.63,5,5,4,Champion
CUST015075,10,1,98.49,5,1,1,Needs Attention
CUST015076,169,2,636.77,3,3,2,Loyal Customer
CUST015079,272,8,4030.3,2,5,5,At Risk
CUST015080,30,20,11240.81,5,5,5,Champion
CUST015081,55,3,1194.43,4,4,3,Loyal Customer
CUST015083,114,8,4425.6,3,5,5,Loyal Customer
CUST015085,68,6,3391.19,4,5,5,Champion
CUST015086,113,2,668.73,3,3,2,Loyal Customer
CUST015087,48,3,1728.1399999999999,4,4,4,Champion
CUST015088,692,1,533.58,1,1,2,Lost
CUST015089,61,7,3586.2799999999997,4,5,5,Champion
CUST015090,6,4,1610.04,5,4,4,Champion
CUST015091,174,3,2390.48,3,4,4,Loyal Customer
CUST015092,316,2,517.67,2,3,2,At Risk
CUST015094,52,1,1366.27,4,1,3,Needs Attention
CUST015096,83,5,2925.09,4,5,5,Champion
CUST015098,185,2,1918.8500000000001,3,3,4,Loyal Customer
CUST015100,4,28,15032.69,5,5,5,Champion
CUST015101,488,1,172.61,1,1,1,Lost
CUST015103,42,7,3380.54,4,5,5,Champion
CUST015106,49,5,1744.3600000000001,4,5,4,Champion
CUST015108,110,1,983.47,3,1,3,Needs Attention
CUST015109,373,1,354.15,2,1,1,Lost
CUST015110,256,5,3064.4700000000003,2,5,5,At Risk
CUST015113,257,2,1702.68,2,3,4,At Risk
CUST015114,61,2,1045.51,4,3,3,Loyal Customer
CUST015118,579,1,258.52,1,1,1,Lost
CUST015119,54,1,935.3,4,1,3,Needs Attention
CUST015120,487,1,815.79,1,1,2,Lost
CUST015121,65,3,1134.05,4,4,3,Loyal Customer
CUST015123,116,4,2840.05,3,4,4,Loyal Customer
CUST015126,740,1,233.4,1,1,1,Lost
CUST015128,850,1,362.71,1,1,1,Lost
CUST015129,32,7,2285.9,5,5,4,Champion
CUST015130,227,2,1039.46,2,3,3,At Risk
CUST015131,352,2,1887.06,2,3,4,At Risk
CUST015133,429,1,536.12,1,1,2,Lost
CUST015135,294,1,293.05,2,1,1,Lost
CUST015136,776,1,171.23,1,1,1,Lost
CUST015139,219,4,2060.38,2,4,4,At Risk
CUST015140,19,8,4550.88,5,5,5,Champion
CUST015141,426,2,1663.43,1,3,4,At Risk
CUST015144,120,3,2223.87,3,4,4,Loyal Customer
CUST015145,118,2,3076.1000000000004,3,3,5,Loyal Customer
CUST015148,95,1,389.85,4,1,1,Needs Attention
CUST015153,44,2,880.1300000000001,4,3,3,Loyal Customer
CUST015155,205,1,1302.27,2,1,3,Lost
CUST015156,128,1,501.76,3,1,2,Needs Attention
CUST015158,118,7,3839.15,3,5,5,Loyal Customer
CUST015161,41,2,1376.8500000000001,4,3,3,Loyal Customer
CUST015163,363,2,647.06,2,3,2,At Risk
CUST015164,507,1,321.12,1,1,1,Lost
CUST015165,45,24,12483.4,4,5,5,Champion
CUST015166,12,16,14172.109999999999,5,5,5,Champion
CUST015167,52,4,1448.58,4,4,3,Loyal Customer
CUST015168,115,4,4113.73,3,4,5,Loyal Customer
CUST015170,25,17,10384.289999999999,5,5,5,Champion
CUST015171,13,3,1185.23,5,4,3,Loyal Customer
CUST015178,655,1,927.96,1,1,3,Lost
CUST015179,131,4,3142.43,3,4,5,Loyal Customer
CUST015180,747,1,775.19,1,1,2,Lost
CUST015181,310,1,312.2,2,1,1,Lost
CUST015182,198,3,2288.42,3,4,4,Loyal Customer
CUST015183,186,4,1863.56,3,4,4,Loyal Customer
CUST015186,5,5,1384.83,5,5,3,Loyal Customer
CUST015187,42,5,1690.8700000000001,4,5,4,Champion
CUST015188,228,1,352.05,2,1,1,Lost
CUST015189,111,1,958.96,3,1,3,Needs Attention
CUST015190,20,1,503.18,5,1,2,Needs Attention
CUST015192,338,2,1527.8899999999999,2,3,3,At Risk
CUST015194,50,3,3083.36,4,4,5,Champion
CUST015195,2,5,4797.72,5,5,5,Champion
CUST015199,273,2,1484.57,2,3,3,At Risk
CUST015205,885,1,339.28,1,1,1,Lost
CUST015207,407,1,148.9,1,1,1,Lost
CUST015209,15,1,474.67,5,1,2,Needs Attention
CUST015210,583,1,941.83,1,1,3,Lost
CUST015211,66,9,5788.469999999999,4,5,5,Champion
CUST015214,121,4,2282.44,3,4,4,Loyal Customer
CUST015215,300,2,530.3199999999999,2,3,2,At Risk
CUST015218,100,9,6749.12,4,5,5,Champion
CUST015220,35,2,334.28999999999996,5,3,1,Loyal Customer
CUST015221,22,9,3132.71,5,5,5,Champion
CUST015222,767,2,131.93,1,3,1,At Risk
CUST015223,3,6,3921.3500000000004,5,5,5,Champion
CUST015224,94,1,60.25,4,1,1,Needs Attention
CUST015225,28,6,4516.32,5,5,5,Champion
CUST015228,411,1,777.45,1,1,2,Lost
CUST015229,47,1,127.79,4,1,1,Needs Attention
CUST015230,186,8,6372.78,3,5,5,Loyal Customer
CUST015234,502,2,2411.4500000000003,1,3,4,At Risk
CUST015236,35,7,4198.87,5,5,5,Champion
CUST015237,59,1,212.27,4,1,1,Needs Attention
CUST015238,16,1,574.64,5,1,2,Needs Attention
CUST015239,220,6,2121.88,2,5,4,At Risk
CUST015241,226,1,93.7,2,1,1,Lost
CUST015242,257,3,2065.82,2,4,4,At Risk
CUST015243,644,1,140.08,1,1,1,Lost
CUST015244,588,1,255.58,1,1,1,Lost
CUST015245,170,4,1360.58,3,4,3,Loyal Customer
CUST015247,463,1,1098.98,1,1,3,Lost
CUST015248,675,3,1281.29,1,4,3,At Risk
CUST015249,98,3,2012.59,4,4,4,Champion
CUST015251,186,6,3594.46,3,5,5,Loyal Customer
CUST015252,111,2,946.26,3,3,3,Loyal Customer
CUST015253,260,2,1234.53,2,3,3,At Risk
CUST015254,363,1,349.88,2,1,1,Lost
CUST015255,558,2,2044.1499999999999,1,3,4,At Risk
CUST015256,151,2,773.89,3,3,2,Loyal Customer
CUST015257,28,18,13400.050000000001,5,5,5,Champion
CUST015259,123,5,1995.06,3,5,4,Loyal Customer
CUST015262,120,1,831.93,3,1,2,Needs Attention
CUST015264,149,2,854.9,3,3,2,Loyal Customer
CUST015268,11,4,2306.93,5,4,4,Champion
CUST015269,40,2,1868.8500000000001,4,3,4,Loyal Customer
CUST015270,4,8,3458.69,5,5,5,Champion
CUST015272,36,9,3342.88,5,5,5,Champion
CUST015273,434,1,453.88,1,1,2,Lost
CUST015275,2,14,8816.26,5,5,5,Champion
CUST015277,617,1,332.25,1,1,1,Lost
CUST015278,93,5,5097.68,4,5,5,Champion
CUST015279,235,2,735.6800000000001,2,3,2,At Risk
CUST015280,180,2,825.1500000000001,3,3,2,Loyal Customer
CUST015281,317,1,536.08,2,1,2,Lost
CUST015284,31,4,2467.92,5,4,4,Champion
CUST015285,253,2,961.19,2,3,3,At Risk
CUST015286,20,24,16717.1,5,5,5,Champion
CUST015289,669,1,502.94,1,1,2,Lost
CUST015291,43,9,4275.68,4,5,5,Champion
CUST015292,4,4,1387.08,5,4,3,Loyal Customer
CUST015293,201,3,1255.8200000000002,3,4,3,Loyal Customer
CUST015294,8,4,3094.61,5,4,5,Champion
CUST015295,53,9,2990.5899999999997,4,5,5,Champion
CUST015296,98,3,2478.62,4,4,4,Champion
CUST015297,41,1,288.16,4,1,1,Needs Attention
CUST015298,20,10,2958.42,5,5,5,Champion
CUST015299,166,1,945.05,3,1,3,Needs Attention
CUST015302,44,8,5265.8,4,5,5,Champion
CUST015303,712,1,251.21,1,1,1,Lost
CUST015306,952,1,281.1,1,1,1,Lost
CUST015308,264,2,927.21,2,3,3,At Risk
CUST015310,558,4,2388.73,1,4,4,At Risk
CUST015312,195,1,223.34,3,1,1,Needs Attention
CUST015313,281,2,495.82,2,3,2,At Risk
CUST015314,347,1,677.84,2,1,2,Lost
CUST015316,51,5,3570.5499999999997,4,5,5,Champion
CUST015322,15,5,2134.85,5,5,4,Champion
CUST015325,26,8,5062.4,5,5,5,Champion
CUST015326,457,2,2341.27,1,3,4,At Risk
CUST015329,442,1,573.35,1,1,2,Lost
CUST015330,845,1,562.75,1,1,2,Lost
CUST015331,150,4,3221.65,3,4,5,Loyal Customer
CUST015332,133,8,5975.7,3,5,5,Loyal Customer
CUST015333,666,1,1430.03,1,1,3,Lost
CUST015334,664,1,979.05,1,1,3,Lost
CUST015336,121,2,706.6700000000001,3,3,2,Loyal Customer
CUST015339,412,1,582.72,1,1,2,Lost
CUST015340,14,13,7412.2,5,5,5,Champion
CUST015341,567,2,950.97,1,3,3,At Risk
CUST015342,403,2,840.6099999999999,1,3,2,At Risk
CUST015343,335,1,122.96,2,1,1,Lost
CUST015345,411,3,2361.76,1,4,4,At Risk
CUST015347,403,1,1676.66,1,1,4,Lost
CUST015351,5,18,10602.96,5,5,5,Champion
CUST015353,695,1,636.19,1,1,2,Lost
CUST015354,27,10,5515.76,5,5,5,Champion
CUST015355,497,2,699.64,1,3,2,At Risk
CUST015356,8,4,2449.4300000000003,5,4,4,Champion
CUST015357,356,1,362.71,2,1,1,Lost
CUST015358,120,1,200.78,3,1,1,Needs Attention
CUST015360,779,1,387.9,1,1,1,Lost
CUST015361,140,1,207.58,3,1,1,Needs Attention
CUST015364,93,5,3876.67,4,5,5,Champion
CUST015366,138,2,927.8,3,3,3,Loyal Customer
CUST015368,270,1,439.5,2,1,2,Lost
CUST015369,406,1,565.01,1,1,2,Lost
CUST015370,832,2,335.51,1,3,1,At Risk
CUST015371,99,1,680.31,4,1,2,Needs Attention
CUST015372,116,7,2711.68,3,5,4,Loyal Customer
CUST015373,51,5,4205.4400000000005,4,5,5,Champion
CUST015374,430,1,1425.22,1,1,3,Lost
CUST015375,67,4,2860.26,4,4,4,Champion
CUST015378,257,2,1005.65,2,3,3,At Risk
CUST015381,60,2,924.6099999999999,4,3,3,Loyal Customer
CUST015382,89,2,1043.4099999999999,4,3,3,Loyal Customer
CUST015384,655,1,155.37,1,1,1,Lost
CUST015388,12,6,3050.98,5,5,5,Champion
CUST015389,386,1,862.77,2,1,2,Lost
CUST015390,11,1,721.06,5,1,2,Needs Attention
CUST015391,74,7,1761.69,4,5,4,Champion
CUST015392,140,3,2673.8599999999997,3,4,4,Loyal Customer
CUST015394,259,1,170.77,2,1,1,Lost
CUST015395,99,6,2612.97,4,5,4,Champion
CUST015399,294,2,930.38,2,3,3,At Risk
CUST015401,399,3,707.99,1,4,2,At Risk
CUST015402,68,2,3323.0699999999997,4,3,5,Loyal Customer
CUST015403,675,1,411.8,1,1,1,Lost
CUST015404,571,1,338.52,1,1,1,Lost
CUST015406,244,5,4657.8,2,5,5,At Risk
CUST015408,106,2,1244.4,3,3,3,Loyal Customer
CUST015410,140,2,2969.0,3,3,5,Loyal Customer
CUST015411,981,1,57.09,1,1,1,Lost
CUST015416,421,1,279.55,1,1,1,Lost
CUST015417,339,1,461.71,2,1,2,Lost
CUST015418,245,1,295.69,2,1,1,Lost
CUST015421,799,1,353.9,1,1,1,Lost
CUST015423,137,5,1857.04,3,5,4,Loyal Customer
CUST015424,481,2,2507.1,1,3,4,At Risk
CUST015425,75,3,1970.8600000000001,4,4,4,Champion
CUST015429,124,1,478.9,3,1,2,Needs Attention
CUST015430,29,13,10016.03,5,5,5,Champion
CUST015431,26,3,848.1400000000001,5,4,2,Loyal Customer
CUST015432,242,2,1098.1399999999999,2,3,3,At Risk
CUST015433,80,14,9072.45,4,5,5,Champion
CUST015439,127,27,11763.779999999999,3,5,5,Loyal Customer
CUST015440,12,9,4664.22,5,5,5,Champion
CUST015441,42,3,2003.9499999999998,4,4,4,Champion
CUST015442,3,6,2605.2799999999997,5,5,4,Champion
CUST015444,324,1,363.23,2,1,1,Lost
CUST015445,19,1,1017.93,5,1,3,Needs Attention
CUST015448,12,4,1501.68,5,4,3,Loyal Customer
CUST015450,414,1,22.72,1,1,1,Lost
CUST015451,28,3,545.71,5,4,2,Loyal Customer
CUST015452,222,3,2495.76,2,4,4,At Risk
CUST015454,300,1,428.22,2,1,1,Lost
CUST015455,289,5,2606.19,2,5,4,At Risk
CUST015457,48,3,511.17,4,4,2,Loyal Customer
CUST015459,302,2,546.36,2,3,2,At Risk
CUST015460,341,2,478.88,2,3,2,At Risk
CUST015461,26,3,2042.4099999999999,5,4,4,Champion
CUST015462,680,1,693.91,1,1,2,Lost
CUST015464,178,4,1566.19,3,4,4,Loyal Customer
CUST015466,87,6,2855.37,4,5,4,Champion
CUST015467,240,6,3278.11,2,5,5,At Risk
CUST015468,49,2,326.32,4,3,1,Loyal Customer
CUST015469,2,94,55535.51,5,5,5,Champion
CUST015470,268,1,186.3,2,1,1,Lost
CUST015471,321,2,1886.7199999999998,2,3,4,At Risk
CUST015472,494,1,1408.24,1,1,3,Lost
CUST015473,76,1,413.67,4,1,1,Needs Attention
CUST015474,399,2,1178.92,1,3,3,At Risk
CUST015475,170,1,217.92,3,1,1,Needs Attention
CUST015476,92,3,1514.57,4,4,3,Loyal Customer
CUST015477,733,1,457.55,1,1,2,Lost
CUST015478,224,3,4039.36,2,4,5,At Risk
CUST015480,623,1,187.96,1,1,1,Lost
CUST015482,75,1,412.64,4,1,1,Needs Attention
CUST015483,83,4,4058.21,4,4,5,Champion
CUST015484,237,3,3385.13,2,4,5,At Risk
CUST015485,19,17,12127.710000000001,5,5,5,Champion
CUST015487,13,1,964.22,5,1,3,Needs Attention
CUST015488,171,1,253.4,3,1,1,Needs Attention
CUST015490,113,3,2034.6299999999999,3,4,4,Loyal Customer
CUST015494,170,2,909.25,3,3,3,Loyal Customer
CUST015495,290,5,5155.21,2,5,5,At Risk
CUST015497,227,2,1409.44,2,3,3,At Risk
CUST015498,447,1,703.4,1,1,2,Lost
CUST015500,206,6,3632.58,2,5,5,At Risk
CUST015501,18,4,2600.04,5,4,4,Champion
CUST015502,7,16,11584.49,5,5,5,Champion
CUST015504,70,3,3132.33,4,4,5,Champion
CUST015505,184,3,1697.87,3,4,4,Loyal Customer
CUST015506,20,10,7027.32,5,5,5,Champion
CUST015507,62,4,1867.6,4,4,4,Champion
CUST015508,86,2,826.13,4,3,2,Loyal Customer
CUST015511,243,1,204.98,2,1,1,Lost
CUST015512,48,3,2370.1800000000003,4,4,4,Champion
CUST015513,143,3,1554.42,3,4,3,Loyal Customer
CUST015514,235,4,3394.0600000000004,2,4,5,At Risk
CUST015517,240,6,5271.28,2,5,5,At Risk
CUST015519,568,1,600.1,1,1,2,Lost
CUST015520,393,4,2030.23,1,4,4,At Risk
CUST015521,417,2,1225.1399999999999,1,3,3,At Risk
CUST015522,284,1,253.4,2,1,1,Lost
CUST015523,165,1,115.56,3,1,1,Needs Attention
CUST015524,373,3,2118.8900000000003,2,4,4,At Risk
CUST015525,395,1,694.14,1,1,2,Lost
CUST015527,46,4,1927.6599999999999,4,4,4,Champion
CUST015528,12,14,8765.37,5,5,5,Champion
CUST015529,11,2,860.3499999999999,5,3,2,Loyal Customer
CUST015530,209,2,961.6400000000001,2,3,3,At Risk
CUST015531,293,3,2133.5299999999997,2,4,4,At Risk
CUST015532,255,3,1593.85,2,4,4,At Risk
CUST015533,196,2,697.87,3,3,2,Loyal Customer
CUST015536,466,5,3202.3,1,5,5,At Risk
CUST015538,421,1,661.86,1,1,2,Lost
CUST015540,519,1,650.75,1,1,2,Lost
CUST015543,18,7,2295.89,5,5,4,Champion
CUST015544,6,9,4796.38,5,5,5,Champion
CUST015545,352,1,805.23,2,1,2,Lost
CUST015546,59,15,12090.029999999999,4,5,5,Champion
CUST015547,145,2,985.06,3,3,3,Loyal Customer
CUST015550,54,4,1174.02,4,4,3,Loyal Customer
CUST015552,222,3,2350.11,2,4,4,At Risk
CUST015553,546,2,680.18,1,3,2,At Risk
CUST015554,162,1,242.8,3,1,1,Needs Attention
CUST015557,413,1,1437.44,1,1,3,Lost
CUST015559,415,1,89.46,1,1,1,Lost
CUST015560,46,5,1803.8600000000001,4,5,4,Champion
CUST015561,66,21,9818.08,4,5,5,Champion
CUST015565,844,1,897.86,1,1,3,Lost
CUST015566,64,4,4143.83,4,4,5,Champion
CUST015567,28,8,5015.8,5,5,5,Champion
CUST015568,383,9,4652.76,2,5,5,At Risk
CUST015569,443,2,820.5,1,3,2,At Risk
CUST015570,648,1,1768.04,1,1,4,Lost
CUST015573,41,5,2918.05,4,5,5,Champion
CUST015574,30,1,1356.87,5,1,3,Needs Attention
CUST015575,572,2,562.16,1,3,2,At Risk
CUST015578,33,2,1385.48,5,3,3,Loyal Customer
CUST015579,123,4,2905.92,3,4,5,Loyal Customer
CUST015582,325,2,1012.46,2,3,3,At Risk
CUST015588,245,3,1106.71,2,4,3,At Risk
CUST015590,553,1,177.86,1,1,1,Lost
CUST015592,37,2,404.51,5,3,1,Loyal Customer
CUST015593,339,1,619.8,2,1,2,Lost
CUST015595,50,2,246.51999999999998,4,3,1,Loyal Customer
CUST015596,410,1,678.71,1,1,2,Lost
CUST015597,250,1,1396.99,2,1,3,Lost
CUST015598,93,4,2665.18,4,4,4,Champion
CUST015599,327,1,1532.06,2,1,3,Lost
CUST015600,16,6,3538.62,5,5,5,Champion
CUST015601,84,5,3335.83,4,5,5,Champion
CUST015602,200,1,231.19,3,1,1,Needs Attention
CUST015603,70,2,882.99,4,3,3,Loyal Customer
CUST015605,354,1,1356.91,2,1,3,Lost
CUST015609,128,7,2398.8,3,5,4,Loyal Customer
CUST015610,182,1,175.41,3,1,1,Needs Attention
CUST015613,221,2,1785.81,2,3,4,At Risk
CUST015614,242,4,2225.38,2,4,4,At Risk
CUST015615,605,1,1074.11,1,1,3,Lost
CUST015616,68,10,3749.61,4,5,5,Champion
CUST015617,436,1,527.72,1,1,2,Lost
CUST015618,55,5,2262.66,4,5,4,Champion
CUST015620,340,2,1897.83,2,3,4,At Risk
CUST015621,9,21,13737.58,5,5,5,Champion
CUST015623,190,2,1110.25,3,3,3,Loyal Customer
CUST015624,54,2,507.58,4,3,2,Loyal Customer
CUST015627,571,1,321.12,1,1,1,Lost
CUST015629,34,8,5282.35,5,5,5,Champion
CUST015630,77,5,4124.7,4,5,5,Champion
CUST015632,360,2,663.9200000000001,2,3,2,At Risk
CUST015633,106,1,1502.96,3,1,3,Needs Attention
CUST015635,65,4,3006.56,4,4,5,Champion
CUST015636,190,1,281.99,3,1,1,Needs Attention
CUST015639,10,26,20008.51,5,5,5,Champion
CUST015641,875,1,28.19,1,1,1,Lost
CUST015642,572,1,467.49,1,1,2,Lost
CUST015643,159,2,1300.19,3,3,3,Loyal Customer
CUST015644,1,3,1554.27,5,4,3,Loyal Customer
CUST015645,132,4,4042.7,3,4,5,Loyal Customer
CUST015646,4,6,3913.65,5,5,5,Champion
CUST015647,175,3,2245.91,3,4,4,Loyal Customer
CUST015648,30,4,1861.6,5,4,4,Champion
CUST015650,390,2,2038.41,2,3,4,At Risk
CUST015651,216,3,1120.79,2,4,3,At Risk
CUST015653,577,1,625.24,1,1,2,Lost
CUST015654,292,1,508.86,2,1,2,Lost
CUST015655,2,7,4361.32,5,5,5,Champion
CUST015656,354,1,1056.76,2,1,3,Lost
CUST015657,607,1,350.37,1,1,1,Lost
CUST015658,309,2,433.03999999999996,2,3,1,At Risk
CUST015659,221,7,3869.6800000000003,2,5,5,At Risk
CUST015661,273,2,1238.77,2,3,3,At Risk
CUST015662,593,1,967.54,1,1,3,Lost
CUST015663,156,3,3407.78,3,4,5,Loyal Customer
CUST015665,40,1,496.42,4,1,2,Needs Attention
CUST015666,168,3,1261.31,3,4,3,Loyal Customer
CUST015667,247,1,640.16,2,1,2,Lost
CUST015670,16,7,1802.3799999999999,5,5,4,Champion
CUST015671,100,3,2386.59,4,4,4,Champion
CUST015674,172,2,308.21,3,3,1,Loyal Customer
CUST015675,338,1,421.7,2,1,1,Lost
CUST015676,217,1,658.87,2,1,2,Lost
CUST015677,359,4,2160.64,2,4,4,At Risk
CUST015679,52,3,696.18,4,4,2,Loyal Customer
CUST015680,132,4,2358.25,3,4,4,Loyal Customer
CUST015682,419,1,469.6,1,1,2,Lost
CUST015683,233,1,303.55,2,1,1,Lost
CUST015685,194,4,2577.9300000000003,3,4,4,Loyal Customer
CUST015686,38,9,5014.79,5,5,5,Champion
CUST015687,63,10,5951.84,4,5,5,Champion
CUST015688,46,1,700.07,4,1,2,Needs Attention
CUST015689,74,1,77.03,4,1,1,Needs Attention
CUST015690,334,2,1282.3000000000002,2,3,3,At Risk
CUST015694,46,3,2122.56,4,4,4,Champion
CUST015695,393,1,353.99,1,1,1,Lost
CUST015696,115,3,1630.37,3,4,4,Loyal Customer
CUST015697,128,2,884.4300000000001,3,3,3,Loyal Customer
CUST015699,282,1,923.71,2,1,3,Lost
CUST015700,226,2,1047.97,2,3,3,At Risk
CUST015701,41,3,1040.1100000000001,4,4,3,Loyal Customer
CUST015702,151,3,2116.74,3,4,4,Loyal Customer
CUST015703,421,2,1386.91,1,3,3,At Risk
CUST015705,65,4,2700.05,4,4,4,Champion
CUST015707,298,1,175.71,2,1,1,Lost
CUST015708,7,3,1850.45,5,4,4,Champion
CUST015709,49,2,960.52,4,3,3,Loyal Customer
CUST015711,58,1,428.2,4,1,1,Needs Attention
CUST015713,181,1,252.0,3,1,1,Needs Attention
CUST015714,347,1,854.52,2,1,2,Lost
CUST015716,6,3,821.46,5,4,2,Loyal Customer
CUST015717,535,1,320.28,1,1,1,Lost
CUST015721,153,3,1340.2,3,4,3,Loyal Customer
CUST015722,319,3,3287.98,2,4,5,At Risk
CUST015723,6,12,7769.12,5,5,5,Champion
CUST015724,44,6,2065.37,4,5,4,Champion
CUST015725,647,1,984.8,1,1,3,Lost
CUST015726,342,2,351.59999999999997,2,3,1,At Risk
CUST015732,248,5,3439.2,2,5,5,At Risk
CUST015734,250,2,1040.22,2,3,3,At Risk
CUST015735,21,10,6468.61,5,5,5,Champion
CUST015736,9,47,34674.44,5,5,5,Champion
CUST015737,25,10,2424.29,5,5,4,Champion
CUST015738,780,2,939.72,1,3,3,At Risk
CUST015739,650,3,2940.6099999999997,1,4,5,At Risk
CUST015741,282,3,2401.09,2,4,4,At Risk
CUST015742,455,2,1464.45,1,3,3,At Risk
CUST015743,102,8,3268.82,3,5,5,Loyal Customer
CUST015744,245,1,180.6,2,1,1,Lost
CUST015745,106,1,484.66,3,1,2,Needs Attention
CUST015746,36,16,7447.36,5,5,5,Champion
CUST015747,22,20,15028.63,5,5,5,Champion
CUST015750,85,2,2403.1,4,3,4,Loyal Customer
CUST015752,143,6,2648.98,3,5,4,Loyal Customer
CUST015754,883,1,777.51,1,1,2,Lost
CUST015755,93,3,2170.76,4,4,4,Champion
CUST015756,307,1,636.97,2,1,2,Lost
CUST015759,16,5,2409.69,5,5,4,Champion
CUST015760,198,1,579.06,3,1,2,Needs Attention
CUST015761,282,2,2126.91,2,3,4,At Risk
CUST015762,423,2,774.73,1,3,2,At Risk
CUST015764,15,6,2877.2000000000003,5,5,4,Champion
CUST015767,427,1,693.76,1,1,2,Lost
CUST015768,59,10,6322.5599999999995,4,5,5,Champion
CUST015769,35,1,251.49,5,1,1,Needs Attention
CUST015770,59,2,1079.1,4,3,3,Loyal Customer
CUST015771,5,17,8362.36,5,5,5,Champion
CUST015772,136,2,710.21,3,3,2,Loyal Customer
CUST015773,130,4,3310.12,3,4,5,Loyal Customer
CUST015774,674,1,366.69,1,1,1,Lost
CUST015775,2,2,2451.3199999999997,5,3,4,Loyal Customer
CUST015778,146,2,1199.26,3,3,3,Loyal Customer
CUST015779,36,21,8172.1,5,5,5,Champion
CUST015781,635,2,1068.01,1,3,3,At Risk
CUST015783,293,2,3055.02,2,3,5,At Risk
CUST015784,135,3,1133.18,3,4,3,Loyal Customer
CUST015786,442,3,1467.7,1,4,3,At Risk
CUST015787,716,1,18.65,1,1,1,Lost
CUST015788,73,2,377.75,4,3,1,Loyal Customer
CUST015792,192,5,5206.49,3,5,5,Loyal Customer
CUST015793,551,1,987.7,1,1,3,Lost
CUST015799,282,1,473.94,2,1,2,Lost
CUST015800,39,22,11500.94,5,5,5,Champion
CUST015802,53,4,2304.13,4,4,4,Champion
CUST015804,25,3,1374.96,5,4,3,Loyal Customer
CUST015805,156,2,1495.6,3,3,3,Loyal Customer
CUST015806,309,2,879.29,2,3,3,At Risk
CUST015807,332,2,901.1400000000001,2,3,3,At Risk
CUST015808,141,7,3500.4700000000003,3,5,5,Loyal Customer
CUST015810,383,1,425.73,2,1,1,Lost
CUST015811,572,1,178.3,1,1,1,Lost
CUST015813,58,2,1108.01,4,3,3,Loyal Customer
CUST015814,147,5,2019.5,3,5,4,Loyal Customer
CUST015816,565,1,30.67,1,1,1,Lost
CUST015817,13,4,2721.73,5,4,4,Champion
CUST015818,588,1,569.44,1,1,2,Lost
CUST015819,189,6,2555.99,3,5,4,Loyal Customer
CUST015823,68,2,2627.2,4,3,4,Loyal Customer
CUST015824,272,3,2956.62,2,4,5,At Risk
CUST015825,3,3,1095.27,5,4,3,Loyal Customer
CUST015826,1,3,725.3399999999999,5,4,2,Loyal Customer
CUST015827,296,3,925.36,2,4,3,At Risk
CUST015829,201,5,3744.75,3,5,5,Loyal Customer
CUST015834,199,2,538.51,3,3,2,Loyal Customer
CUST015835,240,1,436.53,2,1,1,Lost
CUST015836,102,8,6063.98,3,5,5,Loyal Customer
CUST015837,227,2,1563.73,2,3,4,At Risk
CUST015838,89,2,439.15,4,3,2,Loyal Customer
CUST015842,11,2,1401.8600000000001,5,3,3,Loyal Customer
CUST015843,244,4,1526.6,2,4,3,At Risk
CUST015844,269,1,370.2,2,1,1,Lost
CUST015845,729,1,310.05,1,1,1,Lost
CUST015846,17,6,3056.17,5,5,5,Champion
CUST015847,330,4,1384.3100000000002,2,4,3,At Risk
CUST015848,305,2,579.37,2,3,2,At Risk
CUST015849,55,5,2119.13,4,5,4,Champion
CUST015852,250,2,3129.76,2,3,5,At Risk
CUST015853,118,2,706.1600000000001,3,3,2,Loyal Customer
CUST015856,294,3,1289.8700000000001,2,4,3,At Risk
CUST015857,77,3,1869.74,4,4,4,Champion
CUST015858,102,3,2900.26,3,4,4,Loyal Customer
CUST015859,131,4,2815.9500000000003,3,4,4,Loyal Customer
CUST015861,9,1,489.65,5,1,2,Needs Attention
CUST015862,173,2,2119.29,3,3,4,Loyal Customer
CUST015864,568,2,1198.22,1,3,3,At Risk
CUST015867,50,1,1059.02,4,1,3,Needs Attention
CUST015869,730,1,286.47,1,1,1,Lost
CUST015871,789,1,464.69,1,1,2,Lost
CUST015872,214,1,302.34,2,1,1,Lost
CUST015875,25,2,512.06,5,3,2,Loyal Customer
CUST015876,74,1,281.16,4,1,1,Needs Attention
CUST015877,6,4,751.46,5,4,2,Loyal Customer
CUST015880,436,1,440.06,1,1,2,Lost
CUST015881,69,4,2296.77,4,4,4,Champion
CUST015883,20,44,22986.17,5,5,5,Champion
CUST015884,18,1,155.29,5,1,1,Needs Attention
CUST015885,536,1,452.93,1,1,2,Lost
CUST015886,136,2,1311.8,3,3,3,Loyal Customer
CUST015887,73,3,1140.19,4,4,3,Loyal Customer
CUST015888,120,1,426.31,3,1,1,Needs Attention
CUST015889,203,2,1406.38,3,3,3,Loyal Customer
CUST015890,234,2,853.82,2,3,2,At Risk
CUST015892,161,1,682.26,3,1,2,Needs Attention
CUST015893,104,3,1523.81,3,4,3,Loyal Customer
CUST015895,1,8,3478.59,5,5,5,Champion
CUST015897,28,6,1915.0700000000002,5,5,4,Champion
CUST015898,424,3,1216.23,1,4,3,At Risk
CUST015899,268,1,382.48,2,1,1,Lost
CUST015900,79,4,2282.25,4,4,4,Champion
CUST015901,111,7,3221.13,3,5,5,Loyal Customer
CUST015902,242,1,959.33,2,1,3,Lost
CUST015903,104,2,375.6,3,3,1,Loyal Customer
CUST015905,164,1,368.81,3,1,1,Needs Attention
CUST015906,83,6,4883.63,4,5,5,Champion
CUST015907,260,1,824.94,2,1,2,Lost
CUST015909,526,2,589.33,1,3,2,At Risk
CUST015910,495,1,469.6,1,1,2,Lost
CUST015913,534,1,965.13,1,1,3,Lost
CUST015916,5,34,19773.28,5,5,5,Champion
CUST015917,6,10,6108.88,5,5,5,Champion
CUST015918,627,1,2346.16,1,1,4,Lost
CUST015919,324,1,2127.37,2,1,4,Lost
CUST015920,493,1,1354.58,1,1,3,Lost
CUST015921,250,4,1492.6100000000001,2,4,3,At Risk
CUST015923,79,10,6521.95,4,5,5,Champion
CUST015925,134,2,356.02,3,3,1,Loyal Customer
CUST015927,199,1,77.19,3,1,1,Needs Attention
CUST015928,14,2,882.94,5,3,3,Loyal Customer
CUST015929,197,4,1874.8600000000001,3,4,4,Loyal Customer
CUST015930,23,1,656.07,5,1,2,Needs Attention
CUST015932,56,5,1315.4699999999998,4,5,3,Loyal Customer
CUST015933,23,2,1078.49,5,3,3,Loyal Customer
CUST015936,11,3,2010.94,5,4,4,Champion
CUST015937,473,1,488.47,1,1,2,Lost
CUST015938,1,9,4421.11,5,5,5,Champion
CUST015939,772,1,249.37,1,1,1,Lost
CUST015940,73,2,1128.05,4,3,3,Loyal Customer
CUST015942,464,1,558.78,1,1,2,Lost
CUST015947,398,1,559.71,1,1,2,Lost
CUST015950,146,2,2718.31,3,3,4,Loyal Customer
CUST015951,4,8,2826.6,5,5,4,Champion
CUST015952,315,1,686.34,2,1,2,Lost
CUST015953,1,1,114.66,5,1,1,Needs Attention
CUST015954,79,1,361.7,4,1,1,Needs Attention
CUST015955,197,2,2168.0699999999997,3,3,4,Loyal Customer
CUST015956,5,4,2263.65,5,4,4,Champion
CUST015959,261,2,553.1899999999999,2,3,2,At Risk
CUST015960,114,8,4248.27,3,5,5,Loyal Customer
CUST015961,109,3,1071.55,3,4,3,Loyal Customer
CUST015963,348,3,3370.12,2,4,5,At Risk
CUST015965,168,1,611.43,3,1,2,Needs Attention
CUST015966,386,1,434.6,2,1,1,Lost
CUST015967,258,3,2955.89,2,4,5,At Risk
CUST015968,21,3,1552.7,5,4,3,Loyal Customer
CUST015969,185,2,725.19,3,3,2,Loyal Customer
CUST015970,152,4,1766.15,3,4,4,Loyal Customer
CUST015972,203,1,125.78,3,1,1,Needs Attention
CUST015973,28,3,3105.7599999999998,5,4,5,Champion
CUST015978,332,2,2180.74,2,3,4,At Risk
CUST015980,41,14,6435.12,4,5,5,Champion
CUST015981,16,6,4762.0,5,5,5,Champion
CUST015984,581,1,387.82,1,1,1,Lost
CUST015987,64,4,4188.59,4,4,5,Champion
CUST015988,376,3,1449.32,2,4,3,At Risk
CUST015989,77,7,6002.58,4,5,5,Champion
CUST015991,156,3,927.95,3,4,3,Loyal Customer
CUST015992,136,2,571.13,3,3,2,Loyal Customer
CUST015993,117,1,976.1,3,1,3,Needs Attention
CUST015994,58,1,303.55,4,1,1,Needs Attention
CUST015995,178,2,1750.05,3,3,4,Loyal Customer
CUST015996,600,1,715.13,1,1,2,Lost
CUST015997,23,34,15834.18,5,5,5,Champion
CUST015998,24,6,3755.1899999999996,5,5,5,Champion
CUST016000,183,1,518.35,3,1,2,Needs Attention
CUST016002,190,2,698.51,3,3,2,Loyal Customer
CUST016003,36,2,1194.78,5,3,3,Loyal Customer
CUST016006,96,6,4683.65,4,5,5,Champion
CUST016008,36,3,849.06,5,4,2,Loyal Customer
CUST016009,10,5,2487.7200000000003,5,5,4,Champion
CUST016011,142,5,3039.9,3,5,5,Loyal Customer
CUST016014,131,3,2199.94,3,4,4,Loyal Customer
CUST016015,9,8,3397.2700000000004,5,5,5,Champion
CUST016016,125,2,813.9399999999999,3,3,2,Loyal Customer
CUST016018,18,26,14433.74,5,5,5,Champion
CUST016020,197,1,296.75,3,1,1,Needs Attention
CUST016022,425,1,222.66,1,1,1,Lost
CUST016023,73,8,6423.86,4,5,5,Champion
CUST016024,35,6,2968.79,5,5,5,Champion
CUST016025,738,2,2102.68,1,3,4,At Risk
CUST016026,310,1,1377.4,2,1,3,Lost
CUST016027,22,8,3014.96,5,5,5,Champion
CUST016030,100,2,2547.46,4,3,4,Loyal Customer
CUST016031,53,1,105.08,4,1,1,Needs Attention
CUST016033,34,14,6639.2,5,5,5,Champion
CUST016035,110,2,2123.5299999999997,3,3,4,Loyal Customer
CUST016036,43,3,2106.0299999999997,4,4,4,Champion
CUST016039,95,6,3399.94,4,5,5,Champion
CUST016041,885,2,1197.63,1,3,3,At Risk
CUST016042,103,1,1496.46,3,1,3,Needs Attention
CUST016043,220,3,1175.03,2,4,3,At Risk
CUST016046,198,2,467.47,3,3,2,Loyal Customer
CUST016047,186,1,324.94,3,1,1,Needs Attention
CUST016048,791,1,1292.88,1,1,3,Lost
CUST016049,163,1,35.21,3,1,1,Needs Attention
CUST016050,177,3,1227.1,3,4,3,Loyal Customer
CUST016051,615,1,274.98,1,1,1,Lost
CUST016052,204,2,747.28,2,3,2,At Risk
CUST016053,39,6,3322.12,5,5,5,Champion
CUST016054,527,1,252.44,1,1,1,Lost
CUST016055,291,3,1583.3,2,4,4,At Risk
CUST016056,233,3,646.28,2,4,2,At Risk
CUST016057,884,1,44.73,1,1,1,Lost
CUST016059,1,28,15169.630000000001,5,5,5,Champion
CUST016061,23,18,7960.83,5,5,5,Champion
CUST016063,187,1,436.44,3,1,1,Needs Attention
CUST016064,4,3,2317.07,5,4,4,Champion
CUST016066,464,1,1001.22,1,1,3,Lost
CUST016067,303,1,590.38,2,1,2,Lost
CUST016068,5,5,2128.6299999999997,5,5,4,Champion
CUST016071,83,2,933.02,4,3,3,Loyal Customer
CUST016073,62,2,556.88,4,3,2,Loyal Customer
CUST016075,61,1,887.22,4,1,3,Needs Attention
CUST016077,85,3,1068.65,4,4,3,Loyal Customer
CUST016078,186,2,194.13,3,3,1,Loyal Customer
CUST016080,97,2,391.78,4,3,1,Loyal Customer
CUST016081,152,4,1418.36,3,4,3,Loyal Customer
CUST016082,207,2,1294.15,2,3,3,At Risk
CUST016084,64,17,14310.55,4,5,5,Champion
CUST016085,394,2,553.89,1,3,2,At Risk
CUST016086,437,3,1018.04,1,4,3,At Risk
CUST016087,432,1,369.93,1,1,1,Lost
CUST016088,147,1,436.93,3,1,2,Needs Attention
CUST016090,361,3,1959.5,2,4,4,At Risk
CUST016091,177,2,468.17999999999995,3,3,2,Loyal Customer
CUST016093,464,1,700.07,1,1,2,Lost
CUST016094,141,3,1798.1,3,4,4,Loyal Customer
CUST016095,6,2,2130.3,5,3,4,Loyal Customer
CUST016100,429,1,293.43,1,1,1,Lost
CUST016101,99,5,3749.31,4,5,5,Champion
CUST016102,502,1,189.09,1,1,1,Lost
CUST016103,146,1,93.11,3,1,1,Needs Attention
CUST016105,949,1,71.16,1,1,1,Lost
CUST016106,123,3,1198.71,3,4,3,Loyal Customer
CUST016110,527,1,268.53,1,1,1,Lost
CUST016111,532,2,868.3,1,3,2,At Risk
CUST016112,96,1,350.51,4,1,1,Needs Attention
CUST016115,76,1,178.93,4,1,1,Needs Attention
CUST016116,748,1,1000.7,1,1,3,Lost
CUST016117,13,4,3869.5299999999997,5,4,5,Champion
CUST016119,478,2,1623.6799999999998,1,3,4,At Risk
CUST016120,625,2,973.44,1,3,3,At Risk
CUST016121,3,1,170.77,5,1,1,Needs Attention
CUST016122,254,2,546.96,2,3,2,At Risk
CUST016123,263,1,405.72,2,1,1,Lost
CUST016124,34,5,2985.15,5,5,5,Champion
CUST016125,136,3,1260.07,3,4,3,Loyal Customer
CUST016126,695,1,250.35,1,1,1,Lost
CUST016127,133,1,381.18,3,1,1,Needs Attention
CUST016131,194,5,3912.75,3,5,5,Loyal Customer
CUST016132,880,1,353.99,1,1,1,Lost
CUST016133,77,2,1137.3500000000001,4,3,3,Loyal Customer
CUST016135,140,1,661.78,3,1,2,Needs Attention
CUST016137,134,5,2291.4,3,5,4,Loyal Customer
CUST016138,103,21,8284.94,3,5,5,Loyal Customer
CUST016139,135,2,753.78,3,3,2,Loyal Customer
CUST016142,37,2,1126.56,5,3,3,Loyal Customer
CUST016143,57,7,3362.09,4,5,5,Champion
CUST016144,42,1,131.16,4,1,1,Needs Attention
CUST016145,377,1,494.18,2,1,2,Lost
CUST016148,47,1,520.77,4,1,2,Needs Attention
CUST016149,483,2,1237.6399999999999,1,3,3,At Risk
CUST016151,75,3,2424.5499999999997,4,4,4,Champion
CUST016152,197,7,5096.5,3,5,5,Loyal Customer
CUST016153,253,4,1634.9,2,4,4,At Risk
CUST016154,514,1,503.18,1,1,2,Lost
CUST016155,52,6,3824.0299999999997,4,5,5,Champion
CUST016156,10,1,496.57,5,1,2,Needs Attention
CUST016157,313,1,314.93,2,1,1,Lost
CUST016158,95,2,791.9,4,3,2,Loyal Customer
CUST016159,18,8,3721.15,5,5,5,Champion
CUST016161,256,1,60.2,2,1,1,Lost
CUST016162,2,6,1531.43,5,5,3,Loyal Customer
CUST016163,51,8,5166.06,4,5,5,Champion
CUST016164,261,4,2702.73,2,4,4,At Risk
CUST016166,1,6,2708.14,5,5,4,Champion
CUST016167,2,22,12195.36,5,5,5,Champion
CUST016170,15,2,826.29,5,3,2,Loyal Customer
CUST016174,23,7,3212.43,5,5,5,Champion
CUST016176,372,5,1812.6,2,5,4,At Risk
CUST016177,66,5,3742.3599999999997,4,5,5,Champion
CUST016178,269,4,1670.6399999999999,2,4,4,At Risk
CUST016180,212,2,1619.65,2,3,4,At Risk
CUST016181,172,1,701.0,3,1,2,Needs Attention
CUST016182,182,4,744.34,3,4,2,Loyal Customer
CUST016183,675,2,1033.47,1,3,3,At Risk
CUST016185,788,1,811.93,1,1,2,Lost
CUST016186,999,1,315.99,1,1,1,Lost
CUST016187,31,4,1911.51,5,4,4,Champion
CUST016188,48,2,261.62,4,3,1,Loyal Customer
CUST016189,263,2,1611.07,2,3,4,At Risk
CUST016191,326,5,2200.56,2,5,4,At Risk
CUST016192,138,2,2818.21,3,3,4,Loyal Customer
CUST016193,26,7,2270.84,5,5,4,Champion
CUST016195,231,2,1425.84,2,3,3,At Risk
CUST016196,623,2,517.58,1,3,2,At Risk
CUST016198,978,1,860.69,1,1,2,Lost
CUST016199,587,1,1733.97,1,1,4,Lost
CUST016200,102,1,159.75,3,1,1,Needs Attention
CUST016201,355,1,61.34,2,1,1,Lost
CUST016202,460,1,334.79,1,1,1,Lost
CUST016203,5,4,3572.11,5,4,5,Champion
CUST016204,543,1,464.96,1,1,2,Lost
CUST016206,824,1,394.01,1,1,1,Lost
CUST016210,7,2,254.7,5,3,1,Loyal Customer
CUST016212,22,4,3100.36,5,4,5,Champion
CUST016213,61,4,3579.7200000000003,4,4,5,Champion
CUST016215,106,1,308.29,3,1,1,Needs Attention
CUST016216,763,2,848.61,1,3,2,At Risk
CUST016218,4,4,1821.99,5,4,4,Champion
CUST016219,619,1,99.37,1,1,1,Lost
CUST016222,200,1,170.77,3,1,1,Needs Attention
CUST016223,98,7,4858.5,4,5,5,Champion
CUST016224,183,1,242.2,3,1,1,Needs Attention
CUST016229,371,1,395.16,2,1,1,Lost
CUST016231,373,1,367.02,2,1,1,Lost
CUST016233,218,4,3211.65,2,4,5,At Risk
CUST016234,252,3,1077.6399999999999,2,4,3,At Risk
CUST016235,695,1,573.4,1,1,2,Lost
CUST016236,307,1,655.76,2,1,2,Lost
CUST016237,315,1,125.04,2,1,1,Lost
CUST016240,185,1,243.07,3,1,1,Needs Attention
CUST016241,566,1,996.06,1,1,3,Lost
CUST016244,49,2,697.0899999999999,4,3,2,Loyal Customer
CUST016248,330,1,814.23,2,1,2,Lost
CUST016250,110,3,2035.29,3,4,4,Loyal Customer
CUST016251,717,1,361.3,1,1,1,Lost
CUST016252,8,25,10880.31,5,5,5,Champion
CUST016253,191,1,545.95,3,1,2,Needs Attention
CUST016255,156,2,1501.6599999999999,3,3,3,Loyal Customer
CUST016257,269,1,205.16,2,1,1,Lost
CUST016259,364,2,1111.46,2,3,3,At Risk
CUST016263,497,1,655.84,1,1,2,Lost
CUST016264,373,2,2124.34,2,3,4,At Risk
CUST016267,124,1,551.38,3,1,2,Needs Attention
CUST016270,60,9,1894.31,4,5,4,Champion
CUST016272,123,4,1099.17,3,4,3,Loyal Customer
CUST016273,118,14,7371.54,3,5,5,Loyal Customer
CUST016274,431,2,495.2,1,3,2,At Risk
CUST016276,109,12,4940.43,3,5,5,Loyal Customer
CUST016277,264,3,792.1600000000001,2,4,2,At Risk
CUST016278,12,12,5094.45,5,5,5,Champion
CUST016279,65,1,356.28,4,1,1,Needs Attention
CUST016280,58,6,3797.13,4,5,5,Champion
CUST016281,75,3,2817.33,4,4,4,Champion
CUST016282,87,3,1769.5700000000002,4,4,4,Champion
CUST016283,224,1,251.49,2,1,1,Lost
CUST016285,55,7,3984.09,4,5,5,Champion
CUST016286,100,3,1125.33,4,4,3,Loyal Customer
CUST016287,90,2,1058.3600000000001,4,3,3,Loyal Customer
CUST016288,653,1,446.81,1,1,2,Lost
CUST016289,187,1,1185.05,3,1,3,Needs Attention
CUST016291,69,1,118.61,4,1,1,Needs Attention
CUST016293,446,5,3242.54,1,5,5,At Risk
CUST016294,203,2,1309.02,3,3,3,Loyal Customer
CUST016295,198,1,573.35,3,1,2,Needs Attention
CUST016296,66,1,313.78,4,1,1,Needs Attention
CUST016299,82,6,3404.94,4,5,5,Champion
CUST016300,775,1,562.32,1,1,2,Lost
CUST016302,117,3,2657.42,3,4,4,Loyal Customer
CUST016303,283,4,4002.82,2,4,5,At Risk
CUST016305,389,1,606.25,2,1,2,Lost
CUST016307,645,1,862.81,1,1,2,Lost
CUST016311,703,1,186.88,1,1,1,Lost
CUST016314,492,4,1665.69,1,4,4,At Risk
CUST016315,805,1,389.05,1,1,1,Lost
CUST016317,147,4,2917.04,3,4,5,Loyal Customer
CUST016319,17,4,2605.37,5,4,4,Champion
CUST016322,346,2,712.52,2,3,2,At Risk
CUST016323,12,15,10599.17,5,5,5,Champion
CUST016324,125,1,908.82,3,1,3,Needs Attention
CUST016325,111,4,3829.57,3,4,5,Loyal Customer
CUST016329,160,3,1862.53,3,4,4,Loyal Customer
CUST016330,522,1,661.78,1,1,2,Lost
CUST016332,87,2,1160.82,4,3,3,Loyal Customer
CUST016333,234,1,1122.28,2,1,3,Lost
CUST016336,27,15,8188.48,5,5,5,Champion
CUST016337,678,1,1135.44,1,1,3,Lost
CUST016338,25,39,20491.63,5,5,5,Champion
CUST016341,60,7,5490.3099999999995,4,5,5,Champion
CUST016342,116,2,732.56,3,3,2,Loyal Customer
CUST016344,716,1,251.72,1,1,1,Lost
CUST016346,300,2,522.8199999999999,2,3,2,At Risk
CUST016347,63,2,1203.18,4,3,3,Loyal Customer
CUST016349,60,6,3979.7200000000003,4,5,5,Champion
CUST016350,106,1,840.67,3,1,2,Needs Attention
CUST016351,58,1,74.91,4,1,1,Needs Attention
CUST016353,66,5,2063.28,4,5,4,Champion
CUST016355,180,1,232.13,3,1,1,Needs Attention
CUST016356,59,4,1689.42,4,4,4,Champion
CUST016357,793,1,1053.23,1,1,3,Lost
CUST016358,619,1,1406.54,1,1,3,Lost
CUST016360,92,5,4255.39,4,5,5,Champion
CUST016361,191,1,1642.77,3,1,4,Needs Attention
CUST016362,123,11,4382.97,3,5,5,Loyal Customer
CUST016366,590,1,298.93,1,1,1,Lost
CUST016367,996,1,1717.26,1,1,4,Lost
CUST016368,14,5,3204.7,5,5,5,Champion
CUST016369,58,5,2469.3199999999997,4,5,4,Champion
CUST016370,470,1,2828.46,1,1,4,Lost
CUST016372,1020,1,352.52,1,1,1,Lost
CUST016373,39,8,5397.05,5,5,5,Champion
CUST016375,304,1,216.65,2,1,1,Lost
CUST016377,19,88,47627.61,5,5,5,Champion
CUST016380,426,1,591.43,1,1,2,Lost
CUST016381,865,1,330.26,1,1,1,Lost
CUST016382,267,1,293.72,2,1,1,Lost
CUST016384,206,2,403.88,2,3,1,At Risk
CUST016385,201,2,1423.4099999999999,3,3,3,Loyal Customer
CUST016386,78,1,540.58,4,1,2,Needs Attention
CUST016387,115,4,2262.46,3,4,4,Loyal Customer
CUST016388,29,23,11959.04,5,5,5,Champion
CUST016389,147,6,6306.14,3,5,5,Loyal Customer
CUST016390,19,4,1839.07,5,4,4,Champion
CUST016392,612,1,740.5,1,1,2,Lost
CUST016396,29,4,2589.61,5,4,4,Champion
CUST016397,214,2,1849.11,2,3,4,At Risk
CUST016399,2,5,3034.23,5,5,5,Champion
CUST016400,17,9,4470.33,5,5,5,Champion
CUST016401,159,2,2412.9900000000002,3,3,4,Loyal Customer
CUST016402,721,2,551.16,1,3,2,At Risk
CUST016403,9,1,421.91,5,1,1,Needs Attention
CUST016404,37,11,6703.62,5,5,5,Champion
CUST016406,31,7,4825.38,5,5,5,Champion
CUST016407,95,5,3066.14,4,5,5,Champion
CUST016408,625,2,1530.69,1,3,3,At Risk
CUST016409,11,4,1545.31,5,4,3,Loyal Customer
CUST016410,594,2,1003.92,1,3,3,At Risk
CUST016411,67,5,3346.28,4,5,5,Champion
CUST016412,192,3,1835.8200000000002,3,4,4,Loyal Customer
CUST016414,167,1,505.48,3,1,2,Needs Attention
CUST016416,168,4,3178.24,3,4,5,Loyal Customer
CUST016417,152,3,1496.99,3,4,3,Loyal Customer
CUST016418,3,3,1152.94,5,4,3,Loyal Customer
CUST016419,547,1,247.0,1,1,1,Lost
CUST016420,73,2,1775.88,4,3,4,Loyal Customer
CUST016421,138,1,1700.85,3,1,4,Needs Attention
CUST016423,75,2,931.9499999999999,4,3,3,Loyal Customer
CUST016424,124,2,3070.4,3,3,5,Loyal Customer
CUST016427,477,3,1784.09,1,4,4,At Risk
CUST016428,93,2,1106.99,4,3,3,Loyal Customer
CUST016430,133,4,1660.21,3,4,4,Loyal Customer
CUST016431,123,1,1810.84,3,1,4,Needs Attention
CUST016432,33,4,1065.59,5,4,3,Loyal Customer
CUST016435,93,2,1340.3200000000002,4,3,3,Loyal Customer
CUST016437,11,16,8045.87,5,5,5,Champion
CUST016440,15,3,2406.92,5,4,4,Champion
CUST016441,20,2,876.45,5,3,3,Loyal Customer
CUST016443,169,5,1440.73,3,5,3,Loyal Customer
CUST016444,47,3,1380.35,4,4,3,Loyal Customer
CUST016446,3,4,3648.0099999999998,5,4,5,Champion
CUST016447,581,1,1317.37,1,1,3,Lost
CUST016449,65,4,3387.48,4,4,5,Champion
CUST016450,99,1,110.47,4,1,1,Needs Attention
CUST016451,313,3,1899.46,2,4,4,At Risk
CUST016452,551,1,2316.8,1,1,4,Lost
CUST016453,18,3,1217.79,5,4,3,Loyal Customer
CUST016455,3,9,6294.75,5,5,5,Champion
CUST016456,648,1,589.06,1,1,2,Lost
CUST016457,529,1,523.87,1,1,2,Lost
CUST016458,28,13,7022.75,5,5,5,Champion
CUST016459,50,4,3487.49,4,4,5,Champion
CUST016461,26,1,806.5,5,1,2,Needs Attention
CUST016462,176,3,2122.6,3,4,4,Loyal Customer
CUST016464,8,7,3690.01,5,5,5,Champion
CUST016465,432,2,1128.22,1,3,3,At Risk
CUST016466,156,4,2562.34,3,4,4,Loyal Customer
CUST016467,246,1,455.16,2,1,2,Lost
CUST016468,821,1,535.7,1,1,2,Lost
CUST016469,139,1,294.16,3,1,1,Needs Attention
CUST016472,48,11,7011.79,4,5,5,Champion
CUST016473,147,4,3342.79,3,4,5,Loyal Customer
CUST016474,49,4,1597.8899999999999,4,4,4,Champion
CUST016477,367,2,1316.42,2,3,3,At Risk
CUST016479,30,2,497.57,5,3,2,Loyal Customer
CUST016480,248,3,2492.32,2,4,4,At Risk
CUST016481,288,1,621.76,2,1,2,Lost
CUST016483,48,2,2183.13,4,3,4,Loyal Customer
CUST016484,154,1,608.18,3,1,2,Needs Attention
CUST016485,39,7,2882.9900000000002,5,5,4,Champion
CUST016486,46,5,2072.69,4,5,4,Champion
CUST016487,182,1,617.16,3,1,2,Needs Attention
CUST016488,72,14,6935.459999999999,4,5,5,Champion
CUST016490,36,27,10154.61,5,5,5,Champion
CUST016491,50,3,1026.44,4,4,3,Loyal Customer
CUST016492,395,1,384.72,1,1,1,Lost
CUST016493,24,1,607.96,5,1,2,Needs Attention
CUST016494,723,1,1547.71,1,1,3,Lost
CUST016497,2,2,1046.67,5,3,3,Loyal Customer
CUST016498,226,3,2520.52,2,4,4,At Risk
CUST016499,41,6,5466.71,4,5,5,Champion
CUST016500,10,1,1733.66,5,1,4,Needs Attention
CUST016501,35,7,4904.139999999999,5,5,5,Champion
CUST016505,975,1,1188.69,1,1,3,Lost
CUST016508,47,5,3150.2599999999998,4,5,5,Champion
CUST016510,294,2,880.0,2,3,3,At Risk
CUST016511,65,9,3162.6800000000003,4,5,5,Champion
CUST016512,816,3,2713.2,1,4,4,At Risk
CUST016513,167,4,5552.57,3,4,5,Loyal Customer
CUST016514,704,1,986.75,1,1,3,Lost
CUST016516,15,1,612.22,5,1,2,Needs Attention
CUST016518,161,2,2364.34,3,3,4,Loyal Customer
CUST016519,72,4,2570.9700000000003,4,4,4,Champion
CUST016520,90,3,1769.3200000000002,4,4,4,Champion
CUST016523,170,2,751.17,3,3,2,Loyal Customer
CUST016524,127,2,781.61,3,3,2,Loyal Customer
CUST016525,336,1,1275.56,2,1,3,Lost
CUST016526,600,1,1323.56,1,1,3,Lost
CUST016528,968,1,1048.78,1,1,3,Lost
CUST016529,158,5,3699.3,3,5,5,Loyal Customer
CUST016530,35,4,1015.27,5,4,3,Loyal Customer
CUST016531,80,3,760.22,4,4,2,Loyal Customer
CUST016532,68,13,6872.03,4,5,5,Champion
CUST016533,580,1,659.39,1,1,2,Lost
CUST016534,445,2,922.8499999999999,1,3,3,At Risk
CUST016536,14,7,2327.5099999999998,5,5,4,Champion
CUST016537,51,3,1790.37,4,4,4,Champion
CUST016539,654,1,1556.36,1,1,3,Lost
CUST016540,372,3,1581.28,2,4,4,At Risk
CUST016542,314,1,509.08,2,1,2,Lost
CUST016543,3,15,7115.32,5,5,5,Champion
CUST016547,403,3,760.93,1,4,2,At Risk
CUST016550,39,7,4816.3,5,5,5,Champion
CUST016551,236,3,2141.14,2,4,4,At Risk
CUST016552,20,8,5359.5,5,5,5,Champion
CUST016555,3,224,142139.84,5,5,5,Champion
CUST016557,273,3,671.56,2,4,2,At Risk
CUST016558,200,4,2579.75,3,4,4,Loyal Customer
CUST016559,199,4,3480.15,3,4,5,Loyal Customer
CUST016560,802,1,302.34,1,1,1,Lost
CUST016561,4,1,466.05,5,1,2,Needs Attention
CUST016562,392,3,2010.8200000000002,1,4,4,At Risk
CUST016563,76,4,1955.94,4,4,4,Champion
CUST016567,338,3,645.72,2,4,2,At Risk
CUST016568,57,2,519.49,4,3,2,Loyal Customer
CUST016569,258,2,280.39,2,3,1,At Risk
CUST016570,73,6,1770.8,4,5,4,Champion
CUST016572,226,3,3683.2999999999997,2,4,5,At Risk
CUST016574,15,1,562.33,5,1,2,Needs Attention
CUST016576,79,1,549.3,4,1,2,Needs Attention
CUST016579,69,2,2615.37,4,3,4,Loyal Customer
CUST016582,12,31,18615.97,5,5,5,Champion
CUST016584,45,19,14131.54,4,5,5,Champion
CUST016585,40,7,2757.4,4,5,4,Champion
CUST016586,432,1,418.56,1,1,1,Lost
CUST016588,144,2,367.98,3,3,1,Loyal Customer
CUST016589,22,6,3175.77,5,5,5,Champion
CUST016590,235,1,665.61,2,1,2,Lost
CUST016591,74,1,98.49,4,1,1,Needs Attention
CUST016592,131,6,3585.34,3,5,5,Loyal Customer
CUST016593,30,2,866.6999999999999,5,3,2,Loyal Customer
CUST016595,82,9,5655.9800000000005,4,5,5,Champion
CUST016596,212,5,2057.21,2,5,4,At Risk
CUST016597,49,1,147.8,4,1,1,Needs Attention
CUST016599,701,1,299.88,1,1,1,Lost
CUST016600,30,2,411.13,5,3,1,Loyal Customer
CUST016602,62,7,2353.97,4,5,4,Champion
CUST016603,7,53,27841.96,5,5,5,Champion
CUST016604,819,1,634.69,1,1,2,Lost
CUST016605,672,2,2974.4799999999996,1,3,5,At Risk
CUST016610,763,1,1745.72,1,1,4,Lost
CUST016611,149,6,1973.4899999999998,3,5,4,Loyal Customer
CUST016613,105,2,730.88,3,3,2,Loyal Customer
CUST016614,228,1,177.86,2,1,1,Lost
CUST016615,124,3,1385.99,3,4,3,Loyal Customer
CUST016620,919,1,273.43,1,1,1,Lost
CUST016622,110,4,2706.0099999999998,3,4,4,Loyal Customer
CUST016623,22,3,1628.49,5,4,4,Champion
CUST016626,626,1,1139.88,1,1,3,Lost
CUST016627,25,20,7609.55,5,5,5,Champion
CUST016631,446,2,1769.55,1,3,4,At Risk
CUST016637,82,5,4001.24,4,5,5,Champion
CUST016638,643,1,274.58,1,1,1,Lost
CUST016639,178,2,583.8,3,3,2,Loyal Customer
CUST016644,150,6,2374.05,3,5,4,Loyal Customer
CUST016645,123,8,3652.67,3,5,5,Loyal Customer
CUST016647,57,4,1966.88,4,4,4,Champion
CUST016648,21,4,4013.62,5,4,5,Champion
CUST016650,3,5,1483.83,5,5,3,Loyal Customer
CUST016651,391,1,23.17,2,1,1,Lost
CUST016652,24,4,2205.27,5,4,4,Champion
CUST016653,68,2,1637.63,4,3,4,Loyal Customer
CUST016654,27,5,3031.0699999999997,5,5,5,Champion
CUST016655,559,3,1659.06,1,4,4,At Risk
CUST016658,92,11,6408.3,4,5,5,Champion
CUST016660,666,1,644.79,1,1,2,Lost
CUST016661,510,1,358.0,1,1,1,Lost
CUST016663,84,2,981.3199999999999,4,3,3,Loyal Customer
CUST016665,382,1,191.38,2,1,1,Lost
CUST016666,20,6,3100.29,5,5,5,Champion
CUST016667,371,1,105.87,2,1,1,Lost
CUST016668,537,2,1385.22,1,3,3,At Risk
CUST016669,265,1,516.49,2,1,2,Lost
CUST016670,128,7,4098.33,3,5,5,Loyal Customer
CUST016671,137,1,713.55,3,1,2,Needs Attention
CUST016674,11,6,2647.17,5,5,4,Champion
CUST016675,83,2,1541.04,4,3,3,Loyal Customer
CUST016676,26,5,4275.78,5,5,5,Champion
CUST016677,638,1,25.85,1,1,1,Lost
CUST016678,83,13,4995.07,4,5,5,Champion
CUST016680,552,1,245.52,1,1,1,Lost
CUST016683,120,2,1807.61,3,3,4,Loyal Customer
CUST016684,137,3,1148.56,3,4,3,Loyal Customer
CUST016685,70,9,4673.09,4,5,5,Champion
CUST016686,683,2,541.89,1,3,2,At Risk
CUST016688,19,27,17477.17,5,5,5,Champion
CUST016689,326,2,1254.06,2,3,3,At Risk
CUST016690,41,6,3015.2700000000004,4,5,5,Champion
CUST016691,33,4,1364.58,5,4,3,Loyal Customer
CUST016692,204,2,305.01,2,3,1,At Risk
CUST016694,656,1,421.91,1,1,1,Lost
CUST016695,33,4,1571.82,5,4,4,Champion
CUST016696,458,2,591.5699999999999,1,3,2,At Risk
CUST016697,128,2,715.52,3,3,2,Loyal Customer
CUST016698,468,1,1331.1,1,1,3,Lost
CUST016700,71,6,2621.72,4,5,4,Champion
CUST016701,119,1,500.1,3,1,2,Needs Attention
CUST016702,36,2,578.54,5,3,2,Loyal Customer
CUST016703,197,3,666.51,3,4,2,Loyal Customer
CUST016704,71,5,2069.75,4,5,4,Champion
CUST016707,114,4,3377.96,3,4,5,Loyal Customer
CUST016709,346,1,514.73,2,1,2,Lost
CUST016711,150,4,815.51,3,4,2,Loyal Customer
CUST016712,12,45,28669.03,5,5,5,Champion
CUST016713,100,8,3341.63,4,5,5,Champion
CUST016715,193,1,768.02,3,1,2,Needs Attention
CUST016719,127,4,1014.65,3,4,3,Loyal Customer
CUST016721,921,1,258.52,1,1,1,Lost
CUST016722,23,2,854.64,5,3,2,Loyal Customer
CUST016723,110,2,2295.6400000000003,3,3,4,Loyal Customer
CUST016724,485,1,453.17,1,1,2,Lost
CUST016725,43,3,1404.54,4,4,3,Loyal Customer
CUST016727,86,5,2347.73,4,5,4,Champion
CUST016728,376,1,561.04,2,1,2,Lost
CUST016729,417,2,2568.64,1,3,4,At Risk
CUST016731,351,1,48.74,2,1,1,Lost
CUST016733,172,4,2632.52,3,4,4,Loyal Customer
CUST016737,485,1,463.32,1,1,2,Lost
CUST016738,34,3,2405.9,5,4,4,Champion
CUST016741,30,12,7033.46,5,5,5,Champion
CUST016742,45,7,6880.68,4,5,5,Champion
CUST016743,488,1,829.47,1,1,2,Lost
CUST016745,426,1,642.16,1,1,2,Lost
CUST016746,4,2,317.68,5,3,1,Loyal Customer
CUST016748,266,3,2952.65,2,4,5,At Risk
CUST016750,233,2,1455.43,2,3,3,At Risk
CUST016751,887,1,439.51,1,1,2,Lost
CUST016753,361,5,3539.67,2,5,5,At Risk
CUST016754,76,2,1220.27,4,3,3,Loyal Customer
CUST016755,437,1,317.48,1,1,1,Lost
CUST016756,308,1,61.36,2,1,1,Lost
CUST016757,29,3,2516.5299999999997,5,4,4,Champion
CUST016758,25,9,4052.16,5,5,5,Champion
CUST016759,394,2,682.89,1,3,2,At Risk
CUST016760,421,1,416.34,1,1,1,Lost
CUST016761,62,2,2750.9,4,3,4,Loyal Customer
CUST016762,107,2,420.42,3,3,1,Loyal Customer
CUST016763,84,5,1222.69,4,5,3,Loyal Customer
CUST016765,20,8,4108.69,5,5,5,Champion
CUST016766,219,3,1310.24,2,4,3,At Risk
CUST016768,2,3,576.31,5,4,2,Loyal Customer
CUST016771,23,2,447.69,5,3,2,Loyal Customer
CUST016776,98,4,1551.54,4,4,3,Loyal Customer
CUST016777,58,3,1441.18,4,4,3,Loyal Customer
CUST016778,365,2,1016.73,2,3,3,At Risk
CUST016781,215,5,3204.24,2,5,5,At Risk
CUST016783,100,4,979.72,4,4,3,Loyal Customer
CUST016784,210,2,221.88,2,3,1,At Risk
CUST016785,291,3,1371.67,2,4,3,At Risk
CUST016786,54,3,2670.67,4,4,4,Champion
CUST016787,129,1,895.76,3,1,3,Needs Attention
CUST016788,62,13,6962.66,4,5,5,Champion
CUST016789,15,2,670.99,5,3,2,Loyal Customer
CUST016790,651,1,289.5,1,1,1,Lost
CUST016791,78,2,2114.5,4,3,4,Loyal Customer
CUST016793,62,3,1852.3,4,4,4,Champion
CUST016794,111,1,257.95,3,1,1,Needs Attention
CUST016798,457,1,971.79,1,1,3,Lost
CUST016799,258,1,635.63,2,1,2,Lost
CUST016800,370,3,514.39,2,4,2,At Risk
CUST016806,67,8,4391.650000000001,4,5,5,Champion
CUST016808,207,1,584.65,2,1,2,Lost
CUST016810,426,1,417.43,1,1,1,Lost
CUST016811,73,2,762.25,4,3,2,Loyal Customer
CUST016812,55,2,2007.1399999999999,4,3,4,Loyal Customer
CUST016814,287,2,954.4300000000001,2,3,3,At Risk
CUST016815,186,5,2495.91,3,5,4,Loyal Customer
CUST016816,169,4,3731.19,3,4,5,Loyal Customer
CUST016823,348,1,401.4,2,1,1,Lost
CUST016824,326,1,250.42,2,1,1,Lost
CUST016825,9,6,3744.23,5,5,5,Champion
CUST016826,41,1,787.6,4,1,2,Needs Attention
CUST016827,712,1,222.65,1,1,1,Lost
CUST016829,7,3,732.8299999999999,5,4,2,Loyal Customer
CUST016830,5,8,2310.98,5,5,4,Champion
CUST016831,233,3,2263.3199999999997,2,4,4,At Risk
CUST016832,78,4,3762.22,4,4,5,Champion
CUST016833,36,4,2438.62,5,4,4,Champion
CUST016835,133,4,4167.75,3,4,5,Loyal Customer
CUST016836,22,5,2090.05,5,5,4,Champion
CUST016838,576,1,1263.42,1,1,3,Lost
CUST016839,123,1,131.16,3,1,1,Needs Attention
CUST016840,123,12,7167.6,3,5,5,Loyal Customer
CUST016842,355,1,451.47,2,1,2,Lost
CUST016843,36,3,1636.24,5,4,4,Champion
CUST016844,80,5,3024.33,4,5,5,Champion
CUST016846,56,8,4117.96,4,5,5,Champion
CUST016848,599,1,703.4,1,1,2,Lost
CUST016851,232,1,484.35,2,1,2,Lost
CUST016855,31,3,1887.94,5,4,4,Champion
CUST016856,757,1,323.95,1,1,1,Lost
CUST016862,127,3,1417.52,3,4,3,Loyal Customer
CUST016863,57,1,574.28,4,1,2,Needs Attention
CUST016865,143,1,1093.32,3,1,3,Needs Attention
CUST016866,44,3,2748.15,4,4,4,Champion
CUST016869,414,1,1600.62,1,1,4,Lost
CUST016870,331,2,331.53,2,3,1,At Risk
CUST016873,154,3,1110.35,3,4,3,Loyal Customer
CUST016874,812,1,463.39,1,1,2,Lost
CUST016877,31,15,8018.8,5,5,5,Champion
CUST016878,268,1,1180.0,2,1,3,Lost
CUST016879,147,3,638.73,3,4,2,Loyal Customer
CUST016881,5,8,6366.63,5,5,5,Champion
CUST016883,69,1,329.6,4,1,1,Needs Attention
CUST016886,52,11,4655.71,4,5,5,Champion
CUST016888,261,3,3521.26,2,4,5,At Risk
CUST016890,180,4,1531.46,3,4,3,Loyal Customer
CUST016891,67,1,445.19,4,1,2,Needs Attention
CUST016894,446,1,96.97,1,1,1,Lost
CUST016896,222,2,1502.9299999999998,2,3,3,At Risk
CUST016897,69,2,1247.45,4,3,3,Loyal Customer
CUST016899,35,4,2169.56,5,4,4,Champion
CUST016901,64,6,4281.72,4,5,5,Champion
CUST016902,20,1,393.23,5,1,1,Needs Attention
CUST016903,197,1,3592.01,3,1,5,Needs Attention
CUST016907,399,1,47.22,1,1,1,Lost
CUST016908,36,4,2780.35,5,4,4,Champion
CUST016909,35,3,3000.66,5,4,5,Champion
CUST016911,81,2,851.1700000000001,4,3,2,Loyal Customer
CUST016913,79,3,1012.32,4,4,3,Loyal Customer
CUST016916,26,5,2558.29,5,5,4,Champion
CUST016917,99,1,615.7,4,1,2,Needs Attention
CUST016918,302,3,1383.76,2,4,3,At Risk
CUST016919,182,7,4704.860000000001,3,5,5,Loyal Customer
CUST016920,4,3,1753.76,5,4,4,Champion
CUST016921,175,5,2215.37,3,5,4,Loyal Customer
CUST016922,697,1,662.91,1,1,2,Lost
CUST016923,120,1,478.06,3,1,2,Needs Attention
CUST016925,109,5,2749.38,3,5,4,Loyal Customer
CUST016926,170,2,2478.35,3,3,4,Loyal Customer
CUST016927,424,3,613.89,1,4,2,At Risk
CUST016928,80,5,3384.04,4,5,5,Champion
CUST016929,377,5,3523.0299999999997,2,5,5,At Risk
CUST016930,78,12,5443.5599999999995,4,5,5,Champion
CUST016931,428,1,319.97,1,1,1,Lost
CUST016933,50,6,2357.76,4,5,4,Champion
CUST016934,82,1,474.71,4,1,2,Needs Attention
CUST016935,4,6,2992.01,5,5,5,Champion
CUST016936,176,1,308.24,3,1,1,Needs Attention
CUST016937,88,6,2677.05,4,5,4,Champion
CUST016938,101,4,703.74,4,4,2,Loyal Customer
CUST016939,117,6,4877.04,3,5,5,Loyal Customer
CUST016941,89,9,3581.5,4,5,5,Champion
CUST016942,171,2,1915.21,3,3,4,Loyal Customer
CUST016944,93,1,75.3,4,1,1,Needs Attention
CUST016945,96,2,580.78,4,3,2,Loyal Customer
CUST016946,307,3,2143.73,2,4,4,At Risk
CUST016947,403,1,206.24,1,1,1,Lost
CUST016948,36,2,545.86,5,3,2,Loyal Customer
CUST016949,165,6,3839.63,3,5,5,Loyal Customer
CUST016952,170,1,799.81,3,1,2,Needs Attention
CUST016953,151,3,1822.37,3,4,4,Loyal Customer
CUST016954,836,1,989.98,1,1,3,Lost
CUST016956,240,1,315.22,2,1,1,Lost
CUST016959,152,2,167.23,3,3,1,Loyal Customer
CUST016960,189,1,537.02,3,1,2,Needs Attention
CUST016961,29,2,513.21,5,3,2,Loyal Customer
CUST016962,275,1,318.86,2,1,1,Lost
CUST016964,315,3,2674.8,2,4,4,At Risk
CUST016966,637,1,728.52,1,1,2,Lost
CUST016967,782,1,409.5,1,1,1,Lost
CUST016968,252,2,851.02,2,3,2,At Risk
CUST016969,486,1,51.25,1,1,1,Lost
CUST016970,341,1,199.13,2,1,1,Lost
CUST016971,219,1,492.4,2,1,2,Lost
CUST016972,84,1,1182.56,4,1,3,Needs Attention
CUST016973,21,2,2021.56,5,3,4,Loyal Customer
CUST016976,149,3,2427.22,3,4,4,Loyal Customer
CUST016977,66,2,1344.96,4,3,3,Loyal Customer
CUST016978,18,2,2165.7,5,3,4,Loyal Customer
CUST016979,39,2,683.8199999999999,5,3,2,Loyal Customer
CUST016983,653,1,551.75,1,1,2,Lost
CUST016984,179,3,2163.12,3,4,4,Loyal Customer
CUST016985,60,4,3171.44,4,4,5,Champion
CUST016986,37,6,4190.259999999999,5,5,5,Champion
CUST016987,81,3,1118.74,4,4,3,Loyal Customer
CUST016988,445,2,190.09,1,3,1,At Risk
CUST016989,97,2,660.31,4,3,2,Loyal Customer
CUST016991,407,1,529.91,1,1,2,Lost
CUST016992,549,2,996.68,1,3,3,At Risk
CUST016993,27,5,4156.76,5,5,5,Champion
CUST016994,405,1,244.18,1,1,1,Lost
CUST016996,24,8,5730.72,5,5,5,Champion
CUST016997,160,1,476.3,3,1,2,Needs Attention
CUST016998,15,5,1709.38,5,5,4,Champion
CUST016999,38,4,4094.56,5,4,5,Champion
CUST017002,44,10,5959.39,4,5,5,Champion
CUST017003,560,1,84.0,1,1,1,Lost
CUST017004,218,1,142.62,2,1,1,Lost
CUST017010,379,1,616.75,2,1,2,Lost
CUST017015,39,11,5572.51,5,5,5,Champion
CUST017016,117,1,734.14,3,1,2,Needs Attention
CUST017017,249,4,854.88,2,4,2,At Risk
CUST017018,14,2,848.8100000000001,5,3,2,Loyal Customer
CUST017020,118,11,3263.21,3,5,5,Loyal Customer
CUST017022,83,1,201.49,4,1,1,Needs Attention
CUST017023,271,6,3762.58,2,5,5,At Risk
CUST017024,430,2,1979.59,1,3,4,At Risk
CUST017026,9,11,9898.44,5,5,5,Champion
CUST017027,519,2,1163.18,1,3,3,At Risk
CUST017028,172,7,5037.4,3,5,5,Loyal Customer
CUST017030,32,14,8570.47,5,5,5,Champion
CUST017031,74,1,503.64,4,1,2,Needs Attention
CUST017032,101,2,713.6700000000001,4,3,2,Loyal Customer
CUST017033,122,2,2121.24,3,3,4,Loyal Customer
CUST017036,121,1,16.8,3,1,1,Needs Attention
CUST017039,74,10,6259.5,4,5,5,Champion
CUST017040,367,3,2536.64,2,4,4,At Risk
CUST017042,488,1,792.99,1,1,2,Lost
CUST017045,807,1,201.08,1,1,1,Lost
CUST017046,45,6,4057.47,4,5,5,Champion
CUST017051,38,1,549.58,5,1,2,Needs Attention
CUST017052,684,2,864.14,1,3,2,At Risk
CUST017054,45,4,1274.35,4,4,3,Loyal Customer
CUST017055,28,6,1483.25,5,5,3,Loyal Customer
CUST017056,91,4,2830.45,4,4,4,Champion
CUST017057,342,4,994.09,2,4,3,At Risk
CUST017059,211,1,430.86,2,1,1,Lost
CUST017060,76,4,1682.72,4,4,4,Champion
CUST017061,17,3,1350.54,5,4,3,Loyal Customer
CUST017062,1,2,545.45,5,3,2,Loyal Customer
CUST017064,337,2,1847.6599999999999,2,3,4,At Risk
CUST017066,810,1,1229.24,1,1,3,Lost
CUST017067,24,2,1102.16,5,3,3,Loyal Customer
CUST017068,995,1,941.35,1,1,3,Lost
CUST017070,388,1,166.66,2,1,1,Lost
CUST017071,126,1,160.87,3,1,1,Needs Attention
CUST017072,4,10,7150.79,5,5,5,Champion
CUST017073,314,2,1214.1,2,3,3,At Risk
CUST017074,46,15,6245.99,4,5,5,Champion
CUST017075,112,3,2132.55,3,4,4,Loyal Customer
CUST017076,61,1,690.14,4,1,2,Needs Attention
CUST017079,2,4,1882.4899999999998,5,4,4,Champion
CUST017080,456,1,1658.4,1,1,4,Lost
CUST017081,46,4,1636.81,4,4,4,Champion
CUST017082,18,8,4156.53,5,5,5,Champion
CUST017084,280,2,1115.8,2,3,3,At Risk
CUST017085,73,4,3214.5,4,4,5,Champion
CUST017086,224,1,703.4,2,1,2,Lost
CUST017087,4,19,9357.83,5,5,5,Champion
CUST017088,71,6,5875.05,4,5,5,Champion
CUST017089,102,2,1118.94,3,3,3,Loyal Customer
CUST017091,181,2,737.6800000000001,3,3,2,Loyal Customer
CUST017095,40,3,3313.7799999999997,4,4,5,Champion
CUST017096,195,4,1051.77,3,4,3,Loyal Customer
CUST017097,336,2,808.6,2,3,2,At Risk
CUST017098,8,6,3409.25,5,5,5,Champion
CUST017099,290,2,1474.69,2,3,3,At Risk
CUST017102,172,2,871.81,3,3,3,Loyal Customer
CUST017103,276,1,532.64,2,1,2,Lost
CUST017108,276,2,654.94,2,3,2,At Risk
CUST017111,131,1,215.84,3,1,1,Needs Attention
CUST017113,51,7,3438.5,4,5,5,Champion
CUST017115,230,2,849.46,2,3,2,At Risk
CUST017116,682,1,502.67,1,1,2,Lost
CUST017118,183,1,244.18,3,1,1,Needs Attention
CUST017123,28,13,9418.67,5,5,5,Champion
CUST017124,390,4,4972.44,2,4,5,At Risk
CUST017125,117,5,2812.28,3,5,4,Loyal Customer
CUST017126,90,2,347.77,4,3,1,Loyal Customer
CUST017128,126,4,817.74,3,4,2,Loyal Customer
CUST017129,519,1,916.15,1,1,3,Lost
CUST017131,45,6,2074.7,4,5,4,Champion
CUST017132,218,1,486.47,2,1,2,Lost
CUST017134,773,1,137.25,1,1,1,Lost
CUST017135,8,20,9129.3,5,5,5,Champion
CUST017136,2,165,97343.05,5,5,5,Champion
CUST017137,748,2,705.68,1,3,2,At Risk
CUST017138,21,5,1553.5,5,5,3,Loyal Customer
CUST017140,712,1,447.1,1,1,2,Lost
CUST017144,115,2,1387.78,3,3,3,Loyal Customer
CUST017145,219,2,1567.53,2,3,4,At Risk
CUST017148,80,8,4062.6699999999996,4,5,5,Champion
CUST017150,312,1,269.81,2,1,1,Lost
CUST017152,83,3,1381.19,4,4,3,Loyal Customer
CUST017153,795,2,935.3199999999999,1,3,3,At Risk
CUST017157,236,1,1501.13,2,1,3,Lost
CUST017159,442,2,969.44,1,3,3,At Risk
CUST017160,25,5,2225.32,5,5,4,Champion
CUST017162,210,2,1296.45,2,3,3,At Risk
CUST017163,970,1,262.23,1,1,1,Lost
CUST017164,563,1,93.79,1,1,1,Lost
CUST017166,54,4,2736.47,4,4,4,Champion
CUST017168,277,1,469.79,2,1,2,Lost
CUST017170,99,2,610.32,4,3,2,Loyal Customer
CUST017171,999,1,1527.16,1,1,3,Lost
CUST017173,210,2,2424.34,2,3,4,At Risk
CUST017174,778,1,1242.96,1,1,3,Lost
CUST017177,622,1,429.11,1,1,1,Lost
CUST017178,5,2,637.4100000000001,5,3,2,Loyal Customer
CUST017181,55,4,860.9000000000001,4,4,2,Loyal Customer
CUST017182,114,1,264.29,3,1,1,Needs Attention
CUST017183,27,2,1050.88,5,3,3,Loyal Customer
CUST017184,147,3,1026.17,3,4,3,Loyal Customer
CUST017185,171,2,2212.49,3,3,4,Loyal Customer
CUST017188,607,1,308.95,1,1,1,Lost
CUST017189,466,1,982.72,1,1,3,Lost
CUST017193,82,1,25.85,4,1,1,Needs Attention
CUST017194,808,1,456.23,1,1,2,Lost
CUST017195,34,4,1343.92,5,4,3,Loyal Customer
CUST017196,99,3,1548.42,4,4,3,Loyal Customer
CUST017201,152,2,1491.3600000000001,3,3,3,Loyal Customer
CUST017202,24,6,2680.3599999999997,5,5,4,Champion
CUST017203,180,3,1843.78,3,4,4,Loyal Customer
CUST017204,28,22,13051.99,5,5,5,Champion
CUST017205,13,3,1101.71,5,4,3,Loyal Customer
CUST017211,535,1,425.96,1,1,1,Lost
CUST017212,457,2,1402.86,1,3,3,At Risk
CUST017213,254,1,1428.49,2,1,3,Lost
CUST017215,631,1,514.18,1,1,2,Lost
CUST017216,127,5,2649.0699999999997,3,5,4,Loyal Customer
CUST017217,23,2,692.3,5,3,2,Loyal Customer
CUST017218,96,2,1216.9,4,3,3,Loyal Customer
CUST017219,15,8,3142.01,5,5,5,Champion
CUST017220,123,6,3084.21,3,5,5,Loyal Customer
CUST017221,236,1,377.54,2,1,1,Lost
CUST017226,317,1,659.71,2,1,2,Lost
CUST017227,222,4,2058.96,2,4,4,At Risk
CUST017228,468,2,456.39000000000004,1,3,2,At Risk
CUST017229,4,1,475.7,5,1,2,Needs Attention
CUST017233,452,2,1924.8899999999999,1,3,4,At Risk
CUST017234,479,1,130.84,1,1,1,Lost
CUST017236,497,1,61.34,1,1,1,Lost
CUST017237,94,3,2116.21,4,4,4,Champion
CUST017238,409,2,1770.24,1,3,4,At Risk
CUST017241,363,1,1296.82,2,1,3,Lost
CUST017242,66,7,3817.61,4,5,5,Champion
CUST017244,243,1,537.36,2,1,2,Lost
CUST017245,13,1,70.42,5,1,1,Needs Attention
CUST017247,571,1,85.96,1,1,1,Lost
CUST017248,41,7,3917.54,4,5,5,Champion
CUST017251,3,2,795.49,5,3,2,Loyal Customer
CUST017252,641,1,1657.83,1,1,4,Lost
CUST017255,190,5,1893.7,3,5,4,Loyal Customer
CUST017257,210,1,420.68,2,1,1,Lost
CUST017258,847,1,26.01,1,1,1,Lost
CUST017259,268,2,1324.65,2,3,3,At Risk
CUST017262,150,3,824.5600000000001,3,4,2,Loyal Customer
CUST017263,294,1,558.03,2,1,2,Lost
CUST017264,159,4,2128.41,3,4,4,Loyal Customer
CUST017266,519,2,738.9,1,3,2,At Risk
CUST017267,326,1,566.51,2,1,2,Lost
CUST017268,99,2,589.0799999999999,4,3,2,Loyal Customer
CUST017269,212,5,2611.46,2,5,4,At Risk
CUST017270,8,33,17380.08,5,5,5,Champion
CUST017271,52,2,935.55,4,3,3,Loyal Customer
CUST017272,501,1,305.15,1,1,1,Lost
CUST017273,242,4,3338.7,2,4,5,At Risk
CUST017275,985,1,135.33,1,1,1,Lost
CUST017277,68,21,11893.44,4,5,5,Champion
CUST017278,22,21,16457.04,5,5,5,Champion
CUST017279,23,2,413.16999999999996,5,3,1,Loyal Customer
CUST017280,198,1,344.6,3,1,1,Needs Attention
CUST017281,44,2,1379.29,4,3,3,Loyal Customer
CUST017283,69,3,1845.25,4,4,4,Champion
CUST017284,16,5,3301.04,5,5,5,Champion
CUST017285,111,3,1596.27,3,4,4,Loyal Customer
CUST017291,725,1,327.65,1,1,1,Lost
CUST017292,138,7,4994.610000000001,3,5,5,Loyal Customer
CUST017293,6,3,1911.5900000000001,5,4,4,Champion
CUST017294,582,1,547.3,1,1,2,Lost
CUST017298,431,2,502.82000000000005,1,3,2,At Risk
CUST017299,306,5,1947.55,2,5,4,At Risk
CUST017302,927,1,1375.28,1,1,3,Lost
CUST017303,105,4,1437.81,3,4,3,Loyal Customer
CUST017304,15,6,3272.54,5,5,5,Champion
CUST017308,21,3,1273.3200000000002,5,4,3,Loyal Customer
CUST017310,593,2,1225.12,1,3,3,At Risk
CUST017311,320,2,980.41,2,3,3,At Risk
CUST017314,930,1,279.33,1,1,1,Lost
CUST017316,41,3,1164.83,4,4,3,Loyal Customer
CUST017317,58,6,4293.52,4,5,5,Champion
CUST017318,460,2,1177.75,1,3,3,At Risk
CUST017320,255,1,80.54,2,1,1,Lost
CUST017321,213,3,2782.77,2,4,4,At Risk
CUST017322,129,2,1588.81,3,3,4,Loyal Customer
CUST017324,68,1,507.69,4,1,2,Needs Attention
CUST017325,28,17,9605.91,5,5,5,Champion
CUST017326,214,3,831.72,2,4,2,At Risk
CUST017328,40,3,969.55,4,4,3,Loyal Customer
CUST017331,321,2,764.94,2,3,2,At Risk
CUST017332,434,5,2552.8,1,5,4,At Risk
CUST017333,25,16,7163.38,5,5,5,Champion
CUST017336,47,1,97.05,4,1,1,Needs Attention
CUST017338,724,1,786.58,1,1,2,Lost
CUST017339,268,3,1662.76,2,4,4,At Risk
CUST017340,610,3,1269.67,1,4,3,At Risk
CUST017341,279,3,1258.07,2,4,3,At Risk
CUST017342,52,1,320.38,4,1,1,Needs Attention
CUST017344,451,3,3029.06,1,4,5,At Risk
CUST017346,136,5,3190.44,3,5,5,Loyal Customer
CUST017348,796,1,402.59,1,1,1,Lost
CUST017349,26,1,71.88,5,1,1,Needs Attention
CUST017350,332,1,580.39,2,1,2,Lost
CUST017351,114,1,412.04,3,1,1,Needs Attention
CUST017352,34,1,391.08,5,1,1,Needs Attention
CUST017353,441,1,619.37,1,1,2,Lost
CUST017356,2,16,9260.43,5,5,5,Champion
CUST017357,149,1,199.13,3,1,1,Needs Attention
CUST017358,196,1,1256.05,3,1,3,Needs Attention
CUST017359,113,6,3615.63,3,5,5,Loyal Customer
CUST017360,155,1,109.6,3,1,1,Needs Attention
CUST017361,304,4,2208.1400000000003,2,4,4,At Risk
CUST017362,176,1,170.54,3,1,1,Needs Attention
CUST017363,93,4,4786.89,4,4,5,Champion
CUST017364,18,6,3710.8,5,5,5,Champion
CUST017365,126,3,1470.18,3,4,3,Loyal Customer
CUST017366,213,4,3404.4300000000003,2,4,5,At Risk
CUST017371,350,1,319.45,2,1,1,Lost
CUST017372,24,6,4490.16,5,5,5,Champion
CUST017373,575,2,786.73,1,3,2,At Risk
CUST017374,146,4,1372.3,3,4,3,Loyal Customer
CUST017375,12,6,4728.85,5,5,5,Champion
CUST017376,652,1,546.53,1,1,2,Lost
CUST017377,95,1,894.84,4,1,3,Needs Attention
CUST017381,102,4,1342.62,3,4,3,Loyal Customer
CUST017385,110,2,1830.1100000000001,3,3,4,Loyal Customer
CUST017386,674,4,812.26,1,4,2,At Risk
CUST017387,132,14,8397.42,3,5,5,Loyal Customer
CUST017388,69,4,3164.4,4,4,5,Champion
CUST017389,74,1,1176.05,4,1,3,Needs Attention
CUST017390,5,4,1535.32,5,4,3,Loyal Customer
CUST017391,88,1,1111.55,4,1,3,Needs Attention
CUST017392,175,1,511.1,3,1,2,Needs Attention
CUST017394,322,2,769.4,2,3,2,At Risk
CUST017395,122,2,429.52,3,3,1,Loyal Customer
CUST017397,39,12,6300.64,5,5,5,Champion
CUST017398,109,3,1898.8500000000001,3,4,4,Loyal Customer
CUST017399,28,1,402.66,5,1,1,Needs Attention
CUST017400,130,3,1907.27,3,4,4,Loyal Customer
CUST017401,50,14,6271.79,4,5,5,Champion
CUST017402,123,1,167.68,3,1,1,Needs Attention
CUST017403,707,1,424.28,1,1,1,Lost
CUST017405,31,2,504.21000000000004,5,3,2,Loyal Customer
CUST017406,288,1,356.16,2,1,1,Lost
CUST017407,128,6,2260.4,3,5,4,Loyal Customer
CUST017408,305,2,1086.71,2,3,3,At Risk
CUST017410,212,1,497.87,2,1,2,Lost
CUST017411,316,1,293.94,2,1,1,Lost
CUST017412,98,4,3353.0099999999998,4,4,5,Champion
CUST017414,187,1,182.64,3,1,1,Needs Attention
CUST017415,657,1,317.12,1,1,1,Lost
CUST017417,372,5,4229.51,2,5,5,At Risk
CUST017419,153,6,1799.08,3,5,4,Loyal Customer
CUST017421,23,14,7011.57,5,5,5,Champion
CUST017422,22,3,2395.62,5,4,4,Champion
CUST017424,153,2,246.51,3,3,1,Loyal Customer
CUST017426,44,4,1552.04,4,4,3,Loyal Customer
CUST017428,101,1,1258.89,4,1,3,Needs Attention
CUST017429,2,10,9275.17,5,5,5,Champion
CUST017431,242,1,901.99,2,1,3,Lost
CUST017433,101,3,900.2099999999999,4,4,3,Loyal Customer
CUST017436,77,2,546.06,4,3,2,Loyal Customer
CUST017438,128,6,3274.63,3,5,5,Loyal Customer
CUST017439,366,5,2163.98,2,5,4,At Risk
CUST017440,16,6,3804.63,5,5,5,Champion
CUST017441,641,1,932.1,1,1,3,Lost
CUST017444,8,23,11292.74,5,5,5,Champion
CUST017445,65,3,1600.91,4,4,4,Champion
CUST017447,45,2,692.98,4,3,2,Loyal Customer
CUST017449,140,4,1817.76,3,4,4,Loyal Customer
CUST017450,215,12,4905.22,2,5,5,At Risk
CUST017451,18,10,5804.64,5,5,5,Champion
CUST017452,449,1,478.77,1,1,2,Lost
CUST017454,5,1,600.06,5,1,2,Needs Attention
CUST017457,602,1,77.05,1,1,1,Lost
CUST017458,461,1,523.54,1,1,2,Lost
CUST017459,636,1,293.86,1,1,1,Lost
CUST017461,2,10,4879.08,5,5,5,Champion
CUST017462,1,4,2271.37,5,4,4,Champion
CUST017463,31,5,3631.4700000000003,5,5,5,Champion
CUST017465,143,1,93.37,3,1,1,Needs Attention
CUST017467,18,2,2032.13,5,3,4,Loyal Customer
CUST017468,826,1,1513.73,1,1,3,Lost
CUST017469,403,3,941.46,1,4,3,At Risk
CUST017470,411,1,345.46,1,1,1,Lost
CUST017472,12,7,3405.3199999999997,5,5,5,Champion
CUST017473,13,4,2498.1800000000003,5,4,4,Champion
CUST017474,17,1,762.31,5,1,2,Needs Attention
CUST017476,4,3,1200.48,5,4,3,Loyal Customer
CUST017478,563,3,930.97,1,4,3,At Risk
CUST017479,405,2,630.67,1,3,2,At Risk
CUST017481,20,3,4124.55,5,4,5,Champion
CUST017486,92,1,783.27,4,1,2,Needs Attention
CUST017487,510,2,993.97,1,3,3,At Risk
CUST017488,98,1,1205.38,4,1,3,Needs Attention
CUST017489,45,3,1761.3700000000001,4,4,4,Champion
CUST017490,11,13,7105.24,5,5,5,Champion
CUST017491,47,4,3688.0400000000004,4,4,5,Champion
CUST017492,43,4,4549.01,4,4,5,Champion
CUST017495,260,2,876.88,2,3,3,At Risk
CUST017498,440,1,658.3,1,1,2,Lost
CUST017499,748,1,956.12,1,1,3,Lost
CUST017500,716,1,553.14,1,1,2,Lost
CUST017501,181,2,813.1,3,3,2,Loyal Customer
CUST017502,261,4,1288.6,2,4,3,At Risk
CUST017503,121,2,1530.8799999999999,3,3,3,Loyal Customer
CUST017504,297,1,303.42,2,1,1,Lost
CUST017505,102,1,2153.77,3,1,4,Needs Attention
CUST017506,74,11,5592.33,4,5,5,Champion
CUST017508,26,2,561.5,5,3,2,Loyal Customer
CUST017509,350,2,932.78,2,3,3,At Risk
CUST017512,226,3,2870.46,2,4,4,At Risk
CUST017513,437,2,544.38,1,3,2,At Risk
CUST017516,136,1,98.23,3,1,1,Needs Attention
CUST017517,167,1,490.61,3,1,2,Needs Attention
CUST017518,268,1,563.12,2,1,2,Lost
CUST017519,379,4,2534.8199999999997,2,4,4,At Risk
CUST017520,410,1,921.97,1,1,3,Lost
CUST017521,194,1,186.38,3,1,1,Needs Attention
CUST017523,29,5,1784.33,5,5,4,Champion
CUST017524,140,3,1379.02,3,4,3,Loyal Customer
CUST017525,32,5,1992.52,5,5,4,Champion
CUST017526,78,3,2246.97,4,4,4,Champion
CUST017527,606,1,436.53,1,1,1,Lost
CUST017528,76,7,2786.91,4,5,4,Champion
CUST017531,64,3,733.75,4,4,2,Loyal Customer
CUST017532,894,1,153.5,1,1,1,Lost
CUST017534,126,9,4785.0,3,5,5,Loyal Customer
CUST017535,57,1,420.44,4,1,1,Needs Attention
CUST017536,20,1,610.04,5,1,2,Needs Attention
CUST017537,96,1,261.4,4,1,1,Needs Attention
CUST017539,82,8,2634.95,4,5,4,Champion
CUST017540,34,3,1418.8899999999999,5,4,3,Loyal Customer
CUST017542,96,5,2554.62,4,5,4,Champion
CUST017543,85,5,3238.86,4,5,5,Champion
CUST017544,994,1,1099.31,1,1,3,Lost
CUST017546,168,2,631.64,3,3,2,Loyal Customer
CUST017547,732,1,457.04,1,1,2,Lost
CUST017548,41,9,5353.1,4,5,5,Champion
CUST017549,93,3,1663.35,4,4,4,Champion
CUST017550,95,2,911.13,4,3,3,Loyal Customer
CUST017553,436,1,345.46,1,1,1,Lost
CUST017555,375,2,628.1,2,3,2,At Risk
CUST017556,84,3,2094.66,4,4,4,Champion
CUST017558,75,4,965.84,4,4,3,Loyal Customer
CUST017562,48,1,222.29,4,1,1,Needs Attention
CUST017563,55,16,10386.1,4,5,5,Champion
CUST017564,44,3,811.43,4,4,2,Loyal Customer
CUST017565,169,1,913.74,3,1,3,Needs Attention
CUST017569,154,1,337.24,3,1,1,Needs Attention
CUST017573,13,2,282.88,5,3,1,Loyal Customer
CUST017574,11,1,111.28,5,1,1,Needs Attention
CUST017575,178,2,833.11,3,3,2,Loyal Customer
CUST017577,174,2,2984.6499999999996,3,3,5,Loyal Customer
CUST017578,57,11,7660.45,4,5,5,Champion
CUST017579,435,2,1405.84,1,3,3,At Risk
CUST017581,392,2,1067.1,1,3,3,At Risk
CUST017585,127,6,1803.84,3,5,4,Loyal Customer
CUST017586,36,2,1760.85,5,3,4,Loyal Customer
CUST017587,121,5,2139.75,3,5,4,Loyal Customer
CUST017588,64,5,3168.71,4,5,5,Champion
CUST017589,207,10,3584.43,2,5,5,At Risk
CUST017591,13,14,6208.76,5,5,5,Champion
CUST017592,865,1,1015.39,1,1,3,Lost
CUST017594,121,9,5419.18,3,5,5,Loyal Customer
CUST017596,565,1,262.38,1,1,1,Lost
CUST017597,108,1,582.02,3,1,2,Needs Attention
CUST017598,111,2,694.0699999999999,3,3,2,Loyal Customer
CUST017599,102,4,2066.34,3,4,4,Loyal Customer
CUST017600,46,2,2866.5,4,3,4,Loyal Customer
CUST017601,256,2,2513.72,2,3,4,At Risk
CUST017603,75,4,3869.2599999999998,4,4,5,Champion
CUST017604,24,1,2309.94,5,1,4,Needs Attention
CUST017607,325,1,577.99,2,1,2,Lost
CUST017608,818,1,404.25,1,1,1,Lost
CUST017611,76,2,1772.4899999999998,4,3,4,Loyal Customer
CUST017614,60,7,5673.79,4,5,5,Champion
CUST017615,124,2,1481.7199999999998,3,3,3,Loyal Customer
CUST017616,926,1,353.63,1,1,1,Lost
CUST017617,141,4,2580.96,3,4,4,Loyal Customer
CUST017618,28,1,311.1,5,1,1,Needs Attention
CUST017619,487,2,2169.1800000000003,1,3,4,At Risk
CUST017620,284,1,330.33,2,1,1,Lost
CUST017621,167,4,3263.6400000000003,3,4,5,Loyal Customer
CUST017623,194,1,20.71,3,1,1,Needs Attention
CUST017624,581,2,950.4,1,3,3,At Risk
CUST017625,65,3,902.99,4,4,3,Loyal Customer
CUST017627,411,2,609.38,1,3,2,At Risk
CUST017628,574,1,268.04,1,1,1,Lost
CUST017629,10,5,2909.3,5,5,5,Champion
CUST017631,229,1,222.65,2,1,1,Lost
CUST017632,7,9,5507.24,5,5,5,Champion
CUST017633,126,2,627.18,3,3,2,Loyal Customer
CUST017634,193,7,3901.0,3,5,5,Loyal Customer
CUST017635,331,2,1829.3700000000001,2,3,4,At Risk
CUST017636,45,4,2832.6800000000003,4,4,4,Champion
CUST017637,49,5,2962.12,4,5,5,Champion
CUST017639,188,10,5184.67,3,5,5,Loyal Customer
CUST017640,860,1,484.66,1,1,2,Lost
CUST017643,101,1,311.04,4,1,1,Needs Attention
CUST017646,86,3,1473.67,4,4,3,Loyal Customer
CUST017647,371,1,386.77,2,1,1,Lost
CUST017648,426,1,272.94,1,1,1,Lost
CUST017649,199,1,1158.15,3,1,3,Needs Attention
CUST017652,342,2,1078.1399999999999,2,3,3,At Risk
CUST017653,717,1,38.69,1,1,1,Lost
CUST017655,118,1,787.66,3,1,2,Needs Attention
CUST017656,347,3,2464.17,2,4,4,At Risk
CUST017658,684,1,1509.83,1,1,3,Lost
CUST017660,633,1,84.45,1,1,1,Lost
CUST017662,300,3,1134.2,2,4,3,At Risk
CUST017663,64,2,1484.61,4,3,3,Loyal Customer
CUST017664,101,3,835.9,4,4,2,Loyal Customer
CUST017665,13,6,4992.92,5,5,5,Champion
CUST017666,378,2,1461.3400000000001,2,3,3,At Risk
CUST017668,75,1,1728.95,4,1,4,Needs Attention
CUST017669,70,2,2098.58,4,3,4,Loyal Customer
CUST017670,30,5,3954.99,5,5,5,Champion
CUST017671,860,1,1618.28,1,1,4,Lost
CUST017672,683,3,1777.49,1,4,4,At Risk
CUST017673,316,2,1721.49,2,3,4,At Risk
CUST017674,518,1,156.1,1,1,1,Lost
CUST017675,68,2,1184.8,4,3,3,Loyal Customer
CUST017676,203,3,1101.1100000000001,3,4,3,Loyal Customer
CUST017678,171,1,1154.7,3,1,3,Needs Attention
CUST017679,33,1,1106.59,5,1,3,Needs Attention
CUST017680,6,6,4023.2400000000002,5,5,5,Champion
CUST017681,88,7,3807.55,4,5,5,Champion
CUST017682,678,1,715.66,1,1,2,Lost
CUST017685,195,3,767.9100000000001,3,4,2,Loyal Customer
CUST017688,598,1,278.56,1,1,1,Lost
CUST017690,93,5,4100.43,4,5,5,Champion
CUST017691,25,3,894.67,5,4,3,Loyal Customer
CUST017692,163,1,1321.53,3,1,3,Needs Attention
CUST017693,433,2,2919.7,1,3,5,At Risk
CUST017694,330,2,965.11,2,3,3,At Risk
CUST017695,248,1,688.72,2,1,2,Lost
CUST017696,29,2,985.23,5,3,3,Loyal Customer
CUST017697,292,3,1729.71,2,4,4,At Risk
CUST017700,120,1,1271.26,3,1,3,Needs Attention
CUST017701,99,6,5498.65,4,5,5,Champion
CUST017707,594,1,130.42,1,1,1,Lost
CUST017710,800,1,1239.1,1,1,3,Lost
CUST017711,48,2,1746.7199999999998,4,3,4,Loyal Customer
CUST017712,4,27,18234.02,5,5,5,Champion
CUST017713,38,3,1734.8500000000001,5,4,4,Champion
CUST017716,88,3,1835.3700000000001,4,4,4,Champion
CUST017717,145,2,1282.44,3,3,3,Loyal Customer
CUST017719,322,2,1012.77,2,3,3,At Risk
CUST017720,644,2,207.79,1,3,1,At Risk
CUST017721,121,2,932.4200000000001,3,3,3,Loyal Customer
CUST017722,147,1,110.62,3,1,1,Needs Attention
CUST017723,55,9,5447.4800000000005,4,5,5,Champion
CUST017724,244,4,2235.94,2,4,4,At Risk
CUST017726,26,3,1846.23,5,4,4,Champion
CUST017729,103,7,3060.81,3,5,5,Loyal Customer
CUST017732,987,1,129.34,1,1,1,Lost
CUST017734,668,1,326.03,1,1,1,Lost
CUST017736,443,1,93.7,1,1,1,Lost
CUST017737,799,1,863.66,1,1,2,Lost
CUST017739,372,1,520.42,2,1,2,Lost
CUST017740,532,1,126.79,1,1,1,Lost
CUST017742,63,2,1738.54,4,3,4,Loyal Customer
CUST017743,434,1,130.74,1,1,1,Lost
CUST017746,126,4,1146.3600000000001,3,4,3,Loyal Customer
CUST017747,2,6,1821.72,5,5,4,Champion
CUST017748,409,1,512.26,1,1,2,Lost
CUST017749,709,1,304.61,1,1,1,Lost
CUST017750,537,1,135.38,1,1,1,Lost
CUST017751,7,6,3987.8199999999997,5,5,5,Champion
CUST017752,210,2,570.0899999999999,2,3,2,At Risk
CUST017753,623,1,154.1,1,1,1,Lost
CUST017754,137,1,1252.26,3,1,3,Needs Attention
CUST017757,233,1,263.53,2,1,1,Lost
CUST017759,230,2,754.54,2,3,2,At Risk
CUST017760,63,6,4205.9,4,5,5,Champion
CUST017761,305,1,108.99,2,1,1,Lost
CUST017762,82,4,1741.27,4,4,4,Champion
CUST017764,7,4,2641.3500000000004,5,4,4,Champion
CUST017767,221,3,954.8100000000001,2,4,3,At Risk
CUST017768,186,1,1790.14,3,1,4,Needs Attention
CUST017770,667,1,323.58,1,1,1,Lost
CUST017771,693,1,633.46,1,1,2,Lost
CUST017772,162,2,1484.33,3,3,3,Loyal Customer
CUST017773,5,5,3122.24,5,5,5,Champion
CUST017775,192,4,1412.94,3,4,3,Loyal Customer
CUST017777,259,1,1036.33,2,1,3,Lost
CUST017779,32,2,976.8599999999999,5,3,3,Loyal Customer
CUST017781,89,4,2266.66,4,4,4,Champion
CUST017783,212,1,398.12,2,1,1,Lost
CUST017784,462,2,1913.06,1,3,4,At Risk
CUST017786,251,3,1159.2,2,4,3,At Risk
CUST017788,226,1,679.35,2,1,2,Lost
CUST017790,127,3,1989.06,3,4,4,Loyal Customer
CUST017795,52,9,5074.2300000000005,4,5,5,Champion
CUST017796,164,4,3259.1499999999996,3,4,5,Loyal Customer
CUST017797,193,1,483.87,3,1,2,Needs Attention
CUST017798,7,1,93.15,5,1,1,Needs Attention
CUST017799,582,1,740.99,1,1,2,Lost
CUST017801,63,1,557.46,4,1,2,Needs Attention
CUST017802,3,4,1655.46,5,4,4,Champion
CUST017803,166,5,3897.0,3,5,5,Loyal Customer
CUST017804,12,2,1900.71,5,3,4,Loyal Customer
CUST017807,68,1,880.54,4,1,3,Needs Attention
CUST017808,56,3,657.21,4,4,2,Loyal Customer
CUST017809,199,4,2125.05,3,4,4,Loyal Customer
CUST017811,179,3,1174.28,3,4,3,Loyal Customer
CUST017812,459,1,808.93,1,1,2,Lost
CUST017815,21,9,4462.28,5,5,5,Champion
CUST017816,33,10,5348.57,5,5,5,Champion
CUST017817,543,1,286.26,1,1,1,Lost
CUST017821,53,2,563.37,4,3,2,Loyal Customer
CUST017822,61,7,5374.88,4,5,5,Champion
CUST017823,106,5,2490.33,3,5,4,Loyal Customer
CUST017824,302,3,1775.89,2,4,4,At Risk
CUST017827,25,7,4856.9800000000005,5,5,5,Champion
CUST017828,81,5,3353.7799999999997,4,5,5,Champion
CUST017829,110,2,1167.27,3,3,3,Loyal Customer
CUST017830,576,1,74.83,1,1,1,Lost
CUST017831,414,2,568.52,1,3,2,At Risk
CUST017832,524,1,1300.79,1,1,3,Lost
CUST017834,439,1,324.11,1,1,1,Lost
CUST017835,835,1,475.28,1,1,2,Lost
CUST017837,18,69,35725.89,5,5,5,Champion
CUST017839,224,4,1611.4099999999999,2,4,4,At Risk
CUST017845,664,1,98.49,1,1,1,Lost
CUST017846,232,1,298.93,2,1,1,Lost
CUST017847,656,1,302.4,1,1,1,Lost
CUST017848,33,10,4853.27,5,5,5,Champion
CUST017849,212,2,1847.71,2,3,4,At Risk
CUST017850,296,1,198.97,2,1,1,Lost
CUST017851,8,12,8861.5,5,5,5,Champion
CUST017855,551,2,1316.47,1,3,3,At Risk
CUST017859,176,2,1580.3200000000002,3,3,4,Loyal Customer
CUST017860,64,3,1856.06,4,4,4,Champion
CUST017861,126,5,4327.81,3,5,5,Loyal Customer
CUST017863,278,1,293.94,2,1,1,Lost
CUST017864,801,1,306.77,1,1,1,Lost
CUST017865,84,2,831.2800000000001,4,3,2,Loyal Customer
CUST017866,204,2,572.15,2,3,2,At Risk
CUST017868,873,1,2040.8,1,1,4,Lost
CUST017869,324,4,2917.3500000000004,2,4,5,At Risk
CUST017871,196,1,224.43,3,1,1,Needs Attention
CUST017872,226,1,982.49,2,1,3,Lost
CUST017875,242,1,287.09,2,1,1,Lost
CUST017878,132,1,1096.26,3,1,3,Needs Attention
CUST017880,48,4,2448.17,4,4,4,Champion
CUST017882,463,1,1352.28,1,1,3,Lost
CUST017883,53,2,1281.94,4,3,3,Loyal Customer
CUST017884,61,3,1584.64,4,4,4,Champion
CUST017885,13,4,3167.9700000000003,5,4,5,Champion
CUST017886,110,1,357.13,3,1,1,Needs Attention
CUST017888,224,1,152.59,2,1,1,Lost
CUST017889,214,3,786.38,2,4,2,At Risk
CUST017891,165,3,1672.49,3,4,4,Loyal Customer
CUST017892,235,2,433.95000000000005,2,3,1,At Risk
CUST017894,23,20,11374.45,5,5,5,Champion
CUST017895,88,5,2430.91,4,5,4,Champion
CUST017896,536,1,352.65,1,1,1,Lost
CUST017897,242,7,3063.04,2,5,5,At Risk
CUST017900,208,1,310.19,2,1,1,Lost
CUST017901,9,7,5379.05,5,5,5,Champion
CUST017902,802,1,1868.12,1,1,4,Lost
CUST017903,29,2,1443.4199999999998,5,3,3,Loyal Customer
CUST017904,103,3,2818.79,3,4,4,Loyal Customer
CUST017907,388,1,104.75,2,1,1,Lost
CUST017910,194,2,827.0899999999999,3,3,2,Loyal Customer
CUST017911,25,2,1924.9299999999998,5,3,4,Loyal Customer
CUST017913,218,2,824.06,2,3,2,At Risk
CUST017914,405,1,782.49,1,1,2,Lost
CUST017915,42,12,5609.96,4,5,5,Champion
CUST017916,123,6,3309.28,3,5,5,Loyal Customer
CUST017918,191,1,641.86,3,1,2,Needs Attention
CUST017921,561,1,277.93,1,1,1,Lost
CUST017923,49,13,7035.46,4,5,5,Champion
CUST017924,119,2,2571.88,3,3,4,Loyal Customer
CUST017926,675,2,1773.3899999999999,1,3,4,At Risk
CUST017927,24,4,1988.21,5,4,4,Champion
CUST017928,697,1,1181.99,1,1,3,Lost
CUST017929,46,3,2255.51,4,4,4,Champion
CUST017930,901,1,76.2,1,1,1,Lost
CUST017931,52,2,1049.99,4,3,3,Loyal Customer
CUST017933,275,2,793.39,2,3,2,At Risk
CUST017934,233,2,568.6700000000001,2,3,2,At Risk
CUST017937,369,1,293.42,2,1,1,Lost
CUST017939,22,2,1234.17,5,3,3,Loyal Customer
CUST017940,12,38,23474.96,5,5,5,Champion
CUST017941,12,1,432.5,5,1,1,Needs Attention
CUST017943,116,2,604.87,3,3,2,Loyal Customer
CUST017946,394,1,261.56,1,1,1,Lost
CUST017947,6,10,3699.2,5,5,5,Champion
CUST017948,43,9,3455.1,4,5,5,Champion
CUST017952,130,2,384.09000000000003,3,3,1,Loyal Customer
CUST017953,106,2,1245.6100000000001,3,3,3,Loyal Customer
CUST017954,12,2,498.23,5,3,2,Loyal Customer
CUST017957,90,9,3910.73,4,5,5,Champion
CUST017958,578,1,71.9,1,1,1,Lost
CUST017959,648,1,636.19,1,1,2,Lost
CUST017961,336,2,278.74,2,3,1,At Risk
CUST017963,136,4,1888.52,3,4,4,Loyal Customer
CUST017964,207,1,689.08,2,1,2,Lost
CUST017965,811,1,296.41,1,1,1,Lost
CUST017967,944,1,327.48,1,1,1,Lost
CUST017969,228,3,3933.7699999999995,2,4,5,At Risk
CUST017970,72,1,1225.18,4,1,3,Needs Attention
CUST017971,29,2,2541.56,5,3,4,Loyal Customer
CUST017972,503,1,368.76,1,1,1,Lost
CUST017974,70,1,290.73,4,1,1,Needs Attention
CUST017977,79,5,1641.91,4,5,4,Champion
CUST017978,104,3,785.03,3,4,2,Loyal Customer
CUST017982,591,1,190.14,1,1,1,Lost
CUST017987,670,1,2061.25,1,1,4,Lost
CUST017989,242,2,1042.94,2,3,3,At Risk
CUST017990,62,4,962.4200000000001,4,4,3,Loyal Customer
CUST017991,190,3,494.09000000000003,3,4,2,Loyal Customer
CUST017994,120,3,2369.7799999999997,3,4,4,Loyal Customer
CUST017995,64,1,97.98,4,1,1,Needs Attention
CUST017996,17,6,1571.37,5,5,4,Champion
CUST017998,71,3,1403.85,4,4,3,Loyal Customer
CUST018000,344,2,849.96,2,3,2,At Risk
CUST018001,14,7,4542.55,5,5,5,Champion
CUST018002,77,3,3209.93,4,4,5,Champion
CUST018003,42,3,1096.69,4,4,3,Loyal Customer
CUST018004,702,1,419.65,1,1,1,Lost
CUST018005,129,5,2634.06,3,5,4,Loyal Customer
CUST018006,115,2,3150.05,3,3,5,Loyal Customer
CUST018011,136,6,5587.9,3,5,5,Loyal Customer
CUST018012,203,3,1482.5300000000002,3,4,3,Loyal Customer
CUST018013,374,1,1247.54,2,1,3,Lost
CUST018014,27,2,691.38,5,3,2,Loyal Customer
CUST018015,620,1,310.77,1,1,1,Lost
CUST018019,50,3,1174.84,4,4,3,Loyal Customer
CUST018021,60,8,7688.18,4,5,5,Champion
CUST018022,795,1,89.27,1,1,1,Lost
CUST018024,18,6,5933.76,5,5,5,Champion
CUST018025,399,1,233.28,1,1,1,Lost
CUST018028,238,1,288.16,2,1,1,Lost
CUST018029,9,3,1201.7199999999998,5,4,3,Loyal Customer
CUST018030,216,4,1417.05,2,4,3,At Risk
CUST018031,156,2,1825.25,3,3,4,Loyal Customer
CUST018033,212,3,1320.59,2,4,3,At Risk
CUST018034,220,1,681.62,2,1,2,Lost
CUST018035,51,1,19.19,4,1,1,Needs Attention
CUST018037,1,7,5046.89,5,5,5,Champion
CUST018038,16,6,3396.59,5,5,5,Champion
CUST018039,463,1,1785.61,1,1,4,Lost
CUST018040,43,7,2886.79,4,5,4,Champion
CUST018041,237,3,1801.99,2,4,4,At Risk
CUST018042,26,14,8394.98,5,5,5,Champion
CUST018044,9,128,78300.19,5,5,5,Champion
CUST018046,241,1,2137.29,2,1,4,Lost
CUST018047,427,2,208.75,1,3,1,At Risk
CUST018048,137,2,440.27000000000004,3,3,2,Loyal Customer
CUST018049,305,3,827.45,2,4,2,At Risk
CUST018053,556,3,2904.18,1,4,5,At Risk
CUST018054,8,4,784.07,5,4,2,Loyal Customer
CUST018055,115,1,1667.55,3,1,4,Needs Attention
CUST018056,355,1,291.25,2,1,1,Lost
CUST018057,121,2,1113.78,3,3,3,Loyal Customer
CUST018059,55,5,1631.1100000000001,4,5,4,Champion
CUST018061,39,12,7430.17,5,5,5,Champion
CUST018062,1,8,3199.4900000000002,5,5,5,Champion
CUST018064,116,2,1101.69,3,3,3,Loyal Customer
CUST018066,459,1,672.51,1,1,2,Lost
CUST018068,105,3,742.99,3,4,2,Loyal Customer
CUST018071,134,1,292.53,3,1,1,Needs Attention
CUST018072,94,4,4201.44,4,4,5,Champion
CUST018073,29,3,1736.63,5,4,4,Champion
CUST018074,154,3,976.8299999999999,3,4,3,Loyal Customer
CUST018075,353,1,474.67,2,1,2,Lost
CUST018076,435,1,378.32,1,1,1,Lost
CUST018077,55,5,2938.48,4,5,5,Champion
CUST018080,100,16,5588.17,4,5,5,Champion
CUST018081,326,1,442.52,2,1,2,Lost
CUST018082,76,3,2418.31,4,4,4,Champion
CUST018084,204,3,2110.09,2,4,4,At Risk
CUST018085,2,2,853.5699999999999,5,3,2,Loyal Customer
CUST018086,195,1,437.54,3,1,2,Needs Attention
CUST018087,132,6,2936.66,3,5,5,Loyal Customer
CUST018088,747,1,300.93,1,1,1,Lost
CUST018089,13,24,13314.83,5,5,5,Champion
CUST018090,134,1,999.56,3,1,3,Needs Attention
CUST018091,645,1,583.31,1,1,2,Lost
CUST018093,204,1,330.47,2,1,1,Lost
CUST018095,239,1,1434.47,2,1,3,Lost
CUST018096,637,1,76.69,1,1,1,Lost
CUST018098,16,19,10770.32,5,5,5,Champion
CUST018100,596,1,633.08,1,1,2,Lost
CUST018101,555,1,1240.29,1,1,3,Lost
CUST018102,554,2,917.53,1,3,3,At Risk
CUST018103,763,1,1379.18,1,1,3,Lost
CUST018104,447,1,539.8,1,1,2,Lost
CUST018105,83,7,5045.21,4,5,5,Champion
CUST018106,226,1,318.86,2,1,1,Lost
CUST018107,27,2,475.52,5,3,2,Loyal Customer
CUST018108,145,3,1309.53,3,4,3,Loyal Customer
CUST018109,163,3,1973.33,3,4,4,Loyal Customer
CUST018112,73,2,1150.85,4,3,3,Loyal Customer
CUST018113,669,1,436.53,1,1,1,Lost
CUST018114,274,1,278.26,2,1,1,Lost
CUST018115,281,3,1980.87,2,4,4,At Risk
CUST018117,476,1,318.86,1,1,1,Lost
CUST018118,78,6,1696.72,4,5,4,Champion
CUST018119,17,2,2227.24,5,3,4,Loyal Customer
CUST018122,125,3,3325.88,3,4,5,Loyal Customer
CUST018123,4,9,3744.43,5,5,5,Champion
CUST018124,8,7,2333.71,5,5,4,Champion
CUST018127,82,17,8130.23,4,5,5,Champion
CUST018131,20,16,8521.84,5,5,5,Champion
CUST018132,544,1,427.61,1,1,1,Lost
CUST018133,30,6,4457.92,5,5,5,Champion
CUST018135,649,1,231.53,1,1,1,Lost
CUST018137,773,1,79.68,1,1,1,Lost
CUST018138,189,2,804.8299999999999,3,3,2,Loyal Customer
CUST018141,6,17,8014.96,5,5,5,Champion
CUST018144,228,1,831.58,2,1,2,Lost
CUST018145,72,5,1870.06,4,5,4,Champion
CUST018146,91,3,2363.24,4,4,4,Champion
CUST018148,77,2,1250.2,4,3,3,Loyal Customer
CUST018151,813,1,444.87,1,1,2,Lost
CUST018152,71,3,1243.49,4,4,3,Loyal Customer
CUST018154,232,2,1088.6399999999999,2,3,3,At Risk
CUST018155,178,1,289.19,3,1,1,Needs Attention
CUST018156,238,1,643.95,2,1,2,Lost
CUST018157,157,6,3968.8199999999997,3,5,5,Loyal Customer
CUST018160,705,2,533.64,1,3,2,At Risk
CUST018162,34,2,911.5,5,3,3,Loyal Customer
CUST018163,57,4,3894.56,4,4,5,Champion
CUST018165,575,1,562.82,1,1,2,Lost
CUST018168,39,6,2658.48,5,5,4,Champion
CUST018169,308,1,1284.32,2,1,3,Lost
CUST018170,107,4,1337.13,3,4,3,Loyal Customer
CUST018171,230,3,1444.68,2,4,3,At Risk
CUST018172,196,2,695.1500000000001,3,3,2,Loyal Customer
CUST018173,80,2,1254.52,4,3,3,Loyal Customer
CUST018174,445,2,683.88,1,3,2,At Risk
CUST018175,317,4,2617.2200000000003,2,4,4,At Risk
CUST018179,23,6,2613.56,5,5,4,Champion
CUST018180,195,2,349.52,3,3,1,Loyal Customer
CUST018181,155,2,969.32,3,3,3,Loyal Customer
CUST018182,364,1,537.36,2,1,2,Lost
CUST018185,16,12,7582.04,5,5,5,Champion
CUST018186,339,4,1841.54,2,4,4,At Risk
CUST018188,423,2,785.98,1,3,2,At Risk
CUST018189,227,2,1572.9499999999998,2,3,4,At Risk
CUST018190,67,6,2809.44,4,5,4,Champion
CUST018191,4,2,610.79,5,3,2,Loyal Customer
CUST018192,4,37,17533.72,5,5,5,Champion
CUST018195,566,2,789.23,1,3,2,At Risk
CUST018196,375,3,668.66,2,4,2,At Risk
CUST018197,436,1,1197.64,1,1,3,Lost
CUST018198,753,1,707.24,1,1,2,Lost
CUST018199,119,3,797.88,3,4,2,Loyal Customer
CUST018200,108,2,926.7,3,3,3,Loyal Customer
CUST018202,18,3,3004.7799999999997,5,4,5,Champion
CUST018205,96,1,146.76,4,1,1,Needs Attention
CUST018206,188,3,1378.06,3,4,3,Loyal Customer
CUST018207,101,3,3035.77,4,4,5,Champion
CUST018208,90,1,199.73,4,1,1,Needs Attention
CUST018210,27,4,2077.36,5,4,4,Champion
CUST018211,367,1,119.95,2,1,1,Lost
CUST018212,27,22,13509.32,5,5,5,Champion
CUST018215,781,1,805.59,1,1,2,Lost
CUST018217,51,7,2232.21,4,5,4,Champion
CUST018218,800,1,357.13,1,1,1,Lost
CUST018222,138,1,284.13,3,1,1,Needs Attention
CUST018223,664,1,1040.0,1,1,3,Lost
CUST018226,97,3,1706.31,4,4,4,Champion
CUST018228,13,6,2743.05,5,5,4,Champion
CUST018230,26,1,44.62,5,1,1,Needs Attention
CUST018234,36,6,2102.17,5,5,4,Champion
CUST018235,208,2,1079.7,2,3,3,At Risk
CUST018237,866,1,233.4,1,1,1,Lost
CUST018239,152,2,974.61,3,3,3,Loyal Customer
CUST018241,555,1,74.35,1,1,1,Lost
CUST018243,83,6,4260.19,4,5,5,Champion
CUST018246,190,2,1437.0900000000001,3,3,3,Loyal Customer
CUST018247,378,1,201.08,2,1,1,Lost
CUST018248,188,2,1631.7399999999998,3,3,4,Loyal Customer
CUST018249,304,1,413.43,2,1,1,Lost
CUST018250,434,1,332.75,1,1,1,Lost
CUST018251,41,3,2487.75,4,4,4,Champion
CUST018252,538,2,384.92,1,3,1,At Risk
CUST018254,4,11,8784.16,5,5,5,Champion
CUST018255,80,8,4761.97,4,5,5,Champion
CUST018257,196,2,600.56,3,3,2,Loyal Customer
CUST018259,54,1,122.97,4,1,1,Needs Attention
CUST018261,5,32,19398.56,5,5,5,Champion
CUST018263,608,1,228.6,1,1,1,Lost
CUST018266,300,1,525.16,2,1,2,Lost
CUST018267,81,10,4692.03,4,5,5,Champion
CUST018268,178,1,384.25,3,1,1,Needs Attention
CUST018269,119,2,1001.79,3,3,3,Loyal Customer
CUST018272,104,3,2897.76,3,4,4,Loyal Customer
CUST018274,164,2,1179.08,3,3,3,Loyal Customer
CUST018275,255,2,3227.04,2,3,5,At Risk
CUST018277,443,1,23.17,1,1,1,Lost
CUST018278,53,5,3774.79,4,5,5,Champion
CUST018279,96,6,3023.56,4,5,5,Champion
CUST018280,139,2,1634.31,3,3,4,Loyal Customer
CUST018281,116,2,2004.0300000000002,3,3,4,Loyal Customer
CUST018282,326,1,578.31,2,1,2,Lost
CUST018283,67,4,1715.27,4,4,4,Champion
CUST018286,22,1,153.29,5,1,1,Needs Attention
CUST018288,33,2,978.77,5,3,3,Loyal Customer
CUST018290,70,3,2309.3,4,4,4,Champion
CUST018291,97,2,850.9300000000001,4,3,2,Loyal Customer
CUST018294,233,3,1648.76,2,4,4,At Risk
CUST018295,1,30,15644.19,5,5,5,Champion
CUST018299,963,1,775.64,1,1,2,Lost
CUST018300,89,5,2927.68,4,5,5,Champion
CUST018301,149,1,238.87,3,1,1,Needs Attention
CUST018302,235,1,262.02,2,1,1,Lost
CUST018304,728,1,303.55,1,1,1,Lost
CUST018305,79,3,1236.65,4,4,3,Loyal Customer
CUST018306,911,1,956.23,1,1,3,Lost
CUST018307,230,2,996.39,2,3,3,At Risk
CUST018309,14,1,1117.38,5,1,3,Needs Attention
CUST018310,126,2,960.46,3,3,3,Loyal Customer
CUST018311,543,1,2289.01,1,1,4,Lost
CUST018314,60,20,13249.95,4,5,5,Champion
CUST018315,17,6,3463.2999999999997,5,5,5,Champion
CUST018316,154,4,1042.4099999999999,3,4,3,Loyal Customer
CUST018317,80,1,750.48,4,1,2,Needs Attention
CUST018319,49,3,1884.13,4,4,4,Champion
CUST018320,146,9,5534.6,3,5,5,Loyal Customer
CUST018324,287,2,485.85,2,3,2,At Risk
CUST018325,129,2,353.78,3,3,1,Loyal Customer
CUST018326,127,4,1792.79,3,4,4,Loyal Customer
CUST018328,42,1,192.72,4,1,1,Needs Attention
CUST018330,6,1,252.0,5,1,1,Needs Attention
CUST018331,908,1,1128.38,1,1,3,Lost
CUST018332,195,1,182.12,3,1,1,Needs Attention
CUST018333,73,4,2041.91,4,4,4,Champion
CUST018334,15,21,9282.38,5,5,5,Champion
CUST018337,271,2,1386.96,2,3,3,At Risk
CUST018338,7,3,1068.75,5,4,3,Loyal Customer
CUST018339,627,2,755.85,1,3,2,At Risk
CUST018340,257,2,1127.01,2,3,3,At Risk
CUST018342,34,1,296.22,5,1,1,Needs Attention
CUST018346,377,2,1061.02,2,3,3,At Risk
CUST018347,298,2,903.95,2,3,3,At Risk
CUST018348,75,11,4478.22,4,5,5,Champion
CUST018349,47,1,279.6,4,1,1,Needs Attention
CUST018350,311,3,747.73,2,4,2,At Risk
CUST018351,51,10,4626.55,4,5,5,Champion
CUST018353,74,1,81.69,4,1,1,Needs Attention
CUST018354,97,3,789.46,4,4,2,Loyal Customer
CUST018357,617,1,321.95,1,1,1,Lost
CUST018358,290,2,327.97999999999996,2,3,1,At Risk
CUST018361,84,1,707.24,4,1,2,Needs Attention
CUST018362,305,2,683.4000000000001,2,3,2,At Risk
CUST018363,144,1,335.56,3,1,1,Needs Attention
CUST018365,4,182,99290.35,5,5,5,Champion
CUST018367,130,1,23.17,3,1,1,Needs Attention
CUST018368,305,1,420.08,2,1,1,Lost
CUST018369,38,2,1489.91,5,3,3,Loyal Customer
CUST018370,387,1,444.48,2,1,2,Lost
CUST018371,189,6,3163.74,3,5,5,Loyal Customer
CUST018372,49,2,1055.45,4,3,3,Loyal Customer
CUST018374,512,1,310.58,1,1,1,Lost
CUST018377,109,4,1726.6,3,4,4,Loyal Customer
CUST018378,276,1,495.6,2,1,2,Lost
CUST018382,554,1,30.17,1,1,1,Lost
CUST018384,493,2,623.06,1,3,2,At Risk
CUST018385,14,2,866.54,5,3,2,Loyal Customer
CUST018387,12,16,11941.27,5,5,5,Champion
CUST018390,65,2,898.04,4,3,3,Loyal Customer
CUST018391,349,1,140.31,2,1,1,Lost
CUST018393,30,7,2300.4,5,5,4,Champion
CUST018394,45,3,1562.88,4,4,4,Champion
CUST018396,172,2,1695.65,3,3,4,Loyal Customer
CUST018397,351,1,476.84,2,1,2,Lost
CUST018399,489,1,869.38,1,1,2,Lost
CUST018400,1,37,21146.079999999998,5,5,5,Champion
CUST018401,64,7,3251.85,4,5,5,Champion
CUST018402,108,3,989.53,3,4,3,Loyal Customer
CUST018404,5,2,927.66,5,3,3,Loyal Customer
CUST018406,84,2,715.47,4,3,2,Loyal Customer
CUST018408,264,6,3749.41,2,5,5,At Risk
CUST018409,638,1,1151.99,1,1,3,Lost
CUST018410,9,9,5595.37,5,5,5,Champion
CUST018413,626,1,91.67,1,1,1,Lost
CUST018414,209,1,563.12,2,1,2,Lost
CUST018415,41,4,1006.94,4,4,3,Loyal Customer
CUST018416,21,5,2811.87,5,5,4,Champion
CUST018417,131,3,583.51,3,4,2,Loyal Customer
CUST018418,344,1,85.59,2,1,1,Lost
CUST018420,58,3,1460.9899999999998,4,4,3,Loyal Customer
CUST018421,794,2,956.8000000000001,1,3,3,At Risk
CUST018422,127,1,733.01,3,1,2,Needs Attention
CUST018423,31,3,1186.44,5,4,3,Loyal Customer
CUST018424,108,1,415.66,3,1,1,Needs Attention
CUST018425,11,21,13106.43,5,5,5,Champion
CUST018426,236,6,3785.07,2,5,5,At Risk
CUST018427,398,2,1304.1100000000001,1,3,3,At Risk
CUST018428,350,2,612.61,2,3,2,At Risk
CUST018429,116,2,1451.8400000000001,3,3,3,Loyal Customer
CUST018433,11,10,7335.68,5,5,5,Champion
CUST018435,78,1,172.61,4,1,1,Needs Attention
CUST018437,765,1,458.06,1,1,2,Lost
CUST018438,202,3,1874.12,3,4,4,Loyal Customer
CUST018440,147,6,2860.0699999999997,3,5,4,Loyal Customer
CUST018441,67,6,3350.4,4,5,5,Champion
CUST018442,718,1,310.88,1,1,1,Lost
CUST018443,213,3,570.87,2,4,2,At Risk
CUST018445,384,1,1222.99,2,1,3,Lost
CUST018447,144,5,988.46,3,5,3,Loyal Customer
CUST018448,417,1,827.08,1,1,2,Lost
CUST018449,54,1,1112.45,4,1,3,Needs Attention
CUST018451,60,17,10399.2,4,5,5,Champion
CUST018452,23,3,2987.05,5,4,5,Champion
CUST018453,162,1,317.48,3,1,1,Needs Attention
CUST018454,9,19,15770.67,5,5,5,Champion
CUST018456,380,1,274.04,2,1,1,Lost
CUST018458,533,1,1228.57,1,1,3,Lost
CUST018459,306,1,1208.31,2,1,3,Lost
CUST018460,11,1,265.39,5,1,1,Needs Attention
CUST018461,26,9,4852.45,5,5,5,Champion
CUST018462,7,1,1557.68,5,1,4,Needs Attention
CUST018466,20,22,14603.16,5,5,5,Champion
CUST018467,37,1,537.36,5,1,2,Needs Attention
CUST018468,244,2,895.7700000000001,2,3,3,At Risk
CUST018469,122,2,1371.8000000000002,3,3,3,Loyal Customer
CUST018471,626,1,453.13,1,1,2,Lost
CUST018473,79,3,3654.95,4,4,5,Champion
CUST018474,132,1,1053.88,3,1,3,Needs Attention
CUST018476,160,4,2236.15,3,4,4,Loyal Customer
CUST018477,31,25,13338.22,5,5,5,Champion
CUST018478,550,1,494.18,1,1,2,Lost
CUST018479,228,1,754.89,2,1,2,Lost
CUST018480,271,1,226.57,2,1,1,Lost
CUST018481,280,1,137.94,2,1,1,Lost
CUST018482,20,16,13732.789999999999,5,5,5,Champion
CUST018484,85,3,2775.57,4,4,4,Champion
CUST018486,22,1,766.86,5,1,2,Needs Attention
CUST018488,397,4,2741.1,1,4,4,At Risk
CUST018489,633,2,1858.6399999999999,1,3,4,At Risk
CUST018490,126,2,433.52,3,3,1,Loyal Customer
CUST018491,66,17,6748.37,4,5,5,Champion
CUST018492,280,4,3507.32,2,4,5,At Risk
CUST018493,1029,1,319.85,1,1,1,Lost
CUST018495,78,6,3414.8199999999997,4,5,5,Champion
CUST018496,61,2,1251.89,4,3,3,Loyal Customer
CUST018498,719,1,329.36,1,1,1,Lost
CUST018500,652,1,249.56,1,1,1,Lost
CUST018502,11,2,676.0600000000001,5,3,2,Loyal Customer
CUST018503,14,2,1290.5700000000002,5,3,3,Loyal Customer
CUST018504,542,1,565.01,1,1,2,Lost
CUST018505,30,9,5502.37,5,5,5,Champion
CUST018506,24,2,1313.42,5,3,3,Loyal Customer
CUST018507,19,3,2319.83,5,4,4,Champion
CUST018508,104,5,2591.23,3,5,4,Loyal Customer
CUST018509,41,6,3448.78,4,5,5,Champion
CUST018510,285,3,450.72,2,4,2,At Risk
CUST018512,67,1,494.18,4,1,2,Needs Attention
CUST018514,423,1,429.93,1,1,1,Lost
CUST018515,446,2,203.03,1,3,1,At Risk
CUST018516,20,7,5277.18,5,5,5,Champion
CUST018517,86,1,184.83,4,1,1,Needs Attention
CUST018519,25,9,6244.51,5,5,5,Champion
CUST018522,1,8,1940.3600000000001,5,5,4,Champion
CUST018523,9,4,3209.6499999999996,5,4,5,Champion
CUST018524,347,2,733.26,2,3,2,At Risk
CUST018525,13,1,720.86,5,1,2,Needs Attention
CUST018527,18,3,3957.79,5,4,5,Champion
CUST018528,257,1,1884.91,2,1,4,Lost
CUST018529,62,3,2032.2,4,4,4,Champion
CUST018530,174,2,882.06,3,3,3,Loyal Customer
CUST018531,138,2,515.22,3,3,2,Loyal Customer
CUST018535,328,2,251.44,2,3,1,At Risk
CUST018536,28,1,279.59,5,1,1,Needs Attention
CUST018539,44,2,262.68,4,3,1,Loyal Customer
CUST018542,78,3,1246.59,4,4,3,Loyal Customer
CUST018543,119,3,1134.56,3,4,3,Loyal Customer
CUST018544,110,6,3883.33,3,5,5,Loyal Customer
CUST018545,135,7,5180.610000000001,3,5,5,Loyal Customer
CUST018546,165,1,109.04,3,1,1,Needs Attention
CUST018547,182,2,1912.09,3,3,4,Loyal Customer
CUST018550,418,1,639.56,1,1,2,Lost
CUST018554,28,11,6470.37,5,5,5,Champion
CUST018555,123,5,3193.0099999999998,3,5,5,Loyal Customer
CUST018556,112,2,940.8,3,3,3,Loyal Customer
CUST018557,444,1,307.35,1,1,1,Lost
CUST018559,310,1,86.39,2,1,1,Lost
CUST018561,74,5,2884.39,4,5,4,Champion
CUST018563,168,2,1043.47,3,3,3,Loyal Customer
CUST018564,14,14,6113.01,5,5,5,Champion
CUST018565,475,1,769.18,1,1,2,Lost
CUST018566,344,1,303.22,2,1,1,Lost
CUST018569,51,5,2927.42,4,5,5,Champion
CUST018570,251,3,1500.44,2,4,3,At Risk
CUST018573,50,4,2556.48,4,4,4,Champion
CUST018574,122,1,1022.72,3,1,3,Needs Attention
CUST018576,39,4,1683.6,5,4,4,Champion
CUST018577,14,2,669.75,5,3,2,Loyal Customer
CUST018578,112,4,1637.03,3,4,4,Loyal Customer
CUST018579,333,2,483.44,2,3,2,At Risk
CUST018581,36,6,2665.08,5,5,4,Champion
CUST018582,94,2,987.65,4,3,3,Loyal Customer
CUST018585,282,1,1294.48,2,1,3,Lost
CUST018586,66,1,414.17,4,1,1,Needs Attention
CUST018590,928,1,320.93,1,1,1,Lost
CUST018594,186,2,887.6500000000001,3,3,3,Loyal Customer
CUST018595,266,1,1482.54,2,1,3,Lost
CUST018596,50,2,1231.23,4,3,3,Loyal Customer
CUST018599,232,7,2251.11,2,5,4,At Risk
CUST018600,526,1,383.39,1,1,1,Lost
CUST018601,66,4,2207.13,4,4,4,Champion
CUST018602,367,2,1042.97,2,3,3,At Risk
CUST018605,38,5,2146.75,5,5,4,Champion
CUST018607,19,3,2424.09,5,4,4,Champion
CUST018608,441,2,477.01,1,3,2,At Risk
CUST018609,592,2,247.61,1,3,1,At Risk
CUST018615,35,3,1318.68,5,4,3,Loyal Customer
CUST018616,18,7,3341.43,5,5,5,Champion
CUST018621,35,2,1066.6799999999998,5,3,3,Loyal Customer
CUST018622,145,2,1122.17,3,3,3,Loyal Customer
CUST018623,375,1,1121.78,2,1,3,Lost
CUST018624,487,4,4070.25,1,4,5,At Risk
CUST018627,25,13,7966.61,5,5,5,Champion
CUST018629,33,2,2629.41,5,3,4,Loyal Customer
CUST018630,151,10,6068.610000000001,3,5,5,Loyal Customer
CUST018632,84,3,3952.35,4,4,5,Champion
CUST018634,192,2,1331.5,3,3,3,Loyal Customer
CUST018635,21,1,673.41,5,1,2,Needs Attention
CUST018636,13,22,6990.11,5,5,5,Champion
CUST018637,76,4,1262.27,4,4,3,Loyal Customer
CUST018639,375,1,241.34,2,1,1,Lost
CUST018641,603,2,667.37,1,3,2,At Risk
CUST018643,280,1,882.04,2,1,3,Lost
CUST018644,579,2,696.92,1,3,2,At Risk
CUST018645,43,5,2129.14,4,5,4,Champion
CUST018647,514,1,576.18,1,1,2,Lost
CUST018648,650,2,1876.92,1,3,4,At Risk
CUST018650,335,2,1813.64,2,3,4,At Risk
CUST018653,77,5,3143.98,4,5,5,Champion
CUST018656,169,1,1153.49,3,1,3,Needs Attention
CUST018658,500,1,283.28,1,1,1,Lost
CUST018659,24,11,5815.36,5,5,5,Champion
CUST018660,63,2,1947.29,4,3,4,Loyal Customer
CUST018661,44,3,991.02,4,4,3,Loyal Customer
CUST018665,329,2,1744.9,2,3,4,At Risk
CUST018668,37,1,402.19,5,1,1,Needs Attention
CUST018669,284,2,316.59,2,3,1,At Risk
CUST018670,73,1,682.26,4,1,2,Needs Attention
CUST018672,212,1,1607.78,2,1,4,Lost
CUST018673,112,4,2005.95,3,4,4,Loyal Customer
CUST018675,45,1,402.27,4,1,1,Needs Attention
CUST018678,219,1,249.56,2,1,1,Lost
CUST018680,459,2,1042.94,1,3,3,At Risk
CUST018681,185,6,3430.85,3,5,5,Loyal Customer
CUST018682,167,2,1107.58,3,3,3,Loyal Customer
CUST018683,275,1,1874.91,2,1,4,Lost
CUST018684,181,1,1115.04,3,1,3,Needs Attention
CUST018685,148,5,1732.37,3,5,4,Loyal Customer
CUST018686,227,2,1355.69,2,3,3,At Risk
CUST018687,136,1,205.16,3,1,1,Needs Attention
CUST018688,838,1,209.92,1,1,1,Lost
CUST018689,10,5,1845.1599999999999,5,5,4,Champion
CUST018692,59,12,4165.64,4,5,5,Champion
CUST018699,588,1,306.77,1,1,1,Lost
CUST018701,156,2,982.74,3,3,3,Loyal Customer
CUST018704,60,7,6476.049999999999,4,5,5,Champion
CUST018706,337,4,3097.94,2,4,5,At Risk
CUST018707,7,4,1469.83,5,4,3,Loyal Customer
CUST018708,416,1,803.47,1,1,2,Lost
CUST018711,142,1,2075.86,3,1,4,Needs Attention
CUST018712,226,4,4337.92,2,4,5,At Risk
CUST018713,573,1,1580.83,1,1,4,Lost
CUST018714,43,15,6091.26,4,5,5,Champion
CUST018715,389,2,959.01,2,3,3,At Risk
CUST018716,382,4,3179.15,2,4,5,At Risk
CUST018717,393,1,502.94,1,1,2,Lost
CUST018720,566,1,577.99,1,1,2,Lost
CUST018722,300,1,51.25,2,1,1,Lost
CUST018723,146,3,976.62,3,4,3,Loyal Customer
CUST018724,101,2,301.62,4,3,1,Loyal Customer
CUST018726,37,3,1557.5,5,4,4,Champion
CUST018727,122,2,2052.56,3,3,4,Loyal Customer
CUST018728,20,1,1881.77,5,1,4,Needs Attention
CUST018729,343,3,1451.0900000000001,2,4,3,At Risk
CUST018730,15,5,3196.1400000000003,5,5,5,Champion
CUST018732,257,3,1534.3700000000001,2,4,3,At Risk
CUST018733,19,7,3752.88,5,5,5,Champion
CUST018736,467,2,1785.89,1,3,4,At Risk
CUST018738,322,6,1581.5700000000002,2,5,4,At Risk
CUST018739,7,20,12353.82,5,5,5,Champion
CUST018741,41,7,2979.65,4,5,5,Champion
CUST018742,92,2,826.94,4,3,2,Loyal Customer
CUST018743,134,4,2644.88,3,4,4,Loyal Customer
CUST018744,183,1,164.52,3,1,1,Needs Attention
CUST018745,498,1,298.28,1,1,1,Lost
CUST018748,156,2,2122.99,3,3,4,Loyal Customer
CUST018750,736,1,56.77,1,1,1,Lost
CUST018751,487,1,1429.32,1,1,3,Lost
CUST018755,73,7,4293.45,4,5,5,Champion
CUST018756,316,2,640.27,2,3,2,At Risk
CUST018758,61,2,648.63,4,3,2,Loyal Customer
CUST018759,417,2,2103.9,1,3,4,At Risk
CUST018760,198,2,785.27,3,3,2,Loyal Customer
CUST018761,2,24,12526.789999999999,5,5,5,Champion
CUST018762,252,2,1733.9499999999998,2,3,4,At Risk
CUST018763,212,5,3955.44,2,5,5,At Risk
CUST018764,27,6,3889.0699999999997,5,5,5,Champion
CUST018765,128,2,1243.02,3,3,3,Loyal Customer
CUST018768,66,4,984.29,4,4,3,Loyal Customer
CUST018769,238,5,1844.72,2,5,4,At Risk
CUST018770,112,4,2578.3,3,4,4,Loyal Customer
CUST018771,415,2,1669.24,1,3,4,At Risk
CUST018772,246,5,2606.17,2,5,4,At Risk
CUST018773,71,5,1492.13,4,5,3,Loyal Customer
CUST018775,254,2,2646.66,2,3,4,At Risk
CUST018776,184,1,608.18,3,1,2,Needs Attention
CUST018777,474,2,2109.08,1,3,4,At Risk
CUST018778,147,2,1486.06,3,3,3,Loyal Customer
CUST018780,31,1,1635.41,5,1,4,Needs Attention
CUST018781,119,4,751.38,3,4,2,Loyal Customer
CUST018782,103,11,4783.11,3,5,5,Loyal Customer
CUST018783,89,6,4096.74,4,5,5,Champion
CUST018785,3,7,4785.0,5,5,5,Champion
CUST018786,444,1,558.42,1,1,2,Lost
CUST018787,72,3,1574.66,4,4,4,Champion
CUST018788,328,2,1437.08,2,3,3,At Risk
CUST018789,307,2,460.90000000000003,2,3,2,At Risk
CUST018791,59,7,3158.92,4,5,5,Champion
CUST018792,165,2,592.5899999999999,3,3,2,Loyal Customer
CUST018794,150,2,966.22,3,3,3,Loyal Customer
CUST018796,557,1,649.88,1,1,2,Lost
CUST018798,681,1,171.23,1,1,1,Lost
CUST018799,63,2,383.38,4,3,1,Loyal Customer
CUST018800,181,13,6055.6900000000005,3,5,5,Loyal Customer
CUST018805,404,1,370.45,1,1,1,Lost
CUST018806,98,1,866.24,4,1,2,Needs Attention
CUST018809,28,2,2562.2200000000003,5,3,4,Loyal Customer
CUST018810,69,16,11244.050000000001,4,5,5,Champion
CUST018811,340,1,528.18,2,1,2,Lost
CUST018812,60,11,3929.3,4,5,5,Champion
CUST018815,161,8,4777.110000000001,3,5,5,Loyal Customer
CUST018816,263,3,1633.59,2,4,4,At Risk
CUST018817,610,1,169.22,1,1,1,Lost
CUST018820,286,5,2294.36,2,5,4,At Risk
CUST018821,79,1,1277.2,4,1,3,Needs Attention
CUST018822,40,1,295.69,4,1,1,Needs Attention
CUST018823,17,3,1651.31,5,4,4,Champion
CUST018824,195,1,444.87,3,1,2,Needs Attention
CUST018825,1,3,2113.56,5,4,4,Champion
CUST018826,269,1,586.14,2,1,2,Lost
CUST018827,270,3,968.1300000000001,2,4,3,At Risk
CUST018829,367,2,1049.63,2,3,3,At Risk
CUST018834,31,1,896.89,5,1,3,Needs Attention
CUST018836,64,3,2429.52,4,4,4,Champion
CUST018837,97,20,11929.55,4,5,5,Champion
CUST018839,28,1,1246.97,5,1,3,Needs Attention
CUST018840,74,3,2448.01,4,4,4,Champion
CUST018842,223,1,378.32,2,1,1,Lost
CUST018844,859,1,609.3,1,1,2,Lost
CUST018845,109,6,3207.31,3,5,5,Loyal Customer
CUST018846,17,1,541.27,5,1,2,Needs Attention
CUST018847,197,1,780.96,3,1,2,Needs Attention
CUST018849,497,1,808.35,1,1,2,Lost
CUST018851,71,1,1677.61,4,1,4,Needs Attention
CUST018852,155,1,535.95,3,1,2,Needs Attention
CUST018853,157,3,2323.9700000000003,3,4,4,Loyal Customer
CUST018855,685,1,270.07,1,1,1,Lost
CUST018856,806,1,1714.75,1,1,4,Lost
CUST018857,4,142,70756.97,5,5,5,Champion
CUST018858,876,1,168.28,1,1,1,Lost
CUST018859,18,15,7795.43,5,5,5,Champion
CUST018860,74,2,1489.44,4,3,3,Loyal Customer
CUST018861,87,4,1709.21,4,4,4,Champion
CUST018862,32,3,686.5500000000001,5,4,2,Loyal Customer
CUST018863,13,3,2261.01,5,4,4,Champion
CUST018864,60,1,813.78,4,1,2,Needs Attention
CUST018867,70,3,946.4200000000001,4,4,3,Loyal Customer
CUST018868,2,27,12288.64,5,5,5,Champion
CUST018869,166,1,1062.45,3,1,3,Needs Attention
CUST018870,26,2,1506.3000000000002,5,3,3,Loyal Customer
CUST018871,260,1,243.8,2,1,1,Lost
CUST018873,253,4,1228.44,2,4,3,At Risk
CUST018876,34,4,1998.4299999999998,5,4,4,Champion
CUST018877,14,1,835.88,5,1,2,Needs Attention
CUST018881,363,1,298.15,2,1,1,Lost
CUST018883,415,1,252.0,1,1,1,Lost
CUST018884,51,7,4065.39,4,5,5,Champion
CUST018886,109,2,682.9000000000001,3,3,2,Loyal Customer
CUST018887,87,2,1725.35,4,3,4,Loyal Customer
CUST018890,853,1,328.32,1,1,1,Lost
CUST018891,175,4,4723.8,3,4,5,Loyal Customer
CUST018892,186,6,3342.41,3,5,5,Loyal Customer
CUST018896,337,1,745.4,2,1,2,Lost
CUST018899,111,1,972.26,3,1,3,Needs Attention
CUST018901,30,3,1877.68,5,4,4,Champion
CUST018902,140,2,653.38,3,3,2,Loyal Customer
CUST018903,24,2,638.41,5,3,2,Loyal Customer
CUST018904,240,1,328.09,2,1,1,Lost
CUST018905,2,1,334.71,5,1,1,Needs Attention
CUST018906,84,5,2352.17,4,5,4,Champion
CUST018908,435,1,709.92,1,1,2,Lost
CUST018909,361,1,373.97,2,1,1,Lost
CUST018910,585,2,1295.24,1,3,3,At Risk
CUST018911,245,2,369.14,2,3,1,At Risk
CUST018912,10,7,4816.13,5,5,5,Champion
CUST018913,317,2,1096.19,2,3,3,At Risk
CUST018914,101,6,2472.16,4,5,4,Champion
CUST018916,173,1,600.06,3,1,2,Needs Attention
CUST018918,239,2,913.28,2,3,3,At Risk
CUST018919,525,1,1233.3,1,1,3,Lost
CUST018920,65,8,4216.2699999999995,4,5,5,Champion
CUST018923,15,9,4499.44,5,5,5,Champion
CUST018924,209,3,1709.17,2,4,4,At Risk
CUST018925,24,2,814.98,5,3,2,Loyal Customer
CUST018927,351,1,708.72,2,1,2,Lost
CUST018930,10,2,988.77,5,3,3,Loyal Customer
CUST018931,263,3,2268.08,2,4,4,At Risk
CUST018932,83,5,3264.25,4,5,5,Champion
CUST018934,585,1,196.63,1,1,1,Lost
CUST018935,202,1,837.85,3,1,2,Needs Attention
CUST018937,406,3,1174.85,1,4,3,At Risk
CUST018939,8,12,5177.81,5,5,5,Champion
CUST018940,164,1,60.73,3,1,1,Needs Attention
CUST018941,304,1,155.29,2,1,1,Lost
CUST018942,22,3,2400.4900000000002,5,4,4,Champion
CUST018943,377,1,534.9,2,1,2,Lost
CUST018944,335,1,38.69,2,1,1,Lost
CUST018945,106,8,6510.599999999999,3,5,5,Loyal Customer
CUST018949,790,1,1348.07,1,1,3,Lost
CUST018950,517,1,454.3,1,1,2,Lost
CUST018951,268,2,1636.82,2,3,4,At Risk
CUST018952,126,3,1236.95,3,4,3,Loyal Customer
CUST018953,285,2,1620.3600000000001,2,3,4,At Risk
CUST018954,56,2,1291.37,4,3,3,Loyal Customer
CUST018955,106,4,3381.8,3,4,5,Loyal Customer
CUST018956,360,1,583.02,2,1,2,Lost
CUST018957,220,1,489.06,2,1,2,Lost
CUST018958,472,1,43.51,1,1,1,Lost
CUST018959,236,1,655.71,2,1,2,Lost
CUST018960,405,2,2193.65,1,3,4,At Risk
CUST018963,300,3,823.1099999999999,2,4,2,At Risk
CUST018964,428,1,523.03,1,1,2,Lost
CUST018966,4,3,2244.02,5,4,4,Champion
CUST018967,98,3,1216.06,4,4,3,Loyal Customer
CUST018969,2,25,10520.13,5,5,5,Champion
CUST018970,242,1,354.46,2,1,1,Lost
CUST018971,349,3,3069.77,2,4,5,At Risk
CUST018972,21,11,5699.67,5,5,5,Champion
CUST018973,65,2,536.01,4,3,2,Loyal Customer
CUST018974,400,1,279.33,1,1,1,Lost
CUST018975,993,1,351.47,1,1,1,Lost
CUST018977,1,1,191.27,5,1,1,Needs Attention
CUST018978,136,3,769.73,3,4,2,Loyal Customer
CUST018979,454,3,1339.1299999999999,1,4,3,At Risk
CUST018981,114,11,4827.95,3,5,5,Loyal Customer
CUST018983,26,2,946.81,5,3,3,Loyal Customer
CUST018984,3,7,3538.5699999999997,5,5,5,Champion
CUST018986,101,6,4372.52,4,5,5,Champion
CUST018988,175,12,6151.12,3,5,5,Loyal Customer
CUST018989,146,3,1274.44,3,4,3,Loyal Customer
CUST018992,139,1,574.0,3,1,2,Needs Attention
CUST018995,447,1,187.96,1,1,1,Lost
CUST018996,233,1,343.69,2,1,1,Lost
CUST018997,735,1,963.56,1,1,3,Lost
CUST018998,111,6,3398.1800000000003,3,5,5,Loyal Customer
CUST018999,445,1,700.07,1,1,2,Lost
CUST019000,666,1,672.75,1,1,2,Lost
CUST019002,148,1,566.51,3,1,2,Needs Attention
CUST019003,59,5,4594.02,4,5,5,Champion
CUST019007,307,1,603.97,2,1,2,Lost
CUST019011,885,1,513.24,1,1,2,Lost
CUST019012,82,2,163.31,4,3,1,Loyal Customer
CUST019013,242,1,195.55,2,1,1,Lost
CUST019015,90,2,844.69,4,3,2,Loyal Customer
CUST019016,15,17,9958.08,5,5,5,Champion
CUST019017,127,5,3196.17,3,5,5,Loyal Customer
CUST019019,209,6,3282.94,2,5,5,At Risk
CUST019020,38,12,6438.13,5,5,5,Champion
CUST019022,355,2,735.51,2,3,2,At Risk
CUST019023,239,1,1744.05,2,1,4,Lost
CUST019027,166,3,2433.81,3,4,4,Loyal Customer
CUST019028,55,1,313.3,4,1,1,Needs Attention
CUST019030,395,2,473.21999999999997,1,3,2,At Risk
CUST019032,862,2,2023.7600000000002,1,3,4,At Risk
CUST019033,578,2,1078.53,1,3,3,At Risk
CUST019034,384,1,169.22,2,1,1,Lost
CUST019036,105,2,1047.44,3,3,3,Loyal Customer
CUST019037,467,2,1204.56,1,3,3,At Risk
CUST019038,148,2,1911.38,3,3,4,Loyal Customer
CUST019039,490,1,109.81,1,1,1,Lost
CUST019041,11,2,1284.74,5,3,3,Loyal Customer
CUST019042,524,1,384.97,1,1,1,Lost
CUST019043,57,14,8879.85,4,5,5,Champion
CUST019044,823,1,87.15,1,1,1,Lost
CUST019045,28,5,3019.1600000000003,5,5,5,Champion
CUST019050,36,8,3740.55,5,5,5,Champion
CUST019052,189,2,2034.66,3,3,4,Loyal Customer
CUST019054,904,1,76.35,1,1,1,Lost
CUST019055,89,11,5444.36,4,5,5,Champion
CUST019057,8,6,2771.53,5,5,4,Champion
CUST019058,81,3,3705.0,4,4,5,Champion
CUST019059,136,3,2506.99,3,4,4,Loyal Customer
CUST019060,230,2,1067.8200000000002,2,3,3,At Risk
CUST019061,111,2,572.97,3,3,2,Loyal Customer
CUST019063,55,4,1039.73,4,4,3,Loyal Customer
CUST019065,27,3,1663.68,5,4,4,Champion
CUST019067,172,6,3670.09,3,5,5,Loyal Customer
CUST019068,179,1,338.7,3,1,1,Needs Attention
CUST019069,93,3,1702.13,4,4,4,Champion
CUST019070,421,2,485.18000000000006,1,3,2,At Risk
CUST019071,44,3,1505.8400000000001,4,4,3,Loyal Customer
CUST019072,552,1,302.31,1,1,1,Lost
CUST019074,154,16,6698.49,3,5,5,Loyal Customer
CUST019076,692,1,137.25,1,1,1,Lost
CUST019077,435,2,434.62,1,3,1,At Risk
CUST019079,162,13,8487.22,3,5,5,Loyal Customer
CUST019080,759,1,871.58,1,1,3,Lost
CUST019082,3,6,4388.59,5,5,5,Champion
CUST019083,77,5,2623.48,4,5,4,Champion
CUST019086,42,8,6526.32,4,5,5,Champion
CUST019089,378,2,1528.3600000000001,2,3,3,At Risk
CUST019090,2,32,19927.37,5,5,5,Champion
CUST019091,170,5,2283.21,3,5,4,Loyal Customer
CUST019092,25,3,2446.62,5,4,4,Champion
CUST019093,81,2,1328.61,4,3,3,Loyal Customer
CUST019094,357,2,491.82,2,3,2,At Risk
CUST019095,29,12,9029.29,5,5,5,Champion
CUST019096,146,1,733.91,3,1,2,Needs Attention
CUST019097,483,1,167.18,1,1,1,Lost
CUST019098,423,1,487.18,1,1,2,Lost
CUST019099,125,2,2208.01,3,3,4,Loyal Customer
CUST019100,520,1,988.76,1,1,3,Lost
CUST019101,219,3,1893.49,2,4,4,At Risk
CUST019102,92,9,3124.73,4,5,5,Champion
CUST019104,261,2,1484.91,2,3,3,At Risk
CUST019105,33,4,2821.2,5,4,4,Champion
CUST019106,82,2,2903.85,4,3,5,Loyal Customer
CUST019108,59,4,3355.58,4,4,5,Champion
CUST019109,441,2,526.29,1,3,2,At Risk
CUST019110,633,1,167.18,1,1,1,Lost
CUST019111,110,1,373.31,3,1,1,Needs Attention
CUST019112,74,1,780.34,4,1,2,Needs Attention
CUST019113,388,1,855.77,2,1,2,Lost
CUST019114,61,9,4780.57,4,5,5,Champion
CUST019115,222,1,336.5,2,1,1,Lost
CUST019116,260,1,962.63,2,1,3,Lost
CUST019117,29,3,3804.33,5,4,5,Champion
CUST019118,142,4,4043.4199999999996,3,4,5,Loyal Customer
CUST019119,521,1,599.67,1,2,2,Lost
CUST019120,522,1,258.19,1,2,1,Lost
CUST019121,242,2,1457.89,2,3,3,At Risk
CUST019124,12,45,21263.9,5,5,5,Champion
CUST019125,311,4,4712.38,2,4,5,At Risk
CUST019127,469,2,810.55,1,3,2,At Risk
CUST019128,152,7,1572.71,3,5,4,Loyal Customer
CUST019129,550,1,421.52,1,2,1,Lost
CUST019134,12,4,1346.1100000000001,5,4,3,Loyal Customer
CUST019136,130,3,1879.4,3,4,4,Loyal Customer
CUST019137,41,2,1636.7199999999998,4,3,4,Loyal Customer
CUST019138,74,1,500.39,4,2,2,Needs Attention
CUST019140,478,3,594.45,1,4,2,At Risk
CUST019141,480,2,338.6,1,3,1,At Risk
CUST019142,162,5,4315.39,3,5,5,Loyal Customer
CUST019143,259,1,78.32,2,2,1,Lost
CUST019144,17,12,6968.1900000000005,5,5,5,Champion
CUST019145,743,1,332.42,1,2,1,Lost
CUST019148,132,3,2709.83,3,4,4,Loyal Customer
CUST019150,40,8,4209.28,4,5,5,Champion
CUST019151,22,4,2391.9500000000003,5,4,4,Champion
CUST019153,94,5,4017.7400000000002,4,5,5,Champion
CUST019156,52,5,3182.27,4,5,5,Champion
CUST019157,33,2,812.01,5,3,2,Loyal Customer
CUST019159,176,2,1162.6100000000001,3,3,3,Loyal Customer
CUST019160,836,1,981.36,1,2,3,Lost
CUST019161,4,4,2165.66,5,4,4,Champion
CUST019162,144,4,2547.52,3,4,4,Loyal Customer
CUST019163,94,5,2394.77,4,5,4,Champion
CUST019164,139,2,1251.52,3,3,3,Loyal Customer
CUST019165,343,1,122.25,2,2,1,Lost
CUST019169,90,2,1118.34,4,3,3,Loyal Customer
CUST019176,217,1,469.77,2,2,2,Lost
CUST019178,34,2,1351.1999999999998,5,3,3,Loyal Customer
CUST019180,182,1,669.8,3,2,2,Needs Attention
CUST019181,596,1,581.01,1,2,2,Lost
CUST019182,17,3,1727.72,5,4,4,Champion
CUST019184,30,1,652.5,5,2,2,Needs Attention
CUST019185,96,1,107.8,4,2,1,Needs Attention
CUST019189,162,1,1181.89,3,2,3,Needs Attention
CUST019190,71,3,1833.27,4,4,4,Champion
CUST019192,92,1,604.07,4,2,2,Needs Attention
CUST019193,37,5,2615.14,5,5,4,Champion
CUST019196,204,1,314.93,2,2,1,Lost
CUST019199,27,7,4397.19,5,5,5,Champion
CUST019200,68,7,2777.11,4,5,4,Champion
CUST019202,10,1,137.25,5,2,1,Needs Attention
CUST019205,165,5,2042.6,3,5,4,Loyal Customer
CUST019207,463,1,793.74,1,2,2,Lost
CUST019209,13,7,5224.05,5,5,5,Champion
CUST019211,7,5,2480.65,5,5,4,Champion
CUST019213,214,2,872.78,2,3,3,At Risk
CUST019215,309,1,72.79,2,2,1,Lost
CUST019216,134,1,776.03,3,2,2,Needs Attention
CUST019217,301,1,719.67,2,2,2,Lost
CUST019218,411,1,122.25,1,2,1,Lost
CUST019219,332,2,633.5899999999999,2,3,2,At Risk
CUST019221,387,3,605.24,2,4,2,At Risk
CUST019222,345,4,1543.21,2,4,3,At Risk
CUST019223,173,3,1165.22,3,4,3,Loyal Customer
CUST019229,284,2,1705.6699999999998,2,3,4,At Risk
CUST019230,127,3,1014.88,3,4,3,Loyal Customer
CUST019231,256,4,2680.7200000000003,2,4,4,At Risk
CUST019233,46,6,2669.1099999999997,4,5,4,Champion
CUST019235,221,1,191.92,2,2,1,Lost
CUST019236,377,1,622.25,2,2,2,Lost
CUST019237,76,5,3243.24,4,5,5,Champion
CUST019238,292,5,1856.36,2,5,4,At Risk
CUST019239,39,2,866.26,5,3,2,Loyal Customer
CUST019240,88,6,2102.12,4,5,4,Champion
CUST019241,624,1,486.47,1,2,2,Lost
CUST019242,858,1,74.91,1,2,1,Lost
CUST019245,912,1,412.02,1,2,1,Lost
CUST019246,550,1,302.31,1,2,1,Lost
CUST019247,357,1,309.22,2,2,1,Lost
CUST019249,97,4,1667.22,4,4,4,Champion
CUST019250,235,4,2329.14,2,4,4,At Risk
CUST019251,16,26,15626.33,5,5,5,Champion
CUST019252,69,3,1218.3799999999999,4,4,3,Loyal Customer
CUST019253,535,3,754.48,1,4,2,At Risk
CUST019254,606,1,319.97,1,2,1,Lost
CUST019255,59,2,368.15,4,3,1,Loyal Customer
CUST019256,546,1,338.7,1,2,1,Lost
CUST019257,194,6,3381.04,3,5,5,Loyal Customer
CUST019259,276,4,1432.47,2,4,3,At Risk
CUST019260,61,2,542.17,4,3,2,Loyal Customer
CUST019261,123,2,3328.1499999999996,3,3,5,Loyal Customer
CUST019262,1004,1,616.75,1,2,2,Lost
CUST019267,33,4,3932.19,5,4,5,Champion
CUST019268,50,3,977.1899999999998,4,4,3,Loyal Customer
CUST019270,659,1,775.19,1,2,2,Lost
CUST019271,167,2,200.54,3,3,1,Loyal Customer
CUST019272,530,2,1251.78,1,3,3,At Risk
CUST019273,533,1,898.87,1,2,3,Lost
CUST019275,132,9,5417.61,3,5,5,Loyal Customer
CUST019276,83,3,860.4,4,4,2,Loyal Customer
CUST019279,108,4,3995.68,3,4,5,Loyal Customer
CUST019280,112,6,1887.48,3,5,4,Loyal Customer
CUST019282,65,2,2169.84,4,3,4,Loyal Customer
CUST019283,112,3,2321.56,3,4,4,Loyal Customer
CUST019287,275,1,1010.77,2,2,3,Lost
CUST019288,472,1,418.39,1,2,1,Lost
CUST019289,86,3,1246.3400000000001,4,4,3,Loyal Customer
CUST019290,737,1,848.32,1,2,2,Lost
CUST019291,18,1,1243.8,5,2,3,Needs Attention
CUST019293,537,1,1053.81,1,2,3,Lost
CUST019294,351,1,220.97,2,2,1,Lost
CUST019296,8,6,3492.0299999999997,5,5,5,Champion
CUST019297,81,2,321.7,4,3,1,Loyal Customer
CUST019298,148,4,1627.73,3,4,4,Loyal Customer
CUST019300,605,1,499.43,1,2,2,Lost
CUST019301,390,1,268.75,2,2,1,Lost
CUST019303,822,1,632.28,1,2,2,Lost
CUST019304,468,1,596.17,1,2,2,Lost
CUST019306,19,3,1468.1399999999999,5,4,3,Loyal Customer
CUST019307,138,4,3358.21,3,4,5,Loyal Customer
CUST019309,4,9,5104.75,5,5,5,Champion
CUST019310,47,5,4178.68,4,5,5,Champion
CUST019317,610,1,323.32,1,2,1,Lost
CUST019318,182,2,1359.72,3,3,3,Loyal Customer
CUST019321,111,1,693.91,3,2,2,Needs Attention
CUST019322,71,2,842.14,4,3,2,Loyal Customer
CUST019323,25,2,1015.5999999999999,5,3,3,Loyal Customer
CUST019328,489,1,1035.48,1,2,3,Lost
CUST019329,216,1,93.15,2,2,1,Lost
CUST019334,92,7,4502.72,4,5,5,Champion
CUST019335,67,3,770.98,4,4,2,Loyal Customer
CUST019336,276,1,712.36,2,2,2,Lost
CUST019338,109,8,2226.5,3,5,4,Loyal Customer
CUST019340,188,2,1015.44,3,3,3,Loyal Customer
CUST019341,45,1,510.92,4,2,2,Needs Attention
CUST019342,70,10,6660.87,4,5,5,Champion
CUST019345,814,1,333.84,1,2,1,Lost
CUST019347,11,3,3314.07,5,4,5,Champion
CUST019348,72,1,180.4,4,2,1,Needs Attention
CUST019350,103,2,2396.24,3,3,4,Loyal Customer
CUST019352,197,4,2240.2400000000002,3,4,4,Loyal Customer
CUST019353,4,6,2558.42,5,5,4,Champion
CUST019356,125,4,1854.43,3,4,4,Loyal Customer
CUST019358,19,2,891.91,5,3,3,Loyal Customer
CUST019359,43,3,1292.1799999999998,4,4,3,Loyal Customer
CUST019360,221,1,295.69,2,2,1,Lost
CUST019361,45,1,1161.61,4,2,3,Needs Attention
CUST019362,158,1,26.01,3,2,1,Needs Attention
CUST019363,46,8,5907.400000000001,4,5,5,Champion
CUST019364,163,1,372.64,3,2,1,Needs Attention
CUST019367,98,5,2486.56,4,5,4,Champion
CUST019368,116,7,3041.83,3,5,5,Loyal Customer
CUST019369,151,2,762.62,3,3,2,Loyal Customer
CUST019370,54,1,2679.59,4,2,4,Needs Attention
CUST019372,316,2,2151.66,2,3,4,At Risk
CUST019373,17,2,1146.33,5,3,3,Loyal Customer
CUST019374,199,5,2927.9300000000003,3,5,5,Loyal Customer
CUST019375,185,4,2088.25,3,4,4,Loyal Customer
CUST019376,214,4,1930.42,2,4,4,At Risk
CUST019377,4,2,772.81,5,3,2,Loyal Customer
CUST019378,21,6,2908.71,5,5,5,Champion
CUST019381,8,1,286.26,5,2,1,Needs Attention
CUST019382,48,4,1976.6899999999998,4,4,4,Champion
CUST019383,16,2,326.48,5,3,1,Loyal Customer
CUST019385,76,3,1421.25,4,4,3,Loyal Customer
CUST019386,279,2,803.6099999999999,2,3,2,At Risk
CUST019387,6,15,11752.720000000001,5,5,5,Champion
CUST019389,232,3,986.9799999999999,2,4,3,At Risk
CUST019390,181,8,4534.84,3,5,5,Loyal Customer
CUST019391,712,1,440.51,1,2,2,Lost
CUST019392,257,1,186.3,2,2,1,Lost
CUST019393,19,1,880.41,5,2,3,Needs Attention
CUST019394,220,2,1488.45,2,3,3,At Risk
CUST019397,408,1,436.53,1,2,1,Lost
CUST019399,113,2,838.61,3,3,2,Loyal Customer
CUST019402,53,13,8279.05,4,5,5,Champion
CUST019403,693,1,155.29,1,2,1,Lost
CUST019404,236,2,879.64,2,3,3,At Risk
CUST019405,156,4,2772.99,3,4,4,Loyal Customer
CUST019406,3,5,1261.23,5,5,3,Loyal Customer
CUST019407,292,1,1561.5,2,2,4,Lost
CUST019408,17,6,3065.2200000000003,5,5,5,Champion
CUST019409,30,1,323.34,5,2,1,Needs Attention
CUST019410,173,1,875.55,3,2,3,Needs Attention
CUST019411,225,1,609.82,2,2,2,Lost
CUST019412,498,1,20.71,1,2,1,Lost
CUST019413,111,5,1593.0500000000002,3,5,4,Loyal Customer
CUST019415,125,1,803.3,3,2,2,Needs Attention
CUST019416,826,1,585.87,1,2,2,Lost
CUST019417,176,5,4609.39,3,5,5,Loyal Customer
CUST019420,32,14,8483.039999999999,5,5,5,Champion
CUST019421,5,9,5389.15,5,5,5,Champion
CUST019422,632,1,395.86,1,2,1,Lost
CUST019423,186,3,1798.72,3,4,4,Loyal Customer
CUST019424,268,1,647.16,2,2,2,Lost
CUST019425,656,1,387.17,1,2,1,Lost
CUST019426,239,3,3504.8999999999996,2,4,5,At Risk
CUST019427,23,3,1774.3400000000001,5,4,4,Champion
CUST019428,53,4,2506.4700000000003,4,4,4,Champion
CUST019430,626,2,471.97,1,3,2,At Risk
CUST019431,475,1,70.4,1,2,1,Lost
CUST019432,467,1,917.59,1,2,3,Lost
CUST019434,131,4,2842.22,3,4,4,Loyal Customer
CUST019435,78,7,3324.75,4,5,5,Champion
CUST019436,823,1,1300.85,1,2,3,Lost
CUST019437,22,2,2127.7799999999997,5,3,4,Loyal Customer
CUST019438,447,3,1305.62,1,4,3,At Risk
CUST019440,54,3,1804.17,4,4,4,Champion
CUST019441,654,1,61.36,1,2,1,Lost
CUST019442,37,7,3075.55,5,5,5,Champion
CUST019443,14,7,5376.37,5,5,5,Champion
CUST019445,226,1,593.02,2,2,2,Lost
CUST019446,362,2,244.07,2,3,1,At Risk
CUST019447,107,7,5292.48,3,5,5,Loyal Customer
CUST019448,40,3,1614.33,4,4,4,Champion
CUST019449,791,1,316.24,1,2,1,Lost
CUST019452,772,2,210.74,1,3,1,At Risk
CUST019453,63,1,36.49,4,2,1,Needs Attention
CUST019454,93,15,10881.43,4,5,5,Champion
CUST019455,431,1,268.65,1,2,1,Lost
CUST019457,31,3,2495.35,5,4,4,Champion
CUST019458,450,1,219.25,1,2,1,Lost
CUST019460,250,1,1249.07,2,2,3,Lost
CUST019463,680,1,998.76,1,2,3,Lost
CUST019467,156,2,1806.38,3,3,4,Loyal Customer
CUST019468,482,1,678.28,1,2,2,Lost
CUST019469,28,13,9368.78,5,5,5,Champion
CUST019470,120,1,352.72,3,2,1,Needs Attention
CUST019471,171,1,1010.76,3,2,3,Needs Attention
CUST019473,238,2,934.52,2,3,3,At Risk
CUST019474,23,1,106.8,5,2,1,Needs Attention
CUST019475,13,3,788.55,5,4,2,Loyal Customer
CUST019477,40,4,1936.0900000000001,4,4,4,Champion
CUST019478,784,1,919.33,1,2,3,Lost
CUST019479,766,1,445.24,1,2,2,Lost
CUST019481,136,3,1628.1899999999998,3,4,4,Loyal Customer
CUST019482,289,4,2271.31,2,4,4,At Risk
CUST019485,14,3,3333.02,5,4,5,Champion
CUST019486,117,2,2136.46,3,3,4,Loyal Customer
CUST019487,18,5,2365.37,5,5,4,Champion
CUST019488,49,4,2914.9100000000003,4,4,5,Champion
CUST019489,899,1,508.86,1,2,2,Lost
CUST019490,637,1,129.34,1,2,1,Lost
CUST019491,190,2,1016.22,3,3,3,Loyal Customer
CUST019492,181,3,2558.09,3,4,4,Loyal Customer
CUST019494,215,2,1453.02,2,3,3,At Risk
CUST019496,194,2,1616.56,3,3,4,Loyal Customer
CUST019497,300,2,1073.03,2,3,3,At Risk
CUST019498,51,2,2391.84,4,3,4,Loyal Customer
CUST019499,163,1,205.16,3,2,1,Needs Attention
CUST019501,178,1,851.02,3,2,2,Needs Attention
CUST019502,73,4,3377.82,4,4,5,Champion
CUST019505,71,2,1438.51,4,3,3,Loyal Customer
CUST019506,62,8,3977.21,4,5,5,Champion
CUST019508,129,2,2694.7,3,3,4,Loyal Customer
CUST019510,175,7,4374.81,3,5,5,Loyal Customer
CUST019512,40,4,1745.96,4,4,4,Champion
CUST019513,97,1,286.26,4,2,1,Needs Attention
CUST019514,576,1,460.84,1,2,2,Lost
CUST019515,322,1,130.84,2,2,1,Lost
CUST019516,466,1,676.95,1,2,2,Lost
CUST019517,32,4,2274.75,5,4,4,Champion
CUST019519,27,11,8297.79,5,5,5,Champion
CUST019522,66,4,570.58,4,4,2,Loyal Customer
CUST019524,20,5,1764.13,5,5,4,Champion
CUST019525,35,7,2534.92,5,5,4,Champion
CUST019526,87,19,12934.45,4,5,5,Champion
CUST019530,71,2,974.0,4,3,3,Loyal Customer
CUST019532,17,1,622.08,5,2,2,Needs Attention
CUST019533,2,3,1784.6399999999999,5,4,4,Champion
CUST019534,127,2,2868.02,3,3,4,Loyal Customer
CUST019539,118,2,1894.96,3,3,4,Loyal Customer
CUST019541,141,3,995.28,3,4,3,Loyal Customer
CUST019542,13,15,8943.89,5,5,5,Champion
CUST019543,25,11,9670.28,5,5,5,Champion
CUST019545,14,2,859.41,5,3,2,Loyal Customer
CUST019547,79,1,787.51,4,2,2,Needs Attention
CUST019548,24,6,2270.0299999999997,5,5,4,Champion
CUST019549,14,11,7685.889999999999,5,5,5,Champion
CUST019551,178,1,499.45,3,2,2,Needs Attention
CUST019556,70,5,5666.360000000001,4,5,5,Champion
CUST019557,10,5,2493.89,5,5,4,Champion
CUST019558,645,1,272.94,1,2,1,Lost
CUST019561,339,1,406.39,2,2,1,Lost
CUST019563,29,2,1270.44,5,3,3,Loyal Customer
CUST019564,16,6,4439.6900000000005,5,5,5,Champion
CUST019565,15,1,11.76,5,2,1,Needs Attention
CUST019566,720,1,217.2,1,2,1,Lost
CUST019567,79,1,1451.31,4,2,3,Needs Attention
CUST019568,84,2,474.94,4,3,2,Loyal Customer
CUST019569,601,1,978.56,1,2,3,Lost
CUST019575,132,2,1815.3600000000001,3,3,4,Loyal Customer
CUST019579,118,6,2496.48,3,5,4,Loyal Customer
CUST019580,786,1,358.33,1,2,1,Lost
CUST019581,529,1,423.19,1,2,1,Lost
CUST019582,160,1,323.32,3,2,1,Needs Attention
CUST019586,13,1,1856.71,5,2,4,Needs Attention
CUST019587,174,3,1577.26,3,4,4,Loyal Customer
CUST019591,23,2,763.53,5,3,2,Loyal Customer
CUST019592,44,6,2492.37,4,5,4,Champion
CUST019594,22,24,15055.27,5,5,5,Champion
CUST019595,18,10,6298.38,5,5,5,Champion
CUST019596,112,4,1436.18,3,4,3,Loyal Customer
CUST019597,341,4,3262.89,2,4,5,At Risk
CUST019598,48,5,2306.59,4,5,4,Champion
CUST019599,702,1,208.04,1,2,1,Lost
CUST019602,161,4,1936.96,3,4,4,Loyal Customer
CUST019603,56,1,312.36,4,2,1,Needs Attention
CUST019604,154,7,3612.5199999999995,3,5,5,Loyal Customer
CUST019606,5,5,2018.9,5,5,4,Champion
CUST019608,193,2,2172.49,3,3,4,Loyal Customer
CUST019609,64,1,754.68,4,2,2,Needs Attention
CUST019610,185,3,1978.1399999999999,3,4,4,Loyal Customer
CUST019611,49,6,3803.63,4,5,5,Champion
CUST019613,408,1,205.44,1,2,1,Lost
CUST019614,28,13,5772.52,5,5,5,Champion
CUST019616,283,1,488.66,2,2,2,Lost
CUST019617,124,2,2653.22,3,3,4,Loyal Customer
CUST019618,14,2,1993.48,5,3,4,Loyal Customer
CUST019619,5,3,2566.19,5,4,4,Champion
CUST019620,61,3,3639.12,4,4,5,Champion
CUST019621,528,2,1582.29,1,3,4,At Risk
CUST019624,7,1,431.48,5,2,1,Needs Attention
CUST019625,165,1,1627.83,3,2,4,Needs Attention
CUST019627,159,2,883.8599999999999,3,3,3,Loyal Customer
CUST019628,13,5,1191.24,5,5,3,Loyal Customer
CUST019629,13,5,3049.38,5,5,5,Champion
CUST019630,214,1,291.6,2,2,1,Lost
CUST019632,15,3,4145.900000000001,5,4,5,Champion
CUST019634,625,1,124.62,1,2,1,Lost
CUST019635,156,1,434.79,3,2,1,Needs Attention
CUST019636,235,1,421.91,2,2,1,Lost
CUST019638,230,4,2947.81,2,4,5,At Risk
CUST019639,36,5,2008.03,5,5,4,Champion
CUST019641,61,2,472.85,4,3,2,Loyal Customer
CUST019643,214,2,860.12,2,3,2,At Risk
CUST019644,167,2,722.04,3,3,2,Loyal Customer
CUST019645,11,1,535.07,5,2,2,Needs Attention
CUST019646,12,3,1356.81,5,4,3,Loyal Customer
CUST019647,180,2,3765.76,3,3,5,Loyal Customer
CUST019648,549,1,299.63,1,2,1,Lost
CUST019649,22,3,1407.8400000000001,5,4,3,Loyal Customer
CUST019651,25,22,13346.39,5,5,5,Champion
CUST019652,60,1,300.77,4,2,1,Needs Attention
CUST019654,177,3,762.2,3,4,2,Loyal Customer
CUST019657,611,1,186.01,1,2,1,Lost
CUST019658,41,7,2712.35,4,5,4,Champion
CUST019660,253,2,834.13,2,3,2,At Risk
CUST019661,554,2,1364.88,1,3,3,At Risk
CUST019664,92,2,1041.8899999999999,4,3,3,Loyal Customer
CUST019665,3,27,15992.91,5,5,5,Champion
CUST019666,435,2,872.0899999999999,1,3,3,At Risk
CUST019667,21,5,3302.4,5,5,5,Champion
CUST019668,732,1,205.16,1,2,1,Lost
CUST019670,330,1,31.02,2,2,1,Lost
CUST019671,398,2,1758.16,1,3,4,At Risk
CUST019672,374,1,329.91,2,2,1,Lost
CUST019673,248,4,1660.89,2,4,4,At Risk
CUST019674,19,7,6168.34,5,5,5,Champion
CUST019675,792,1,201.34,1,2,1,Lost
CUST019676,25,6,2055.8,5,5,4,Champion
CUST019677,231,1,321.74,2,2,1,Lost
CUST019679,209,1,2137.26,2,2,4,Lost
CUST019680,131,7,2392.69,3,5,4,Loyal Customer
CUST019681,510,2,1140.28,1,3,3,At Risk
CUST019683,372,1,597.39,2,2,2,Lost
CUST019684,10,8,5388.9,5,5,5,Champion
CUST019685,203,3,1097.55,3,4,3,Loyal Customer
CUST019687,503,3,2274.92,1,4,4,At Risk
CUST019690,561,1,442.04,1,2,2,Lost
CUST019693,112,5,2488.06,3,5,4,Loyal Customer
CUST019694,67,4,2122.7400000000002,4,4,4,Champion
CUST019700,315,4,1993.0700000000002,2,4,4,At Risk
CUST019701,89,2,668.23,4,3,2,Loyal Customer
CUST019703,52,2,649.85,4,3,2,Loyal Customer
CUST019704,71,8,5173.09,4,5,5,Champion
CUST019705,98,1,1221.0,4,2,3,Needs Attention
CUST019707,259,1,48.23,2,2,1,Lost
CUST019708,93,2,873.1600000000001,4,3,3,Loyal Customer
CUST019709,71,17,12091.0,4,5,5,Champion
CUST019711,33,2,1371.6599999999999,5,3,3,Loyal Customer
CUST019712,533,1,117.65,1,2,1,Lost
CUST019714,173,8,5343.84,3,5,5,Loyal Customer
CUST019719,10,13,3765.74,5,5,5,Champion
CUST019720,74,1,762.82,4,2,2,Needs Attention
CUST019721,349,1,2392.62,2,2,4,Lost
CUST019723,337,2,2429.81,2,3,4,At Risk
CUST019724,87,2,2305.9700000000003,4,3,4,Loyal Customer
CUST019727,142,6,5195.4400000000005,3,5,5,Loyal Customer
CUST019732,459,1,651.13,1,2,2,Lost
CUST019733,193,2,1704.5700000000002,3,3,4,Loyal Customer
CUST019741,188,2,1053.91,3,3,3,Loyal Customer
CUST019743,421,1,52.71,1,2,1,Lost
CUST019745,223,3,3434.85,2,4,5,At Risk
CUST019746,46,2,1011.98,4,3,3,Loyal Customer
CUST019749,371,1,718.39,2,2,2,Lost
CUST019750,329,2,1655.19,2,3,4,At Risk
CUST019751,603,1,443.04,1,2,2,Lost
CUST019752,315,1,713.56,2,2,2,Lost
CUST019753,133,4,1783.76,3,4,4,Loyal Customer
CUST019754,140,2,967.1099999999999,3,3,3,Loyal Customer
CUST019755,126,1,212.27,3,2,1,Needs Attention
CUST019756,86,1,863.59,4,2,2,Needs Attention
CUST019758,701,1,642.16,1,2,2,Lost
CUST019759,77,3,899.67,4,4,3,Loyal Customer
CUST019761,7,2,1031.46,5,3,3,Loyal Customer
CUST019762,238,1,382.87,2,2,1,Lost
CUST019764,9,3,1613.75,5,4,4,Champion
CUST019765,76,3,2011.21,4,4,4,Champion
CUST019768,316,2,364.93,2,3,1,At Risk
CUST019770,354,2,458.26,2,3,2,At Risk
CUST019772,119,2,468.04,3,3,2,Loyal Customer
CUST019773,81,7,3384.26,4,5,5,Champion
CUST019774,618,1,1284.63,1,2,3,Lost
CUST019775,389,3,1618.5100000000002,2,4,4,At Risk
CUST019777,15,12,4218.610000000001,5,5,5,Champion
CUST019778,246,1,82.29,2,2,1,Lost
CUST019779,84,1,593.02,4,2,2,Needs Attention
CUST019780,99,3,2929.29,4,4,5,Champion
CUST019781,159,1,677.84,3,2,2,Needs Attention
CUST019783,465,2,824.5699999999999,1,3,2,At Risk
CUST019785,23,1,1952.65,5,2,4,Needs Attention
CUST019786,886,1,90.4,1,2,1,Lost
CUST019787,25,3,2135.58,5,4,4,Champion
CUST019789,45,10,6438.49,4,5,5,Champion
CUST019792,106,3,2668.5,3,4,4,Loyal Customer
CUST019794,29,10,3619.76,5,5,5,Champion
CUST019795,79,2,820.03,4,3,2,Loyal Customer
CUST019796,37,8,3691.54,5,5,5,Champion
CUST019797,16,3,1291.52,5,4,3,Loyal Customer
CUST019798,80,1,147.8,4,2,1,Needs Attention
CUST019799,1,33,22836.18,5,5,5,Champion
CUST019802,404,1,280.51,1,2,1,Lost
CUST019803,27,3,2056.9300000000003,5,4,4,Champion
CUST019805,555,1,237.02,1,2,1,Lost
CUST019807,97,4,2670.4700000000003,4,4,4,Champion
CUST019808,546,1,405.72,1,2,1,Lost
CUST019809,36,6,4371.46,5,5,5,Champion
CUST019810,99,2,469.09000000000003,4,3,2,Loyal Customer
CUST019811,1022,1,157.69,1,2,1,Lost
CUST019814,122,8,4344.62,3,5,5,Loyal Customer
CUST019817,110,2,1588.4,3,3,4,Loyal Customer
CUST019818,682,3,852.49,1,4,2,At Risk
CUST019820,570,1,52.9,1,2,1,Lost
CUST019821,312,2,2004.72,2,3,4,At Risk
CUST019822,131,4,2371.45,3,4,4,Loyal Customer
CUST019825,18,4,2302.19,5,4,4,Champion
CUST019828,340,1,204.35,2,2,1,Lost
CUST019829,14,9,2817.5,5,5,4,Champion
CUST019830,292,3,1289.8600000000001,2,4,3,At Risk
CUST019835,127,3,1936.5300000000002,3,4,4,Loyal Customer
CUST019837,163,6,2524.21,3,5,4,Loyal Customer
CUST019838,246,1,1240.29,2,2,3,Lost
CUST019839,177,2,794.9,3,3,2,Loyal Customer
CUST019840,371,2,1255.7,2,3,3,At Risk
CUST019843,82,3,2129.19,4,4,4,Champion
CUST019844,530,2,2490.1499999999996,1,3,4,At Risk
CUST019845,594,1,260.37,1,2,1,Lost
CUST019846,18,2,3017.6,5,3,5,Loyal Customer
CUST019848,187,1,1277.37,3,2,3,Needs Attention
CUST019850,90,10,4694.78,4,5,5,Champion
CUST019852,80,1,714.36,4,2,2,Needs Attention
CUST019856,12,11,7472.2,5,5,5,Champion
CUST019857,19,5,3732.6000000000004,5,5,5,Champion
CUST019859,584,3,745.8199999999999,1,4,2,At Risk
CUST019863,365,2,909.11,2,3,3,At Risk
CUST019866,63,6,3484.98,4,5,5,Champion
CUST019867,103,5,2074.17,3,5,4,Loyal Customer
CUST019870,45,4,1347.09,4,4,3,Loyal Customer
CUST019871,151,1,1550.14,3,2,3,Needs Attention
CUST019872,27,12,7038.47,5,5,5,Champion
CUST019873,170,1,2074.96,3,2,4,Needs Attention
CUST019876,267,1,267.64,2,2,1,Lost
CUST019877,235,2,728.81,2,3,2,At Risk
CUST019878,294,2,622.4399999999999,2,3,2,At Risk
CUST019879,9,8,7131.92,5,5,5,Champion
CUST019882,189,7,3386.7599999999998,3,5,5,Loyal Customer
CUST019883,76,2,1330.48,4,3,3,Loyal Customer
CUST019884,320,1,957.81,2,2,3,Lost
CUST019885,650,1,402.35,1,2,1,Lost
CUST019887,165,2,1400.3,3,3,3,Loyal Customer
CUST019889,250,1,1362.9,2,2,3,Lost
CUST019890,405,2,919.64,1,3,3,At Risk
CUST019891,352,1,949.54,2,2,3,Lost
CUST019893,403,2,815.61,1,3,2,At Risk
CUST019894,123,2,902.19,3,3,3,Loyal Customer
CUST019895,589,2,1019.11,1,3,3,At Risk
CUST019896,465,1,303.55,1,2,1,Lost
CUST019903,50,19,12109.24,4,5,5,Champion
CUST019904,1058,1,144.69,1,2,1,Lost
CUST019905,365,4,3332.9700000000003,2,4,5,At Risk
CUST019906,112,2,772.0799999999999,3,3,2,Loyal Customer
CUST019909,1,3,1397.19,5,4,3,Loyal Customer
CUST019910,33,5,4519.22,5,5,5,Champion
CUST019912,137,1,1479.81,3,2,3,Needs Attention
CUST019913,186,2,1595.8600000000001,3,3,4,Loyal Customer
CUST019914,596,2,2385.69,1,3,4,At Risk
CUST019915,424,6,2482.96,1,5,4,At Risk
CUST019917,102,2,1418.26,3,3,3,Loyal Customer
CUST019918,246,2,536.59,2,3,2,At Risk
CUST019921,337,1,375.18,2,2,1,Lost
CUST019922,188,2,1505.74,3,3,3,Loyal Customer
CUST019923,46,2,2167.65,4,3,4,Loyal Customer
CUST019924,65,2,2012.8,4,3,4,Loyal Customer
CUST019925,20,2,983.49,5,3,3,Loyal Customer
CUST019926,128,4,1224.57,3,4,3,Loyal Customer
CUST019929,591,1,166.66,1,2,1,Lost
CUST019932,81,1,487.88,4,2,2,Needs Attention
CUST019933,25,4,1197.02,5,4,3,Loyal Customer
CUST019934,261,2,1043.8,2,3,3,At Risk
CUST019935,9,7,4676.17,5,5,5,Champion
CUST019936,223,3,1622.38,2,4,4,At Risk
CUST019937,111,2,1012.11,3,3,3,Loyal Customer
CUST019938,67,10,6286.65,4,5,5,Champion
CUST019939,54,3,2933.06,4,4,5,Champion
CUST019941,9,9,3346.63,5,5,5,Champion
CUST019944,34,2,798.38,5,3,2,Loyal Customer
CUST019945,279,4,2472.84,2,4,4,At Risk
CUST019946,40,1,611.59,4,2,2,Needs Attention
CUST019947,131,2,1513.23,3,3,3,Loyal Customer
CUST019948,511,1,120.7,1,2,1,Lost
CUST019949,311,5,2919.99,2,5,5,At Risk
CUST019951,16,10,4519.21,5,5,5,Champion
CUST019952,123,3,2562.95,3,4,4,Loyal Customer
CUST019954,172,5,3315.2799999999997,3,5,5,Loyal Customer
CUST019955,25,7,2994.8199999999997,5,5,5,Champion
CUST019956,135,1,489.3,3,2,2,Needs Attention
CUST019957,66,3,495.21000000000004,4,4,2,Loyal Customer
CUST019958,85,14,10466.13,4,5,5,Champion
CUST019960,137,1,203.88,3,2,1,Needs Attention
CUST019961,532,1,741.23,1,2,2,Lost
CUST019962,78,3,1002.3499999999999,4,4,3,Loyal Customer
CUST019964,592,1,135.38,1,2,1,Lost
CUST019965,21,12,8984.19,5,5,5,Champion
CUST019966,340,1,348.07,2,2,1,Lost
CUST019967,304,2,350.98,2,3,1,At Risk
CUST019968,71,13,7967.32,4,5,5,Champion
CUST019970,407,2,670.99,1,3,2,At Risk
CUST019972,850,1,541.05,1,2,2,Lost
CUST019975,1016,1,195.54,1,2,1,Lost
CUST019976,69,1,241.76,4,2,1,Needs Attention
CUST019977,56,4,1510.8899999999999,4,4,3,Loyal Customer
CUST019979,208,1,412.31,2,2,1,Lost
CUST019981,71,2,1293.47,4,3,3,Loyal Customer
CUST019982,4,5,3703.42,5,5,5,Champion
CUST019983,360,1,323.32,2,2,1,Lost
CUST019986,139,3,851.99,3,4,2,Loyal Customer
CUST019989,81,4,5464.02,4,4,5,Champion
CUST019992,13,7,2795.0,5,5,4,Champion
CUST019993,87,2,1583.63,4,3,4,Loyal Customer
CUST019994,511,2,492.18000000000006,1,3,2,At Risk
CUST019995,149,1,1323.87,3,2,3,Needs Attention
CUST019996,225,1,1414.48,2,2,3,Lost
CUST019997,238,1,115.98,2,2,1,Lost
CUST019998,273,3,1843.27,2,4,4,At Risk
CUST019999,46,2,231.48,4,3,1,Loyal Customer
CUST020003,133,3,2390.41,3,4,4,Loyal Customer
CUST020004,465,1,246.05,1,2,1,Lost
CUST020005,11,4,3123.77,5,4,5,Champion
CUST020006,661,1,455.16,1,2,2,Lost
CUST020007,380,2,662.43,2,3,2,At Risk
CUST020008,78,2,2530.56,4,3,4,Loyal Customer
CUST020009,272,3,2547.87,2,4,4,At Risk
CUST020011,15,3,855.57,5,4,2,Loyal Customer
CUST020012,3,2,240.0,5,3,1,Loyal Customer
CUST020013,13,7,2601.6099999999997,5,5,4,Champion
CUST020014,81,9,3815.7200000000003,4,5,5,Champion
CUST020015,934,1,61.84,1,2,1,Lost
CUST020016,39,5,2181.69,5,5,4,Champion
CUST020017,51,3,2693.89,4,4,4,Champion
CUST020019,318,1,166.53,2,2,1,Lost
CUST020020,691,1,297.46,1,2,1,Lost
CUST020021,382,1,444.35,2,2,2,Lost
CUST020023,375,4,2440.3999999999996,2,4,4,At Risk
CUST020024,117,2,1114.06,3,3,3,Loyal Customer
CUST020027,828,1,382.64,1,2,1,Lost
CUST020028,107,4,3202.21,3,4,5,Loyal Customer
CUST020029,124,1,508.06,3,2,2,Needs Attention
CUST020030,74,1,73.17,4,2,1,Needs Attention
CUST020032,168,6,2252.46,3,5,4,Loyal Customer
CUST020033,193,7,3757.88,3,5,5,Loyal Customer
CUST020034,583,3,2120.6800000000003,1,4,4,At Risk
CUST020035,765,1,563.27,1,2,2,Lost
CUST020036,448,1,27.32,1,2,1,Lost
CUST020044,136,4,3127.55,3,4,5,Loyal Customer
CUST020046,5,40,23565.39,5,5,5,Champion
CUST020047,367,2,694.01,2,3,2,At Risk
CUST020048,268,3,1717.3799999999999,2,4,4,At Risk
CUST020050,516,1,1061.45,1,2,3,Lost
CUST020051,56,7,3227.79,4,5,5,Champion
CUST020052,40,3,892.81,4,4,3,Loyal Customer
CUST020053,240,3,1679.6,2,4,4,At Risk
CUST020054,371,2,1550.15,2,3,3,At Risk
CUST020057,199,4,2001.0900000000001,3,4,4,Loyal Customer
CUST020059,24,2,2557.71,5,3,4,Loyal Customer
CUST020060,375,1,199.88,2,2,1,Lost
CUST020062,72,5,3039.91,4,5,5,Champion
CUST020064,232,1,167.18,2,2,1,Lost
CUST020065,18,3,1661.67,5,4,4,Champion
CUST020067,917,1,396.23,1,2,1,Lost
CUST020068,220,1,1083.78,2,2,3,Lost
CUST020069,3,39,25610.43,5,5,5,Champion
CUST020070,4,8,3163.65,5,5,5,Champion
CUST020071,14,11,8681.03,5,5,5,Champion
CUST020072,551,1,1732.47,1,2,4,Lost
CUST020074,201,2,556.9300000000001,3,3,2,Loyal Customer
CUST020075,222,3,2761.69,2,4,4,At Risk
CUST020077,289,1,1024.87,2,2,3,Lost
CUST020078,24,6,3498.83,5,5,5,Champion
CUST020081,101,6,4100.99,4,5,5,Champion
CUST020082,219,5,2533.68,2,5,4,At Risk
CUST020084,368,1,132.66,2,2,1,Lost
CUST020086,165,1,904.45,3,2,3,Needs Attention
CUST020088,39,3,1938.69,5,4,4,Champion
CUST020089,182,1,2544.08,3,2,4,Needs Attention
CUST020090,130,3,1826.52,3,4,4,Loyal Customer
CUST020091,54,3,2092.7799999999997,4,4,4,Champion
CUST020092,354,2,492.78000000000003,2,3,2,At Risk
CUST020093,516,1,356.78,1,2,1,Lost
CUST020094,104,1,1866.27,3,2,4,Needs Attention
CUST020096,20,21,8794.05,5,5,5,Champion
CUST020098,20,11,6651.570000000001,5,5,5,Champion
CUST020099,504,2,1458.75,1,3,3,At Risk
CUST020100,441,2,797.63,1,3,2,At Risk
CUST020101,253,1,848.88,2,2,2,Lost
CUST020103,72,4,852.66,4,4,2,Loyal Customer
CUST020104,133,2,1706.31,3,3,4,Loyal Customer
CUST020105,532,2,2027.91,1,3,4,At Risk
CUST020106,283,1,984.11,2,2,3,Lost
CUST020107,2,1,943.95,5,2,3,Needs Attention
CUST020109,502,1,785.4,1,2,2,Lost
CUST020110,514,1,115.56,1,2,1,Lost
CUST020112,27,2,1231.15,5,3,3,Loyal Customer
CUST020113,737,1,522.47,1,2,2,Lost
CUST020115,331,2,672.27,2,3,2,At Risk
CUST020117,45,1,377.54,4,2,1,Needs Attention
CUST020118,475,1,639.07,1,2,2,Lost
CUST020120,571,1,199.84,1,2,1,Lost
CUST020121,759,1,420.24,1,2,1,Lost
CUST020122,27,4,2482.41,5,4,4,Champion
CUST020123,332,1,334.71,2,2,1,Lost
CUST020126,48,2,1333.49,4,3,3,Loyal Customer
CUST020130,689,1,717.25,1,2,2,Lost
CUST020131,706,1,36.49,1,2,1,Lost
CUST020133,55,21,15506.54,4,5,5,Champion
CUST020134,766,1,362.71,1,2,1,Lost
CUST020135,278,2,510.09000000000003,2,3,2,At Risk
CUST020136,15,22,12083.84,5,5,5,Champion
CUST020138,193,2,1420.27,3,3,3,Loyal Customer
CUST020140,120,4,2429.13,3,4,4,Loyal Customer
CUST020141,32,7,5034.7699999999995,5,5,5,Champion
CUST020144,163,1,200.47,3,2,1,Needs Attention
CUST020145,11,11,9679.9,5,5,5,Champion
CUST020146,96,4,3560.16,4,4,5,Champion
CUST020147,50,15,7907.41,4,5,5,Champion
CUST020148,188,4,2009.2800000000002,3,4,4,Loyal Customer
CUST020150,102,2,710.31,3,3,2,Loyal Customer
CUST020152,489,1,518.66,1,2,2,Lost
CUST020153,308,1,1506.02,2,2,3,Lost
CUST020154,260,2,800.85,2,3,2,At Risk
CUST020155,127,4,2524.81,3,4,4,Loyal Customer
CUST020157,91,1,1552.05,4,2,3,Needs Attention
CUST020158,217,2,766.85,2,3,2,At Risk
CUST020159,51,10,7245.22,4,5,5,Champion
CUST020160,174,2,349.28999999999996,3,3,1,Loyal Customer
CUST020162,446,1,533.77,1,2,2,Lost
CUST020165,124,3,1536.33,3,4,3,Loyal Customer
CUST020166,849,1,355.58,1,2,1,Lost
CUST020167,370,3,1071.32,2,4,3,At Risk
CUST020168,61,7,4291.450000000001,4,5,5,Champion
CUST020170,20,3,1869.17,5,4,4,Champion
CUST020171,130,2,1486.26,3,3,3,Loyal Customer
CUST020172,601,1,252.11,1,2,1,Lost
CUST020173,93,2,2583.2000000000003,4,3,4,Loyal Customer
CUST020174,35,8,3303.44,5,5,5,Champion
CUST020176,272,3,1934.38,2,4,4,At Risk
CUST020177,21,7,2260.85,5,5,4,Champion
CUST020180,5,5,3360.28,5,5,5,Champion
CUST020181,140,4,1975.67,3,4,4,Loyal Customer
CUST020188,465,1,543.09,1,2,2,Lost
CUST020189,211,1,1207.05,2,2,3,Lost
CUST020190,36,5,3716.58,5,5,5,Champion
CUST020191,7,13,3635.1800000000003,5,5,5,Champion
CUST020192,78,1,961.55,4,2,3,Needs Attention
CUST020195,231,1,402.27,2,2,1,Lost
CUST020196,507,1,253.4,1,2,1,Lost
CUST020202,397,1,652.5,1,2,2,Lost
CUST020203,150,2,656.65,3,3,2,Loyal Customer
CUST020205,37,2,1656.9499999999998,5,3,4,Loyal Customer
CUST020206,113,5,1170.77,3,5,3,Loyal Customer
CUST020207,187,2,718.81,3,3,2,Loyal Customer
CUST020211,166,2,1548.88,3,3,3,Loyal Customer
CUST020213,321,3,3963.9,2,4,5,At Risk
CUST020214,4,8,3451.34,5,5,5,Champion
CUST020215,22,3,1270.26,5,4,3,Loyal Customer
CUST020216,544,1,427.75,1,2,1,Lost
CUST020219,247,2,1055.94,2,3,3,At Risk
CUST020221,291,1,1267.64,2,2,3,Lost
CUST020224,370,2,1698.92,2,3,4,At Risk
CUST020225,48,2,469.87,4,3,2,Loyal Customer
CUST020226,136,21,10017.67,3,5,5,Loyal Customer
CUST020227,31,2,1205.46,5,3,3,Loyal Customer
CUST020232,373,2,737.32,2,3,2,At Risk
CUST020233,3,1,28.66,5,2,1,Needs Attention
CUST020234,53,1,882.52,4,2,3,Needs Attention
CUST020235,11,7,3016.56,5,5,5,Champion
CUST020238,18,9,4369.44,5,5,5,Champion
CUST020240,53,3,1080.0800000000002,4,4,3,Loyal Customer
CUST020241,116,1,674.16,3,2,2,Needs Attention
CUST020243,450,4,2027.73,1,4,4,At Risk
CUST020245,352,2,380.61,2,3,1,At Risk
CUST020246,37,2,1591.78,5,3,4,Loyal Customer
CUST020250,171,4,3620.07,3,4,5,Loyal Customer
CUST020251,455,3,2580.23,1,4,4,At Risk
CUST020253,7,20,7640.79,5,5,5,Champion
CUST020254,105,7,4908.3099999999995,3,5,5,Loyal Customer
CUST020255,20,1,471.65,5,2,2,Needs Attention
CUST020256,20,2,1311.0,5,3,3,Loyal Customer
CUST020258,30,7,6641.18,5,5,5,Champion
CUST020259,7,37,18771.38,5,5,5,Champion
CUST020260,19,3,1638.7800000000002,5,4,4,Champion
CUST020261,696,1,415.47,1,2,1,Lost
CUST020262,233,3,2091.38,2,4,4,At Risk
CUST020264,760,1,572.52,1,2,2,Lost
CUST020265,19,2,1449.21,5,3,3,Loyal Customer
CUST020269,45,1,315.96,4,2,1,Needs Attention
CUST020270,134,1,51.25,3,2,1,Needs Attention
CUST020271,162,1,549.85,3,2,2,Needs Attention
CUST020272,99,1,61.36,4,2,1,Needs Attention
CUST020273,387,1,325.04,2,2,1,Lost
CUST020276,542,1,68.72,1,2,1,Lost
CUST020277,251,1,258.52,2,2,1,Lost
CUST020278,22,3,1882.16,5,4,4,Champion
CUST020279,928,2,1986.81,1,3,4,At Risk
CUST020281,983,1,503.64,1,2,2,Lost
CUST020282,70,2,137.37,4,3,1,Loyal Customer
CUST020283,95,2,746.29,4,3,2,Loyal Customer
CUST020284,11,3,4518.85,5,4,5,Champion
CUST020285,597,1,279.6,1,2,1,Lost
CUST020288,114,1,539.8,3,2,2,Needs Attention
CUST020289,105,2,1179.38,3,3,3,Loyal Customer
CUST020290,68,2,843.67,4,3,2,Loyal Customer
CUST020291,911,1,501.53,1,2,2,Lost
CUST020292,94,11,7809.08,4,5,5,Champion
CUST020294,69,8,2922.82,4,5,5,Champion
CUST020295,149,4,3519.25,3,4,5,Loyal Customer
CUST020296,134,4,1123.31,3,4,3,Loyal Customer
CUST020298,97,12,5859.0599999999995,4,5,5,Champion
CUST020299,24,4,3004.2400000000002,5,4,5,Champion
CUST020300,96,7,2217.07,4,5,4,Champion
CUST020301,104,3,1651.67,3,4,4,Loyal Customer
CUST020303,9,2,1390.6999999999998,5,3,3,Loyal Customer
CUST020304,320,4,2314.13,2,4,4,At Risk
CUST020308,209,3,2709.14,2,4,4,At Risk
CUST020309,457,1,951.84,1,2,3,Lost
CUST020310,51,6,4994.51,4,5,5,Champion
CUST020311,16,4,3746.56,5,4,5,Champion
CUST020312,565,1,543.09,1,2,2,Lost
CUST020313,525,1,708.8,1,2,2,Lost
CUST020316,386,3,899.39,2,4,3,At Risk
CUST020317,733,1,516.49,1,2,2,Lost
CUST020318,360,1,1091.65,2,2,3,Lost
CUST020320,70,3,611.72,4,4,2,Loyal Customer
CUST020323,216,2,1499.08,2,3,3,At Risk
CUST020324,79,1,107.62,4,2,1,Needs Attention
CUST020325,288,1,655.97,2,2,2,Lost
CUST020327,139,5,2345.83,3,5,4,Loyal Customer
CUST020328,31,2,1088.27,5,3,3,Loyal Customer
CUST020329,437,1,250.35,1,2,1,Lost
CUST020330,147,1,171.23,3,2,1,Needs Attention
CUST020331,448,4,2016.47,1,4,4,At Risk
CUST020333,163,1,230.67,3,2,1,Needs Attention
CUST020335,2,8,5055.38,5,5,5,Champion
CUST020336,285,2,2790.3599999999997,2,3,4,At Risk
CUST020337,343,1,58.53,2,2,1,Lost
CUST020341,299,1,492.14,2,2,2,Lost
CUST020342,46,3,2616.87,4,4,4,Champion
CUST020343,273,1,30.17,2,2,1,Lost
CUST020344,247,2,1006.39,2,3,3,At Risk
CUST020345,7,10,4553.53,5,5,5,Champion
CUST020348,72,2,569.49,4,3,2,Loyal Customer
CUST020349,133,3,1284.05,3,4,3,Loyal Customer
CUST020350,261,1,78.0,2,2,1,Lost
CUST020351,81,9,6775.16,4,5,5,Champion
CUST020352,72,3,1133.29,4,4,3,Loyal Customer
CUST020353,352,2,1165.81,2,3,3,At Risk
CUST020354,163,1,1408.8,3,2,3,Needs Attention
CUST020355,164,1,418.56,3,2,1,Needs Attention
CUST020356,211,1,302.4,2,2,1,Lost
CUST020357,42,2,147.51999999999998,4,3,1,Loyal Customer
CUST020359,128,4,2703.65,3,4,4,Loyal Customer
CUST020362,8,37,23527.7,5,5,5,Champion
CUST020363,8,2,198.62,5,3,1,Loyal Customer
CUST020364,129,1,485.93,3,2,2,Needs Attention
CUST020365,7,4,2867.69,5,4,4,Champion
CUST020371,416,2,494.75,1,3,2,At Risk
CUST020373,322,1,306.43,2,2,1,Lost
CUST020374,8,2,604.4,5,3,2,Loyal Customer
CUST020375,352,2,1119.48,2,3,3,At Risk
CUST020376,82,5,3921.55,4,5,5,Champion
CUST020377,153,11,7259.24,3,5,5,Loyal Customer
CUST020378,591,1,293.94,1,2,1,Lost
CUST020379,36,19,9524.28,5,5,5,Champion
CUST020380,87,1,180.89,4,2,1,Needs Attention
CUST020381,92,5,2527.38,4,5,4,Champion
CUST020383,811,1,223.34,1,2,1,Lost
CUST020385,618,1,757.71,1,2,2,Lost
CUST020386,209,2,362.94,2,3,1,At Risk
CUST020387,239,2,306.57,2,3,1,At Risk
CUST020388,817,1,455.54,1,2,2,Lost
CUST020389,484,1,1470.9,1,2,3,Lost
CUST020391,116,2,396.97999999999996,3,3,1,Loyal Customer
CUST020392,32,4,1910.08,5,4,4,Champion
CUST020394,17,8,3139.51,5,5,5,Champion
CUST020396,201,1,65.19,3,2,1,Needs Attention
CUST020397,590,1,948.12,1,2,3,Lost
CUST020398,21,6,2149.8,5,5,4,Champion
CUST020400,101,2,1021.6299999999999,4,3,3,Loyal Customer
CUST020403,781,1,634.69,1,2,2,Lost
CUST020405,8,2,988.3,5,3,3,Loyal Customer
CUST020408,19,6,4221.92,5,5,5,Champion
CUST020409,244,7,4353.54,2,5,5,At Risk
CUST020418,182,1,731.08,3,2,2,Needs Attention
CUST020419,149,2,1643.02,3,3,4,Loyal Customer
CUST020420,254,8,6043.83,2,5,5,At Risk
CUST020421,38,17,10558.93,5,5,5,Champion
CUST020422,618,2,1926.33,1,3,4,At Risk
CUST020423,35,2,1502.3400000000001,5,3,3,Loyal Customer
CUST020424,25,3,2361.8,5,4,4,Champion
CUST020425,28,1,34.72,5,2,1,Needs Attention
CUST020426,836,1,919.28,1,2,3,Lost
CUST020428,180,2,1787.0500000000002,3,3,4,Loyal Customer
CUST020429,9,44,21201.35,5,5,5,Champion
CUST020430,371,1,426.31,2,2,1,Lost
CUST020433,117,3,774.84,3,4,2,Loyal Customer
CUST020435,434,3,1408.6100000000001,1,4,3,At Risk
CUST020436,25,2,397.48,5,3,1,Loyal Customer
CUST020437,23,2,1261.27,5,3,3,Loyal Customer
CUST020438,425,1,322.8,1,2,1,Lost
CUST020439,495,2,922.8,1,3,3,At Risk
CUST020440,219,3,1856.53,2,4,4,At Risk
CUST020441,191,2,595.1,3,3,2,Loyal Customer
CUST020442,136,5,2099.98,3,5,4,Loyal Customer
CUST020443,371,2,862.97,2,3,2,At Risk
CUST020444,687,1,404.52,1,2,1,Lost
CUST020445,591,2,1820.8000000000002,1,3,4,At Risk
CUST020446,541,1,1096.98,1,2,3,Lost
CUST020447,709,1,352.05,1,2,1,Lost
CUST020449,84,1,825.62,4,2,2,Needs Attention
CUST020451,75,2,848.8000000000001,4,3,2,Loyal Customer
CUST020453,60,9,5882.65,4,5,5,Champion
CUST020454,444,1,205.16,1,2,1,Lost
CUST020455,196,3,279.73,3,4,1,Loyal Customer
CUST020456,27,3,1755.65,5,4,4,Champion
CUST020458,72,7,3705.8199999999997,4,5,5,Champion
CUST020459,402,1,370.73,1,2,1,Lost
CUST020461,631,2,626.34,1,3,2,At Risk
CUST020462,6,7,5192.57,5,5,5,Champion
CUST020463,471,1,60.09,1,2,1,Lost
CUST020465,69,5,2791.84,4,5,4,Champion
CUST020467,252,2,674.88,2,3,2,At Risk
CUST020469,1073,1,16.8,1,2,1,Lost
CUST020470,92,3,1830.9099999999999,4,4,4,Champion
CUST020471,313,3,2508.1800000000003,2,4,4,At Risk
CUST020472,384,3,3863.37,2,4,5,At Risk
CUST020475,19,12,8255.2,5,5,5,Champion
CUST020478,2,32,15180.54,5,5,5,Champion
CUST020479,46,6,5375.65,4,5,5,Champion
CUST020480,146,1,148.94,3,2,1,Needs Attention
CUST020482,235,1,434.79,2,2,1,Lost
CUST020484,68,3,1828.88,4,4,4,Champion
CUST020486,375,1,1473.52,2,2,3,Lost
CUST020488,282,3,1526.09,2,4,3,At Risk
CUST020489,510,4,1812.6200000000001,1,4,4,At Risk
CUST020492,406,2,309.6,1,3,1,At Risk
CUST020493,117,3,1097.53,3,4,3,Loyal Customer
CUST020495,23,8,3645.91,5,5,5,Champion
CUST020498,31,3,1481.55,5,4,3,Loyal Customer
CUST020500,499,2,1295.01,1,3,3,At Risk
CUST020501,45,14,8464.869999999999,4,5,5,Champion
CUST020503,877,1,1720.92,1,2,4,Lost
CUST020504,459,3,620.0699999999999,1,4,2,At Risk
CUST020506,229,2,999.1899999999999,2,3,3,At Risk
CUST020508,79,2,1059.45,4,3,3,Loyal Customer
CUST020509,66,6,2766.25,4,5,4,Champion
CUST020510,21,6,3507.51,5,5,5,Champion
CUST020511,985,1,1713.3,1,2,4,Lost
CUST020512,190,1,2887.4,3,2,4,Needs Attention
CUST020514,299,2,1760.92,2,3,4,At Risk
CUST020515,281,2,1834.1399999999999,2,3,4,At Risk
CUST020517,486,4,2089.91,1,4,4,At Risk
CUST020519,141,3,2136.14,3,4,4,Loyal Customer
CUST020520,169,1,1287.45,3,2,3,Needs Attention
CUST020521,90,2,557.2900000000001,4,3,2,Loyal Customer
CUST020522,107,2,1683.8799999999999,3,3,4,Loyal Customer
CUST020527,493,1,797.91,1,2,2,Lost
CUST020528,930,1,803.3,1,2,2,Lost
CUST020532,71,10,7054.72,4,5,5,Champion
CUST020533,226,2,1156.47,2,3,3,At Risk
CUST020536,289,2,553.6899999999999,2,3,2,At Risk
CUST020538,835,1,601.69,1,2,2,Lost
CUST020540,51,2,840.92,4,3,2,Loyal Customer
CUST020541,423,1,1223.1,1,2,3,Lost
CUST020542,49,2,1883.7,4,3,4,Loyal Customer
CUST020550,167,2,983.9399999999999,3,3,3,Loyal Customer
CUST020552,42,13,8815.289999999999,4,5,5,Champion
CUST020553,46,3,967.6,4,4,3,Loyal Customer
CUST020554,241,1,33.98,2,2,1,Lost
CUST020555,89,4,1207.68,4,4,3,Loyal Customer
CUST020556,67,2,1411.54,4,3,3,Loyal Customer
CUST020558,129,5,3160.54,3,5,5,Loyal Customer
CUST020559,98,2,1967.23,4,3,4,Loyal Customer
CUST020560,440,1,441.55,1,2,2,Lost
CUST020561,48,3,412.33000000000004,4,4,1,Loyal Customer
CUST020563,309,1,950.93,2,2,3,Lost
CUST020565,190,12,5213.9800000000005,3,5,5,Loyal Customer
CUST020567,154,2,395.02,3,3,1,Loyal Customer
CUST020568,18,20,9347.59,5,5,5,Champion
CUST020569,97,6,2816.37,4,5,4,Champion
CUST020571,48,1,146.42,4,2,1,Needs Attention
CUST020572,52,5,2180.3900000000003,4,5,4,Champion
CUST020573,735,1,447.08,1,2,2,Lost
CUST020575,4,19,12356.4,5,5,5,Champion
CUST020576,357,1,124.98,2,2,1,Lost
CUST020577,145,3,1404.49,3,4,3,Loyal Customer
CUST020578,157,2,253.12,3,3,1,Loyal Customer
CUST020580,32,12,13150.94,5,5,5,Champion
CUST020582,175,5,2111.53,3,5,4,Loyal Customer
CUST020583,97,3,1098.75,4,4,3,Loyal Customer
CUST020584,73,1,956.58,4,2,3,Needs Attention
CUST020585,139,1,1117.92,3,2,3,Needs Attention
CUST020586,156,5,3596.8,3,5,5,Loyal Customer
CUST020587,229,1,781.62,2,2,2,Lost
CUST020592,561,1,1572.95,1,2,4,Lost
CUST020593,3,44,22388.739999999998,5,5,5,Champion
CUST020595,535,2,282.85,1,3,1,At Risk
CUST020596,676,1,1265.07,1,2,3,Lost
CUST020598,8,2,2713.98,5,3,4,Loyal Customer
CUST020601,9,13,7433.839999999999,5,5,5,Champion
CUST020602,311,1,703.39,2,2,2,Lost
CUST020603,209,1,746.74,2,2,2,Lost
CUST020604,183,3,3034.14,3,4,5,Loyal Customer
CUST020606,45,4,2108.73,4,4,4,Champion
CUST020608,152,5,2113.52,3,5,4,Loyal Customer
CUST020610,269,2,2308.69,2,3,4,At Risk
CUST020611,44,1,155.51,4,2,1,Needs Attention
CUST020613,515,2,2088.65,1,3,4,At Risk
CUST020616,139,2,483.09000000000003,3,3,2,Loyal Customer
CUST020619,27,11,9231.78,5,5,5,Champion
CUST020620,28,4,1399.07,5,4,3,Loyal Customer
CUST020621,464,2,506.89,1,3,2,At Risk
CUST020622,326,4,2608.34,2,4,4,At Risk
CUST020626,652,1,1126.35,1,2,3,Lost
CUST020627,336,2,1358.66,2,3,3,At Risk
CUST020630,127,6,3365.03,3,5,5,Loyal Customer
CUST020631,192,1,430.86,3,2,1,Needs Attention
CUST020632,6,37,16438.52,5,5,5,Champion
CUST020635,351,2,402.29,2,3,1,At Risk
CUST020636,100,5,3637.3,4,5,5,Champion
CUST020640,84,1,482.15,4,2,2,Needs Attention
CUST020642,86,1,143.92,4,2,1,Needs Attention
CUST020644,397,1,163.76,1,2,1,Lost
CUST020645,305,2,1076.5,2,3,3,At Risk
CUST020646,99,6,3688.4700000000003,4,5,5,Champion
CUST020647,439,2,874.8,1,3,3,At Risk
CUST020649,1,2,1317.54,5,3,3,Loyal Customer
CUST020653,659,1,298.15,1,2,1,Lost
CUST020655,178,1,622.08,3,2,2,Needs Attention
CUST020656,4,2,986.95,5,3,3,Loyal Customer
CUST020659,9,20,12291.45,5,5,5,Champion
CUST020662,225,5,2667.69,2,5,4,At Risk
CUST020664,37,1,612.51,5,2,2,Needs Attention
CUST020667,305,1,1021.16,2,2,3,Lost
CUST020668,69,6,2594.39,4,5,4,Champion
CUST020671,50,8,4901.23,4,5,5,Champion
CUST020672,52,1,592.29,4,2,2,Needs Attention
CUST020673,148,4,1322.15,3,4,3,Loyal Customer
CUST020674,287,1,668.94,2,2,2,Lost
CUST020677,268,1,444.08,2,2,2,Lost
CUST020680,521,1,783.89,1,2,2,Lost
CUST020681,203,6,2381.7400000000002,3,5,4,Loyal Customer
CUST020682,354,1,1160.04,2,2,3,Lost
CUST020683,326,1,94.14,2,2,1,Lost
CUST020684,30,11,6057.47,5,5,5,Champion
CUST020686,12,1,633.08,5,2,2,Needs Attention
CUST020687,54,6,3159.98,4,5,5,Champion
CUST020689,119,5,3833.7799999999997,3,5,5,Loyal Customer
CUST020690,475,1,1282.04,1,2,3,Lost
CUST020692,135,4,2342.2200000000003,3,4,4,Loyal Customer
CUST020693,433,1,130.98,1,2,1,Lost
CUST020695,63,1,480.0,4,2,2,Needs Attention
CUST020696,554,1,728.63,1,2,2,Lost
CUST020700,15,2,877.9200000000001,5,3,3,Loyal Customer
CUST020703,167,1,723.06,3,2,2,Needs Attention
CUST020704,4,2,1712.29,5,3,4,Loyal Customer
CUST020705,54,1,489.28,4,2,2,Needs Attention
CUST020706,323,2,1274.13,2,3,3,At Risk
CUST020707,162,4,2423.2799999999997,3,4,4,Loyal Customer
CUST020708,403,1,1038.61,1,2,3,Lost
CUST020710,53,4,2899.17,4,4,4,Champion
CUST020711,102,1,1167.66,3,2,3,Needs Attention
CUST020712,577,1,139.53,1,2,1,Lost
CUST020713,402,1,459.87,1,2,2,Lost
CUST020714,659,1,127.81,1,2,1,Lost
CUST020717,712,1,634.7,1,2,2,Lost
CUST020719,111,6,3652.38,3,5,5,Loyal Customer
CUST020721,44,3,1151.92,4,4,3,Loyal Customer
CUST020722,8,21,12383.8,5,5,5,Champion
CUST020723,61,2,965.31,4,3,3,Loyal Customer
CUST020724,269,2,864.78,2,3,2,At Risk
CUST020725,555,1,786.56,1,2,2,Lost
CUST020728,1,7,5901.41,5,5,5,Champion
CUST020732,711,1,1201.19,1,2,3,Lost
CUST020733,829,1,946.23,1,2,3,Lost
CUST020734,21,3,1303.51,5,4,3,Loyal Customer
CUST020735,240,2,594.19,2,3,2,At Risk
CUST020737,97,17,10095.05,4,5,5,Champion
CUST020739,34,1,256.41,5,2,1,Needs Attention
CUST020742,55,2,814.1700000000001,4,3,2,Loyal Customer
CUST020743,377,1,1142.7,2,2,3,Lost
CUST020744,286,2,1543.54,2,3,3,At Risk
CUST020745,184,3,723.86,3,4,2,Loyal Customer
CUST020746,689,1,996.06,1,2,3,Lost
CUST020747,630,1,460.33,1,2,2,Lost
CUST020748,213,4,2640.69,2,4,4,At Risk
CUST020749,17,1,570.22,5,2,2,Needs Attention
CUST020752,15,1,527.09,5,2,2,Needs Attention
CUST020753,32,1,639.56,5,2,2,Needs Attention
CUST020754,212,1,243.27,2,2,1,Lost
CUST020755,641,1,993.63,1,2,3,Lost
CUST020757,148,2,523.03,3,3,2,Loyal Customer
CUST020758,80,1,130.23,4,2,1,Needs Attention
CUST020759,290,3,567.86,2,4,2,At Risk
CUST020762,669,2,478.03000000000003,1,3,2,At Risk
CUST020763,176,1,602.69,3,2,2,Needs Attention
CUST020764,545,1,603.08,1,2,2,Lost
CUST020766,550,1,580.39,1,2,2,Lost
CUST020769,126,2,1124.17,3,3,3,Loyal Customer
CUST020770,71,9,4547.14,4,5,5,Champion
CUST020773,55,3,1043.69,4,4,3,Loyal Customer
CUST020774,679,2,1065.3,1,3,3,At Risk
CUST020776,14,29,14162.41,5,5,5,Champion
CUST020777,7,3,2532.96,5,4,4,Champion
CUST020778,296,2,1705.5600000000002,2,3,4,At Risk
CUST020779,415,1,76.35,1,2,1,Lost
CUST020781,218,1,74.35,2,2,1,Lost
CUST020783,203,4,3190.98,3,4,5,Loyal Customer
CUST020785,116,1,304.97,3,2,1,Needs Attention
CUST020786,401,1,560.27,1,2,2,Lost
CUST020787,837,1,11.76,1,2,1,Lost
CUST020789,208,4,1538.87,2,4,3,At Risk
CUST020790,362,1,110.47,2,2,1,Lost
CUST020791,401,2,742.0500000000001,1,3,2,At Risk
CUST020792,46,5,3115.17,4,5,5,Champion
CUST020793,721,1,666.62,1,2,2,Lost
CUST020795,43,2,563.98,4,3,2,Loyal Customer
CUST020797,521,1,461.71,1,2,2,Lost
CUST020798,635,2,1548.3600000000001,1,3,3,At Risk
CUST020799,591,2,2621.21,1,3,4,At Risk
CUST020800,75,5,2610.8199999999997,4,5,4,Champion
CUST020804,522,1,826.51,1,2,2,Lost
CUST020805,783,1,112.93,1,2,1,Lost
CUST020806,360,2,1984.5299999999997,2,3,4,At Risk
CUST020807,141,4,2474.84,3,4,4,Loyal Customer
CUST020808,755,1,492.9,1,2,2,Lost
CUST020809,37,4,1535.3799999999999,5,4,3,Loyal Customer
CUST020812,11,7,3130.75,5,5,5,Champion
CUST020816,35,1,383.52,5,2,1,Needs Attention
CUST020818,25,2,799.22,5,3,2,Loyal Customer
CUST020819,762,1,501.82,1,2,2,Lost
CUST020820,456,1,33.53,1,2,1,Lost
CUST020822,40,5,2320.17,4,5,4,Champion
CUST020823,2,1,291.25,5,2,1,Needs Attention
CUST020824,183,3,1639.4399999999998,3,4,4,Loyal Customer
CUST020827,211,3,3100.33,2,4,5,At Risk
CUST020828,46,3,3222.87,4,4,5,Champion
CUST020831,48,3,809.6,4,4,2,Loyal Customer
CUST020833,52,2,345.71999999999997,4,3,1,Loyal Customer
CUST020834,234,2,762.78,2,3,2,At Risk
CUST020837,72,5,3445.4300000000003,4,5,5,Champion
CUST020843,157,2,944.03,3,3,3,Loyal Customer
CUST020845,56,6,4269.8,4,5,5,Champion
CUST020847,304,1,1291.88,2,2,3,Lost
CUST020848,267,2,644.51,2,3,2,At Risk
CUST020851,35,11,6695.71,5,5,5,Champion
CUST020852,200,2,1740.17,3,3,4,Loyal Customer
CUST020853,239,1,576.06,2,2,2,Lost
CUST020854,114,2,246.76999999999998,3,3,1,Loyal Customer
CUST020855,415,1,499.78,1,2,2,Lost
CUST020859,378,1,1208.36,2,2,3,Lost
CUST020860,139,4,2105.13,3,4,4,Loyal Customer
CUST020861,352,1,303.55,2,2,1,Lost
CUST020862,525,1,692.76,1,2,2,Lost
CUST020865,634,1,571.11,1,2,2,Lost
CUST020868,523,1,404.49,1,2,1,Lost
CUST020869,83,12,5548.34,4,5,5,Champion
CUST020870,462,1,77.43,1,2,1,Lost
CUST020871,237,1,86.39,2,2,1,Lost
CUST020873,64,9,4686.94,4,5,5,Champion
CUST020874,117,1,255.62,3,2,1,Needs Attention
CUST020876,617,2,742.44,1,3,2,At Risk
CUST020879,6,4,1125.97,5,4,3,Loyal Customer
CUST020881,66,3,2704.71,4,4,4,Champion
CUST020884,714,1,195.42,1,2,1,Lost
CUST020885,21,11,3796.67,5,5,5,Champion
CUST020886,67,9,3130.7400000000002,4,5,5,Champion
CUST020888,243,4,2341.4399999999996,2,4,4,At Risk
CUST020889,99,3,895.64,4,4,3,Loyal Customer
CUST020890,107,1,687.14,3,2,2,Needs Attention
CUST020891,340,1,199.49,2,2,1,Lost
CUST020892,69,16,8353.84,4,5,5,Champion
CUST020893,498,1,840.13,1,2,2,Lost
CUST020894,101,2,1050.86,4,3,3,Loyal Customer
CUST020897,63,4,2468.58,4,4,4,Champion
CUST020898,170,1,392.24,3,2,1,Needs Attention
CUST020899,242,4,1898.06,2,4,4,At Risk
CUST020902,82,9,3786.9799999999996,4,5,5,Champion
CUST020904,35,28,19940.38,5,5,5,Champion
CUST020909,451,1,142.95,1,2,1,Lost
CUST020911,22,9,5156.06,5,5,5,Champion
CUST020912,57,1,474.67,4,2,2,Needs Attention
CUST020914,249,1,265.39,2,2,1,Lost
CUST020915,66,3,1859.08,4,4,4,Champion
CUST020916,401,1,237.9,1,2,1,Lost
CUST020917,131,3,2264.29,3,4,4,Loyal Customer
CUST020918,132,3,923.22,3,4,3,Loyal Customer
CUST020920,10,30,15221.51,5,5,5,Champion
CUST020921,83,3,2294.91,4,4,4,Champion
CUST020922,55,4,3357.8900000000003,4,4,5,Champion
CUST020923,226,2,1031.19,2,3,3,At Risk
CUST020924,146,2,813.02,3,3,2,Loyal Customer
CUST020925,284,2,255.44,2,3,1,At Risk
CUST020926,264,4,3597.9399999999996,2,4,5,At Risk
CUST020930,148,1,180.24,3,2,1,Needs Attention
CUST020931,85,1,273.43,4,2,1,Needs Attention
CUST020932,546,1,2330.99,1,2,4,Lost
CUST020933,5,5,5077.83,5,5,5,Champion
CUST020935,31,1,1209.94,5,2,3,Needs Attention
CUST020940,110,1,1386.07,3,2,3,Needs Attention
CUST020942,115,1,484.66,3,2,2,Needs Attention
CUST020943,129,12,6620.3,3,5,5,Loyal Customer
CUST020944,30,46,26958.08,5,5,5,Champion
CUST020947,90,2,1193.61,4,3,3,Loyal Customer
CUST020948,66,3,1835.96,4,4,4,Champion
CUST020952,10,11,8239.78,5,5,5,Champion
CUST020953,16,3,3020.12,5,4,5,Champion
CUST020955,97,1,209.85,4,2,1,Needs Attention
CUST020956,869,1,219.27,1,2,1,Lost
CUST020957,9,6,2792.25,5,5,4,Champion
CUST020958,114,1,157.69,3,2,1,Needs Attention
CUST020961,30,1,169.08,5,2,1,Needs Attention
CUST020962,33,10,8629.69,5,5,5,Champion
CUST020963,37,10,5238.58,5,5,5,Champion
CUST020964,136,1,1498.18,3,2,3,Needs Attention
CUST020967,139,1,349.2,3,2,1,Needs Attention
CUST020969,201,1,411.18,3,2,1,Needs Attention
CUST020970,537,1,58.31,1,2,1,Lost
CUST020972,212,2,1231.67,2,3,3,At Risk
CUST020973,188,1,685.05,3,2,2,Needs Attention
CUST020974,165,4,1820.4,3,4,4,Loyal Customer
CUST020975,353,2,1519.35,2,3,3,At Risk
CUST020976,80,3,591.88,4,4,2,Loyal Customer
CUST020977,692,1,1762.23,1,2,4,Lost
CUST020979,119,9,5724.57,3,5,5,Loyal Customer
CUST020980,22,1,143.92,5,2,1,Needs Attention
CUST020981,1009,1,1185.95,1,2,3,Lost
CUST020984,223,1,1858.56,2,2,4,Lost
CUST020986,694,1,393.92,1,2,1,Lost
CUST020987,112,5,3664.69,3,5,5,Loyal Customer
CUST020989,75,2,834.79,4,3,2,Loyal Customer
CUST020990,121,6,4336.860000000001,3,5,5,Loyal Customer
CUST020991,506,1,503.04,1,2,2,Lost
CUST020992,216,3,2128.1,2,4,4,At Risk
CUST020993,57,3,950.6,4,4,3,Loyal Customer
CUST020994,254,2,1108.54,2,3,3,At Risk
CUST020996,27,15,10465.78,5,5,5,Champion
CUST020998,153,6,2517.9900000000002,3,5,4,Loyal Customer
CUST020999,442,1,555.11,1,2,2,Lost
CUST021001,75,2,697.8399999999999,4,3,2,Loyal Customer
CUST021002,5,14,7817.74,5,5,5,Champion
CUST021003,820,1,127.14,1,2,1,Lost
CUST021004,119,1,195.54,3,2,1,Needs Attention
CUST021005,57,1,329.15,4,2,1,Needs Attention
CUST021006,7,6,4936.469999999999,5,5,5,Champion
CUST021007,113,4,1415.84,3,4,3,Loyal Customer
CUST021008,114,2,491.51,3,3,2,Loyal Customer
CUST021010,608,1,169.22,1,2,1,Lost
CUST021012,132,4,1757.6599999999999,3,4,4,Loyal Customer
CUST021013,114,4,2468.5,3,4,4,Loyal Customer
CUST021016,452,2,1034.46,1,3,3,At Risk
CUST021017,117,5,2696.9,3,5,4,Loyal Customer
CUST021018,55,2,788.46,4,3,2,Loyal Customer
CUST021020,18,4,3821.13,5,4,5,Champion
CUST021021,437,2,752.03,1,3,2,At Risk
CUST021022,12,32,22771.18,5,5,5,Champion
CUST021023,78,3,918.85,4,4,3,Loyal Customer
CUST021024,520,2,912.26,1,3,3,At Risk
CUST021027,39,3,1057.57,5,4,3,Loyal Customer
CUST021028,534,1,1910.38,1,2,4,Lost
CUST021030,84,22,12377.92,4,5,5,Champion
CUST021031,45,12,6809.240000000001,4,5,5,Champion
CUST021032,325,1,1037.6,2,2,3,Lost
CUST021033,133,3,997.58,3,4,3,Loyal Customer
CUST021034,178,2,1413.49,3,3,3,Loyal Customer
CUST021036,161,1,586.84,3,2,2,Needs Attention
CUST021037,344,1,285.24,2,2,1,Lost
CUST021038,312,2,292.53,2,3,1,At Risk
CUST021039,8,1,138.67,5,2,1,Needs Attention
CUST021040,18,3,1245.54,5,4,3,Loyal Customer
CUST021041,243,1,984.98,2,2,3,Lost
CUST021042,84,3,2386.1,4,4,4,Champion
CUST021043,63,3,2840.38,4,4,4,Champion
CUST021044,28,5,2327.46,5,5,4,Champion
CUST021046,92,1,574.35,4,2,2,Needs Attention
CUST021047,821,1,576.96,1,2,2,Lost
CUST021048,164,2,1063.4,3,3,3,Loyal Customer
CUST021049,250,1,923.67,2,2,3,Lost
CUST021051,119,1,1035.87,3,2,3,Needs Attention
CUST021052,213,4,2995.8199999999997,2,4,5,At Risk
CUST021053,102,8,4732.83,3,5,5,Loyal Customer
CUST021054,460,1,195.52,1,2,1,Lost
CUST021056,92,2,598.26,4,3,2,Loyal Customer
CUST021057,54,1,579.24,4,2,2,Needs Attention
CUST021058,39,9,6144.629999999999,5,5,5,Champion
CUST021059,72,2,269.69,4,3,1,Loyal Customer
CUST021060,58,6,3072.19,4,5,5,Champion
CUST021063,507,3,1186.5,1,4,3,At Risk
CUST021064,303,1,418.39,2,2,1,Lost
CUST021065,106,1,234.12,3,2,1,Needs Attention
CUST021068,69,2,451.39,4,3,2,Loyal Customer
CUST021070,8,6,2441.06,5,5,4,Champion
CUST021071,259,2,495.07000000000005,2,3,2,At Risk
CUST021073,93,3,1372.72,4,4,3,Loyal Customer
CUST021074,894,1,602.59,1,2,2,Lost
CUST021075,20,2,642.98,5,3,2,Loyal Customer
CUST021077,388,1,735.1,2,2,2,Lost
CUST021080,65,3,1309.5900000000001,4,4,3,Loyal Customer
CUST021081,59,1,1474.16,4,2,3,Needs Attention
CUST021082,232,2,1215.27,2,3,3,At Risk
CUST021083,92,2,1165.96,4,3,3,Loyal Customer
CUST021084,84,1,1087.94,4,2,3,Needs Attention
CUST021085,48,7,4313.91,4,5,5,Champion
CUST021086,254,1,637.65,2,2,2,Lost
CUST021088,242,1,1954.59,2,2,4,Lost
CUST021089,477,1,195.54,1,2,1,Lost
CUST021090,862,1,412.31,1,2,1,Lost
CUST021091,72,10,6635.6,4,5,5,Champion
CUST021092,104,1,427.7,3,2,1,Needs Attention
CUST021093,320,1,178.65,2,2,1,Lost
CUST021094,69,2,1263.6,4,3,3,Loyal Customer
CUST021096,396,3,2302.6899999999996,1,4,4,At Risk
CUST021097,443,1,2293.98,1,2,4,Lost
CUST021100,28,17,12034.99,5,5,5,Champion
CUST021101,90,2,648.13,4,3,2,Loyal Customer
CUST021107,55,2,743.64,4,3,2,Loyal Customer
CUST021108,84,4,2303.88,4,4,4,Champion
CUST021109,8,18,11942.19,5,5,5,Champion
CUST021111,224,6,4161.64,2,5,5,At Risk
CUST021115,24,21,9168.71,5,5,5,Champion
CUST021116,221,10,7065.78,2,5,5,At Risk
CUST021117,55,6,2595.34,4,5,4,Champion
CUST021118,877,1,124.12,1,2,1,Lost
CUST021119,50,4,2550.72,4,4,4,Champion
CUST021120,86,1,27.32,4,2,1,Needs Attention
CUST021121,799,1,39.36,1,2,1,Lost
CUST021123,175,4,2471.53,3,4,4,Loyal Customer
CUST021124,140,3,1519.46,3,4,3,Loyal Customer
CUST021125,341,4,3133.09,2,4,5,At Risk
CUST021128,93,4,2220.58,4,4,4,Champion
CUST021129,184,2,784.5400000000001,3,3,2,Loyal Customer
CUST021131,245,3,1145.8899999999999,2,4,3,At Risk
CUST021132,87,3,2395.02,4,4,4,Champion
CUST021134,258,1,607.08,2,2,2,Lost
CUST021135,37,2,301.87,5,3,1,Loyal Customer
CUST021137,32,7,3360.44,5,5,5,Champion
CUST021138,619,1,590.25,1,2,2,Lost
CUST021139,25,14,6459.02,5,5,5,Champion
CUST021141,109,1,1596.37,3,2,4,Needs Attention
CUST021142,77,12,7069.55,4,5,5,Champion
CUST021145,268,2,2150.19,2,3,4,At Risk
CUST021146,324,2,701.31,2,3,2,At Risk
CUST021148,21,30,17791.02,5,5,5,Champion
CUST021149,323,1,112.44,2,2,1,Lost
CUST021150,342,1,109.02,2,2,1,Lost
CUST021151,506,1,560.55,1,2,2,Lost
CUST021155,575,1,224.81,1,2,1,Lost
CUST021157,44,7,3544.03,4,5,5,Champion
CUST021158,8,2,446.75,5,3,2,Loyal Customer
CUST021160,27,3,3025.81,5,4,5,Champion
CUST021162,267,1,540.04,2,2,2,Lost
CUST021163,22,3,1313.5,5,4,3,Loyal Customer
CUST021164,20,14,8851.19,5,5,5,Champion
CUST021165,390,1,943.3,2,2,3,Lost
CUST021169,13,4,2438.4199999999996,5,4,4,Champion
CUST021170,137,1,654.66,3,2,2,Needs Attention
CUST021171,84,13,10679.75,4,5,5,Champion
CUST021173,174,5,2327.92,3,5,4,Loyal Customer
CUST021175,89,5,3465.94,4,5,5,Champion
CUST021176,628,1,443.04,1,2,2,Lost
CUST021177,109,8,5139.17,3,5,5,Loyal Customer
CUST021180,21,5,6135.84,5,5,5,Champion
CUST021181,174,3,3181.1,3,4,5,Loyal Customer
CUST021182,211,2,1424.54,2,3,3,At Risk
CUST021186,159,2,402.21000000000004,3,3,1,Loyal Customer
CUST021188,284,4,1663.74,2,4,4,At Risk
CUST021189,36,4,1430.8200000000002,5,4,3,Loyal Customer
CUST021190,3,2,1568.19,5,3,4,Loyal Customer
CUST021191,125,3,1669.31,3,4,4,Loyal Customer
CUST021192,551,3,2957.8599999999997,1,4,5,At Risk
CUST021193,28,1,220.05,5,2,1,Needs Attention
CUST021196,94,3,702.05,4,4,2,Loyal Customer
CUST021198,878,1,503.64,1,2,2,Lost
CUST021200,212,1,258.52,2,2,1,Lost
CUST021201,342,1,335.43,2,2,1,Lost
CUST021202,143,3,954.1899999999999,3,4,3,Loyal Customer
CUST021204,142,3,2774.26,3,4,4,Loyal Customer
CUST021205,9,7,3687.97,5,5,5,Champion
CUST021207,5,85,44405.02,5,5,5,Champion
CUST021208,22,1,84.45,5,2,1,Needs Attention
CUST021209,64,1,293.1,4,2,1,Needs Attention
CUST021210,64,2,1251.4,4,3,3,Loyal Customer
CUST021212,17,5,2144.04,5,5,4,Champion
CUST021213,36,1,407.16,5,2,1,Needs Attention
CUST021215,283,2,1078.6100000000001,2,3,3,At Risk
CUST021216,198,2,1724.3,3,3,4,Loyal Customer
CUST021217,148,1,1047.86,3,2,3,Needs Attention
CUST021218,103,3,2173.16,3,4,4,Loyal Customer
CUST021220,809,2,1125.6,1,3,3,At Risk
CUST021221,109,3,1900.7,3,4,4,Loyal Customer
CUST021224,116,1,214.1,3,2,1,Needs Attention
CUST021228,789,1,81.69,1,2,1,Lost
CUST021229,297,1,502.94,2,2,2,Lost
CUST021230,37,1,613.54,5,2,2,Needs Attention
CUST021231,286,1,513.38,2,2,2,Lost
CUST021232,25,3,2270.45,5,4,4,Champion
CUST021233,31,7,3312.94,5,5,5,Champion
CUST021234,286,1,1874.91,2,2,4,Lost
CUST021237,316,1,85.29,2,2,1,Lost
CUST021238,225,2,763.86,2,3,2,At Risk
CUST021239,534,1,740.3,1,2,2,Lost
CUST021240,681,1,411.71,1,2,1,Lost
CUST021241,52,9,3952.96,4,5,5,Champion
CUST021242,308,3,2720.59,2,4,4,At Risk
CUST021244,194,1,93.26,3,2,1,Needs Attention
CUST021245,161,1,719.35,3,2,2,Needs Attention
CUST021246,247,1,975.51,2,2,3,Lost
CUST021247,564,1,353.99,1,2,1,Lost
CUST021248,111,1,201.21,3,2,1,Needs Attention
CUST021249,425,2,581.51,1,3,2,At Risk
CUST021254,237,1,988.01,2,2,3,Lost
CUST021256,61,3,1595.01,4,4,4,Champion
CUST021257,2,7,3560.19,5,5,5,Champion
CUST021258,512,1,152.75,1,2,1,Lost
CUST021263,12,2,1938.53,5,3,4,Loyal Customer
CUST021264,48,1,297.26,4,2,1,Needs Attention
CUST021266,310,2,1219.25,2,3,3,At Risk
CUST021267,89,2,1155.23,4,3,3,Loyal Customer
CUST021268,406,1,191.27,1,2,1,Lost
CUST021269,153,5,1975.6,3,5,4,Loyal Customer
CUST021270,37,2,1684.4499999999998,5,3,4,Loyal Customer
CUST021271,261,4,1999.4299999999998,2,4,4,At Risk
CUST021272,99,5,2312.06,4,5,4,Champion
CUST021275,3,8,5133.65,5,5,5,Champion
CUST021276,197,2,692.3299999999999,3,3,2,Loyal Customer
CUST021277,203,1,692.48,3,2,2,Needs Attention
CUST021280,65,2,1404.01,4,3,3,Loyal Customer
CUST021281,52,3,1177.9499999999998,4,4,3,Loyal Customer
CUST021282,3,3,1492.62,5,4,3,Loyal Customer
CUST021285,361,1,970.81,2,2,3,Lost
CUST021286,52,26,11328.02,4,5,5,Champion
CUST021287,8,3,2214.0,5,4,4,Champion
CUST021288,107,3,1773.26,3,4,4,Loyal Customer
CUST021289,241,2,2464.4700000000003,2,3,4,At Risk
CUST021290,48,25,14788.69,4,5,5,Champion
CUST021291,40,4,1978.47,4,4,4,Champion
CUST021292,56,1,118.72,4,2,1,Needs Attention
CUST021293,473,1,218.43,1,2,1,Lost
CUST021296,135,8,6136.63,3,5,5,Loyal Customer
CUST021298,898,1,1550.7,1,2,3,Lost
CUST021300,9,12,5095.45,5,5,5,Champion
CUST021301,583,1,460.8,1,2,2,Lost
CUST021302,451,1,126.9,1,2,1,Lost
CUST021307,112,11,7344.52,3,5,5,Loyal Customer
CUST021309,47,1,869.51,4,2,2,Needs Attention
CUST021311,316,2,1558.88,2,3,4,At Risk
CUST021313,158,6,2464.35,3,5,4,Loyal Customer
CUST021314,935,1,372.97,1,2,1,Lost
CUST021315,475,3,1453.02,1,4,3,At Risk
CUST021316,41,3,917.96,4,4,3,Loyal Customer
CUST021317,382,1,929.22,2,2,3,Lost
CUST021318,146,4,3074.49,3,4,5,Loyal Customer
CUST021319,120,4,1995.3600000000001,3,4,4,Loyal Customer
CUST021321,54,2,590.47,4,3,2,Loyal Customer
CUST021322,56,1,251.62,4,2,1,Needs Attention
CUST021324,55,4,1659.6499999999999,4,4,4,Champion
CUST021325,722,1,635.32,1,2,2,Lost
CUST021327,39,5,3065.85,5,5,5,Champion
CUST021329,53,3,1039.66,4,4,3,Loyal Customer
CUST021330,38,8,3043.3199999999997,5,5,5,Champion
CUST021331,460,1,404.23,1,2,1,Lost
CUST021332,674,1,1151.32,1,2,3,Lost
CUST021333,134,4,2258.7599999999998,3,4,4,Loyal Customer
CUST021334,520,3,1461.5100000000002,1,4,3,At Risk
CUST021337,6,4,3937.54,5,4,5,Champion
CUST021341,254,3,1682.17,2,4,4,At Risk
CUST021346,263,1,147.87,2,2,1,Lost
CUST021348,113,5,2059.29,3,5,4,Loyal Customer
CUST021349,2,4,1768.82,5,4,4,Champion
CUST021350,265,2,1505.99,2,3,3,At Risk
CUST021351,2,1,74.47,5,2,1,Needs Attention
CUST021354,236,1,329.6,2,2,1,Lost
CUST021355,130,3,1430.3600000000001,3,4,3,Loyal Customer
CUST021357,27,15,7210.81,5,5,5,Champion
CUST021358,244,4,2041.19,2,4,4,At Risk
CUST021359,2,177,98107.16,5,5,5,Champion
CUST021361,338,4,1573.2600000000002,2,4,4,At Risk
CUST021362,140,1,637.81,3,2,2,Needs Attention
CUST021364,36,7,3298.95,5,5,5,Champion
CUST021368,12,16,10121.38,5,5,5,Champion
CUST021370,92,5,3627.32,4,5,5,Champion
CUST021372,32,4,2822.64,5,4,4,Champion
CUST021373,479,1,160.87,1,2,1,Lost
CUST021376,123,3,916.86,3,4,3,Loyal Customer
CUST021377,997,1,1046.34,1,2,3,Lost
CUST021378,302,1,940.29,2,2,3,Lost
CUST021379,19,2,1714.9099999999999,5,3,4,Loyal Customer
CUST021380,44,9,3657.29,4,5,5,Champion
CUST021382,489,1,1745.58,1,2,4,Lost
CUST021383,213,1,679.01,2,2,2,Lost
CUST021385,517,1,39.49,1,2,1,Lost
CUST021389,374,1,318.3,2,2,1,Lost
CUST021390,127,7,4937.39,3,5,5,Loyal Customer
CUST021391,114,2,815.44,3,3,2,Loyal Customer
CUST021392,156,2,1702.54,3,3,4,Loyal Customer
CUST021395,436,4,2417.16,1,4,4,At Risk
CUST021396,39,5,3311.3199999999997,5,5,5,Champion
CUST021397,188,1,352.36,3,2,1,Needs Attention
CUST021398,329,4,1802.47,2,4,4,At Risk
CUST021401,535,1,321.14,1,2,1,Lost
CUST021402,91,2,1389.3400000000001,4,3,3,Loyal Customer
CUST021403,788,2,462.25,1,3,2,At Risk
CUST021404,118,1,920.48,3,2,3,Needs Attention
CUST021405,164,5,2457.98,3,5,4,Loyal Customer
CUST021406,721,1,1202.23,1,2,3,Lost
CUST021408,308,2,815.0699999999999,2,3,2,At Risk
CUST021410,59,3,1509.33,4,4,3,Loyal Customer
CUST021411,53,4,4274.75,4,4,5,Champion
CUST021413,7,17,16649.41,5,5,5,Champion
CUST021414,594,1,538.77,1,2,2,Lost
CUST021415,793,1,1359.14,1,2,3,Lost
CUST021416,1,67,33459.840000000004,5,5,5,Champion
CUST021417,689,1,274.98,1,2,1,Lost
CUST021419,240,4,1427.6599999999999,2,4,3,At Risk
CUST021420,291,7,5217.32,2,5,5,At Risk
CUST021425,72,5,3420.68,4,5,5,Champion
CUST021426,242,1,279.28,2,2,1,Lost
CUST021427,265,3,991.46,2,4,3,At Risk
CUST021428,52,4,1823.1100000000001,4,4,4,Champion
CUST021429,431,1,273.26,1,2,1,Lost
CUST021431,324,2,1172.08,2,3,3,At Risk
CUST021432,52,9,3660.08,4,5,5,Champion
CUST021435,48,5,4469.77,4,5,5,Champion
CUST021437,123,1,711.06,3,2,2,Needs Attention
CUST021438,19,12,7053.47,5,5,5,Champion
CUST021439,1,4,1795.0900000000001,5,4,4,Champion
CUST021440,179,1,404.48,3,2,1,Needs Attention
CUST021444,14,1,42.09,5,2,1,Needs Attention
CUST021445,267,2,326.56,2,3,1,At Risk
CUST021446,27,9,4864.33,5,5,5,Champion
CUST021448,368,2,757.3499999999999,2,3,2,At Risk
CUST021449,124,7,2735.81,3,5,4,Loyal Customer
CUST021450,126,4,2084.1,3,4,4,Loyal Customer
CUST021451,116,5,2951.8199999999997,3,5,5,Loyal Customer
CUST021452,321,2,2183.06,2,3,4,At Risk
CUST021453,69,8,6846.98,4,5,5,Champion
CUST021454,639,1,574.06,1,2,2,Lost
CUST021455,145,3,1160.22,3,4,3,Loyal Customer
CUST021456,27,8,4017.94,5,5,5,Champion
CUST021458,67,10,4025.52,4,5,5,Champion
CUST021459,101,2,880.97,4,3,3,Loyal Customer
CUST021460,776,1,195.54,1,2,1,Lost
CUST021462,10,5,1423.91,5,5,3,Loyal Customer
CUST021463,216,2,982.76,2,3,3,At Risk
CUST021465,149,2,2129.54,3,3,4,Loyal Customer
CUST021466,236,2,1193.0900000000001,2,3,3,At Risk
CUST021469,176,2,756.99,3,3,2,Loyal Customer
CUST021470,242,2,1435.54,2,3,3,At Risk
CUST021474,97,1,579.06,4,2,2,Needs Attention
CUST021475,57,5,5657.030000000001,4,5,5,Champion
CUST021476,368,1,237.65,2,2,1,Lost
CUST021477,250,2,1867.3200000000002,2,3,4,At Risk
CUST021478,292,3,946.1500000000001,2,4,3,At Risk
CUST021481,4,5,1828.17,5,5,4,Champion
CUST021483,743,1,402.2,1,2,1,Lost
CUST021484,179,2,1635.95,3,3,4,Loyal Customer
CUST021485,229,2,975.54,2,3,3,At Risk
CUST021486,316,1,212.27,2,2,1,Lost
CUST021487,2,1,209.44,5,2,1,Needs Attention
CUST021488,51,6,4461.29,4,5,5,Champion
CUST021489,1,11,5691.91,5,5,5,Champion
CUST021490,60,2,670.3299999999999,4,3,2,Loyal Customer
CUST021491,38,3,710.9300000000001,5,4,2,Loyal Customer
CUST021492,36,2,1633.9499999999998,5,3,4,Loyal Customer
CUST021493,94,7,4928.9800000000005,4,5,5,Champion
CUST021495,7,1,347.36,5,2,1,Needs Attention
CUST021496,40,1,166.32,4,2,1,Needs Attention
CUST021497,380,3,1601.32,2,4,4,At Risk
CUST021498,115,4,2000.25,3,4,4,Loyal Customer
CUST021501,126,2,2245.04,3,3,4,Loyal Customer
CUST021502,82,1,1108.84,4,2,3,Needs Attention
CUST021503,342,3,844.54,2,4,2,At Risk
CUST021504,329,4,1022.99,2,4,3,At Risk
CUST021505,94,1,295.69,4,2,1,Needs Attention
CUST021506,74,2,1968.18,4,3,4,Loyal Customer
CUST021507,363,1,591.96,2,2,2,Lost
CUST021508,18,5,1188.14,5,5,3,Loyal Customer
CUST021509,75,3,750.12,4,4,2,Loyal Customer
CUST021511,203,2,1653.87,3,3,4,Loyal Customer
CUST021512,559,2,552.49,1,3,2,At Risk
CUST021513,280,2,843.03,2,3,2,At Risk
CUST021515,110,1,1052.97,3,2,3,Needs Attention
CUST021517,567,1,120.7,1,2,1,Lost
CUST021518,25,3,890.25,5,4,3,Loyal Customer
CUST021524,182,1,599.41,3,2,2,Needs Attention
CUST021525,121,5,2917.24,3,5,5,Loyal Customer
CUST021526,126,2,849.12,3,3,2,Loyal Customer
CUST021527,303,1,368.43,2,2,1,Lost
CUST021529,195,2,991.02,3,3,3,Loyal Customer
CUST021530,125,4,2541.25,3,4,4,Loyal Customer
CUST021532,206,2,3082.14,2,3,5,At Risk
CUST021533,12,2,1664.05,5,3,4,Loyal Customer
CUST021534,116,1,1117.32,3,2,3,Needs Attention
CUST021535,598,2,1126.96,1,3,3,At Risk
CUST021536,42,37,19211.89,4,5,5,Champion
CUST021539,41,20,11127.34,4,5,5,Champion
CUST021541,514,3,2775.49,1,4,4,At Risk
CUST021542,274,1,424.55,2,2,1,Lost
CUST021543,196,2,1603.56,3,3,4,Loyal Customer
CUST021545,93,6,2571.45,4,5,4,Champion
CUST021547,180,3,1895.1,3,4,4,Loyal Customer
CUST021549,156,2,1042.6399999999999,3,3,3,Loyal Customer
CUST021551,25,22,16186.28,5,5,5,Champion
CUST021552,29,6,4901.89,5,5,5,Champion
CUST021553,152,3,1863.9,3,4,4,Loyal Customer
CUST021554,148,1,74.35,3,2,1,Needs Attention
CUST021555,290,1,74.45,2,2,1,Lost
CUST021556,53,2,1282.6399999999999,4,3,3,Loyal Customer
CUST021558,323,1,1593.23,2,2,4,Lost
CUST021560,581,3,3358.73,1,4,5,At Risk
CUST021562,764,1,294.48,1,2,1,Lost
CUST021563,12,3,2257.89,5,4,4,Champion
CUST021565,296,1,1289.25,2,2,3,Lost
CUST021566,42,4,2321.85,4,4,4,Champion
CUST021567,106,7,4391.52,3,5,5,Loyal Customer
CUST021568,39,5,4178.94,5,5,5,Champion
CUST021569,42,2,1826.0,4,3,4,Loyal Customer
CUST021571,73,5,1361.52,4,5,3,Loyal Customer
CUST021575,25,3,2367.33,5,4,4,Champion
CUST021576,464,1,221.53,1,2,1,Lost
CUST021577,2,5,4078.1099999999997,5,5,5,Champion
CUST021579,89,5,2762.37,4,5,4,Champion
CUST021580,145,5,2153.87,3,5,4,Loyal Customer
CUST021581,358,1,86.39,2,2,1,Lost
CUST021582,138,3,1441.08,3,4,3,Loyal Customer
CUST021583,247,3,1903.7800000000002,2,4,4,At Risk
CUST021586,104,7,3761.5499999999997,3,5,5,Loyal Customer
CUST021588,5,64,39191.26,5,5,5,Champion
CUST021589,33,4,2072.82,5,4,4,Champion
CUST021590,42,3,1957.98,4,4,4,Champion
CUST021591,745,1,1001.33,1,2,3,Lost
CUST021592,539,1,284.2,1,2,1,Lost
CUST021594,615,1,306.77,1,2,1,Lost
CUST021596,476,1,2248.78,1,2,4,Lost
CUST021600,161,2,1515.16,3,3,3,Loyal Customer
CUST021601,58,1,948.8,4,2,3,Needs Attention
CUST021602,27,11,5402.83,5,5,5,Champion
CUST021603,3,2,1744.66,5,3,4,Loyal Customer
CUST021604,4,7,3561.91,5,5,5,Champion
CUST021605,720,1,298.93,1,2,1,Lost
CUST021606,152,2,1435.49,3,3,3,Loyal Customer
CUST021608,56,2,668.86,4,3,2,Loyal Customer
CUST021611,448,1,570.4,1,2,2,Lost
CUST021613,205,1,869.34,2,2,2,Lost
CUST021614,281,1,431.52,2,2,1,Lost
CUST021615,507,1,53.37,1,2,1,Lost
CUST021619,871,1,543.79,1,2,2,Lost
CUST021620,37,2,726.09,5,3,2,Loyal Customer
CUST021622,583,1,111.28,1,2,1,Lost
CUST021624,29,5,3801.56,5,5,5,Champion
CUST021625,225,2,815.0600000000001,2,3,2,At Risk
CUST021626,351,2,933.76,2,3,3,At Risk
CUST021627,10,21,13040.630000000001,5,5,5,Champion
CUST021628,332,1,98.49,2,2,1,Lost
CUST021629,65,1,197.83,4,2,1,Needs Attention
CUST021630,66,6,3025.25,4,5,5,Champion
CUST021631,369,1,166.07,2,2,1,Lost
CUST021632,67,1,243.13,4,2,1,Needs Attention
CUST021640,77,5,2951.71,4,5,5,Champion
CUST021641,167,1,869.07,3,2,2,Needs Attention
CUST021642,299,2,1042.59,2,3,3,At Risk
CUST021644,38,1,633.08,5,2,2,Needs Attention
CUST021645,632,1,492.23,1,2,2,Lost
CUST021647,45,1,930.17,4,2,3,Needs Attention
CUST021649,112,1,100.68,3,2,1,Needs Attention
CUST021650,554,1,200.47,1,2,1,Lost
CUST021651,628,1,219.25,1,2,1,Lost
CUST021654,56,7,3974.86,4,5,5,Champion
CUST021655,2,10,5991.6,5,5,5,Champion
CUST021656,172,1,313.13,3,2,1,Needs Attention
CUST021657,324,3,809.17,2,4,2,At Risk
CUST021658,363,2,1094.39,2,3,3,At Risk
CUST021659,186,2,2021.95,3,3,4,Loyal Customer
CUST021660,101,3,1606.8999999999999,4,4,4,Champion
CUST021662,429,1,1314.93,1,2,3,Lost
CUST021664,263,1,104.75,2,2,1,Lost
CUST021665,560,2,783.1800000000001,1,3,2,At Risk
CUST021667,17,5,3308.77,5,5,5,Champion
CUST021668,103,1,296.2,3,2,1,Needs Attention
CUST021669,34,6,4561.75,5,5,5,Champion
CUST021670,376,3,1158.21,2,4,3,At Risk
CUST021671,748,1,406.11,1,2,1,Lost
CUST021673,133,1,1564.07,3,2,4,Needs Attention
CUST021675,263,1,316.56,2,2,1,Lost
CUST021676,556,1,203.14,1,2,1,Lost
CUST021677,297,1,326.03,2,2,1,Lost
CUST021679,483,1,241.76,1,2,1,Lost
CUST021680,464,3,1292.27,1,4,3,At Risk
CUST021683,203,2,402.04,3,3,1,Loyal Customer
CUST021685,202,7,2879.46,3,5,4,Loyal Customer
CUST021686,120,3,543.36,3,4,2,Loyal Customer
CUST021687,182,4,1547.18,3,4,3,Loyal Customer
CUST021688,254,1,323.58,2,2,1,Lost
CUST021690,233,1,97.98,2,2,1,Lost
CUST021691,116,11,4877.17,3,5,5,Loyal Customer
CUST021692,268,1,741.34,2,2,2,Lost
CUST021693,75,1,1043.1,4,2,3,Needs Attention
CUST021695,256,2,1081.24,2,3,3,At Risk
CUST021696,806,1,241.04,1,2,1,Lost
CUST021697,457,1,819.71,1,2,2,Lost
CUST021698,160,2,1090.44,3,3,3,Loyal Customer
CUST021700,330,2,187.96,2,3,1,At Risk
CUST021701,66,6,2221.7,4,5,4,Champion
CUST021704,198,1,23.17,3,2,1,Needs Attention
CUST021705,6,2,701.76,5,3,2,Loyal Customer
CUST021706,608,1,1341.24,1,2,3,Lost
CUST021709,498,2,1062.53,1,3,3,At Risk
CUST021712,252,5,2558.98,2,5,4,At Risk
CUST021714,344,1,451.34,2,2,2,Lost
CUST021715,239,2,1053.69,2,3,3,At Risk
CUST021716,43,2,913.85,4,3,3,Loyal Customer
CUST021718,9,1,644.2,5,2,2,Needs Attention
CUST021719,69,2,530.96,4,3,2,Loyal Customer
CUST021721,473,1,110.37,1,2,1,Lost
CUST021722,66,3,1999.3400000000001,4,4,4,Champion
CUST021723,57,2,1509.75,4,3,3,Loyal Customer
CUST021724,51,7,2145.63,4,5,4,Champion
CUST021726,833,1,45.87,1,2,1,Lost
CUST021729,175,1,792.3,3,2,2,Needs Attention
CUST021731,190,2,1053.21,3,3,3,Loyal Customer
CUST021733,435,1,562.82,1,2,2,Lost
CUST021735,137,2,696.38,3,3,2,Loyal Customer
CUST021736,293,2,842.6800000000001,2,3,2,At Risk
CUST021739,889,1,127.81,1,2,1,Lost
CUST021740,400,1,958.72,1,2,3,Lost
CUST021742,453,2,1872.85,1,3,4,At Risk
CUST021744,173,6,2233.29,3,5,4,Loyal Customer
CUST021745,133,1,676.57,3,2,2,Needs Attention
CUST021746,369,3,1043.39,2,4,3,At Risk
CUST021749,12,3,864.6,5,4,2,Loyal Customer
CUST021750,47,1,304.61,4,2,1,Needs Attention
CUST021751,356,1,293.05,2,2,1,Lost
CUST021752,67,2,911.7,4,3,3,Loyal Customer
CUST021756,16,1,901.26,5,2,3,Needs Attention
CUST021757,34,9,6443.860000000001,5,5,5,Champion
CUST021758,227,2,337.2,2,3,1,At Risk
CUST021759,84,2,1297.66,4,3,3,Loyal Customer
CUST021760,96,5,2922.64,4,5,5,Champion
CUST021761,1,106,58840.979999999996,5,5,5,Champion
CUST021762,342,1,1197.64,2,2,3,Lost
CUST021763,849,1,294.72,1,2,1,Lost
CUST021765,48,2,1756.79,4,3,4,Loyal Customer
CUST021767,2,3,1001.0699999999999,5,4,3,Loyal Customer
CUST021768,559,1,407.87,1,2,1,Lost
CUST021769,116,1,485.13,3,2,2,Needs Attention
CUST021770,26,18,7832.969999999999,5,5,5,Champion
CUST021771,170,5,2081.89,3,5,4,Loyal Customer
CUST021772,806,1,554.41,1,2,2,Lost
CUST021773,472,1,402.35,1,2,1,Lost
CUST021775,664,1,307.0,1,2,1,Lost
CUST021776,64,4,2863.29,4,4,4,Champion
CUST021777,205,1,398.31,2,2,1,Lost
CUST021779,249,2,461.57,2,3,2,At Risk
CUST021781,71,4,2546.91,4,4,4,Champion
CUST021782,56,6,1535.8500000000001,4,5,3,Loyal Customer
CUST021783,339,2,1420.17,2,3,3,At Risk
CUST021784,20,27,15888.29,5,5,5,Champion
CUST021785,502,3,2419.14,1,4,4,At Risk
CUST021788,222,3,918.06,2,4,3,At Risk
CUST021790,5,13,6506.1900000000005,5,5,5,Champion
CUST021791,51,12,7281.67,4,5,5,Champion
CUST021792,10,5,2048.51,5,5,4,Champion
CUST021793,26,4,1758.26,5,4,4,Champion
CUST021794,256,2,1205.88,2,3,3,At Risk
CUST021798,523,1,464.69,1,2,2,Lost
CUST021800,48,4,3500.96,4,4,5,Champion
CUST021801,298,1,637.65,2,2,2,Lost
CUST021802,44,1,1021.92,4,2,3,Needs Attention
CUST021804,352,3,1270.04,2,4,3,At Risk
CUST021805,66,3,1660.9499999999998,4,4,4,Champion
CUST021807,121,2,1006.7,3,3,3,Loyal Customer
CUST021808,20,5,2661.47,5,5,4,Champion
CUST021809,66,2,1403.25,4,3,3,Loyal Customer
CUST021811,289,1,220.65,2,2,1,Lost
CUST021812,37,1,652.06,5,2,2,Needs Attention
CUST021813,6,7,4409.639999999999,5,5,5,Champion
CUST021814,151,3,939.4399999999999,3,4,3,Loyal Customer
CUST021816,22,7,6703.84,5,5,5,Champion
CUST021818,253,2,870.37,2,3,2,At Risk
CUST021820,261,2,888.0,2,3,3,At Risk
CUST021821,275,2,675.8,2,3,2,At Risk
CUST021824,52,2,1351.94,4,3,3,Loyal Customer
CUST021825,191,5,2365.06,3,5,4,Loyal Customer
CUST021826,69,2,989.9599999999999,4,3,3,Loyal Customer
CUST021827,265,1,700.17,2,2,2,Lost
CUST021828,143,5,1823.74,3,5,4,Loyal Customer
CUST021831,292,1,601.41,2,2,2,Lost
CUST021833,849,1,650.38,1,2,2,Lost
CUST021838,49,2,2672.2799999999997,4,3,4,Loyal Customer
CUST021840,74,1,349.41,4,2,1,Needs Attention
CUST021841,20,4,1933.8,5,4,4,Champion
CUST021842,197,1,662.27,3,2,2,Needs Attention
CUST021843,10,38,22042.49,5,5,5,Champion
CUST021845,343,1,507.91,2,2,2,Lost
CUST021846,400,2,1202.35,1,3,3,At Risk
CUST021847,104,4,1561.26,3,4,4,Loyal Customer
CUST021850,73,2,1412.93,4,3,3,Loyal Customer
CUST021851,12,13,8249.67,5,5,5,Champion
CUST021852,20,29,15530.49,5,5,5,Champion
CUST021853,112,4,1674.16,3,4,4,Loyal Customer
CUST021854,18,4,1051.6200000000001,5,4,3,Loyal Customer
CUST021855,268,3,1210.34,2,4,3,At Risk
CUST021856,33,5,3983.29,5,5,5,Champion
CUST021857,9,26,18543.82,5,5,5,Champion
CUST021858,117,3,1708.82,3,4,4,Loyal Customer
CUST021859,701,1,1203.45,1,2,3,Lost
CUST021860,68,1,356.41,4,2,1,Needs Attention
CUST021862,57,9,3688.21,4,5,5,Champion
CUST021866,7,9,5066.22,5,5,5,Champion
CUST021867,71,1,642.64,4,2,2,Needs Attention
CUST021868,66,2,815.03,4,3,2,Loyal Customer
CUST021871,191,2,1570.97,3,3,4,Loyal Customer
CUST021873,66,9,2914.5299999999997,4,5,5,Champion
CUST021875,68,5,964.0,4,5,3,Loyal Customer
CUST021876,693,1,139.13,1,2,1,Lost
CUST021878,505,1,602.34,1,2,2,Lost
CUST021880,139,13,5533.0,3,5,5,Loyal Customer
CUST021882,67,4,1860.69,4,4,4,Champion
CUST021884,43,8,5414.8,4,5,5,Champion
CUST021885,2,4,1684.42,5,4,4,Champion
CUST021887,836,1,581.35,1,2,2,Lost
CUST021889,28,3,2353.36,5,4,4,Champion
CUST021890,95,2,716.85,4,3,2,Loyal Customer
CUST021892,69,2,1000.54,4,3,3,Loyal Customer
CUST021893,86,2,799.36,4,3,2,Loyal Customer
CUST021894,169,9,5547.89,3,5,5,Loyal Customer
CUST021896,49,2,431.98,4,3,1,Loyal Customer
CUST021898,363,1,157.69,2,2,1,Lost
CUST021900,526,1,78.37,1,2,1,Lost
CUST021901,329,2,1685.16,2,3,4,At Risk
CUST021902,625,1,596.89,1,2,2,Lost
CUST021904,274,1,268.53,2,2,1,Lost
CUST021905,102,1,750.41,3,2,2,Needs Attention
CUST021906,68,4,1666.88,4,4,4,Champion
CUST021907,34,13,6637.87,5,5,5,Champion
CUST021910,104,6,3239.9700000000003,3,5,5,Loyal Customer
CUST021912,160,9,4049.0499999999997,3,5,5,Loyal Customer
CUST021913,8,2,519.73,5,3,2,Loyal Customer
CUST021914,275,2,1705.49,2,3,4,At Risk
CUST021915,7,5,2750.9,5,5,4,Champion
CUST021918,352,1,768.02,2,2,2,Lost
CUST021919,11,9,8051.72,5,5,5,Champion
CUST021921,271,2,2201.4,2,3,4,At Risk
CUST021922,15,7,2690.41,5,5,4,Champion
CUST021925,371,1,153.29,2,2,1,Lost
CUST021927,33,7,3476.59,5,5,5,Champion
CUST021929,527,1,122.96,1,2,1,Lost
CUST021931,1025,1,33.26,1,2,1,Lost
CUST021934,30,4,1620.97,5,4,4,Champion
CUST021935,152,3,1313.42,3,4,3,Loyal Customer
CUST021936,120,5,2588.34,3,5,4,Loyal Customer
CUST021937,803,1,1069.66,1,2,3,Lost
CUST021938,90,5,1286.8,4,5,3,Loyal Customer
CUST021940,5,9,6247.62,5,5,5,Champion
CUST021941,597,1,668.35,1,2,2,Lost
CUST021947,139,1,444.88,3,2,2,Needs Attention
CUST021948,390,2,1844.72,2,3,4,At Risk
CUST021950,7,3,4031.11,5,4,5,Champion
CUST021954,595,1,309.54,1,2,1,Lost
CUST021955,36,9,4664.06,5,5,5,Champion
CUST021957,30,27,16841.61,5,5,5,Champion
CUST021958,237,1,970.4,2,2,3,Lost
CUST021960,5,3,840.06,5,4,2,Loyal Customer
CUST021961,80,2,298.75,4,3,1,Loyal Customer
CUST021962,141,2,1925.4099999999999,3,3,4,Loyal Customer
CUST021963,652,1,307.88,1,2,1,Lost
CUST021964,486,1,587.34,1,2,2,Lost
CUST021967,710,1,1895.37,1,2,4,Lost
CUST021968,496,2,815.15,1,3,2,At Risk
CUST021969,404,2,2456.2799999999997,1,3,4,At Risk
CUST021970,351,1,120.74,2,2,1,Lost
CUST021971,435,1,941.94,1,2,3,Lost
CUST021973,155,7,4162.72,3,5,5,Loyal Customer
CUST021974,47,3,2942.91,4,4,5,Champion
CUST021975,40,2,628.13,4,3,2,Loyal Customer
CUST021976,332,2,1718.77,2,3,4,At Risk
CUST021977,475,1,323.19,1,2,1,Lost
CUST021979,13,3,1445.03,5,4,3,Loyal Customer
CUST021980,98,3,1116.59,4,4,3,Loyal Customer
CUST021982,95,7,3353.58,4,5,5,Champion
CUST021987,187,1,175.59,3,2,1,Needs Attention
CUST021988,344,3,2625.19,2,4,4,At Risk
CUST021989,320,1,329.91,2,2,1,Lost
CUST021990,222,1,292.38,2,2,1,Lost
CUST021991,79,4,1675.35,4,4,4,Champion
CUST021992,8,2,1147.65,5,3,3,Loyal Customer
CUST021994,209,3,2209.17,2,4,4,At Risk
CUST021995,174,4,3224.4900000000002,3,4,5,Loyal Customer
CUST021996,454,1,314.93,1,2,1,Lost
CUST021998,464,1,128.0,1,2,1,Lost
CUST021999,416,1,907.82,1,2,3,Lost
CUST022000,335,1,765.93,2,2,2,Lost
CUST022001,348,2,716.89,2,3,2,At Risk
CUST022002,579,1,387.64,1,2,1,Lost
CUST022005,176,10,4914.17,3,5,5,Loyal Customer
CUST022006,718,2,1433.8799999999999,1,3,3,At Risk
CUST022007,707,2,3729.69,1,3,5,At Risk
CUST022010,151,4,2677.7799999999997,3,4,4,Loyal Customer
CUST022011,146,1,539.19,3,2,2,Needs Attention
CUST022014,78,1,703.4,4,2,2,Needs Attention
CUST022015,134,4,1566.85,3,4,4,Loyal Customer
CUST022016,10,10,4389.02,5,5,5,Champion
CUST022018,41,5,4046.6800000000003,4,5,5,Champion
CUST022019,174,1,21.77,3,2,1,Needs Attention
CUST022021,186,5,4919.26,3,5,5,Loyal Customer
CUST022022,662,1,140.8,1,2,1,Lost
CUST022023,109,1,231.65,3,2,1,Needs Attention
CUST022024,49,4,2904.0,4,4,5,Champion
CUST022025,196,1,476.52,3,2,2,Needs Attention
CUST022026,313,2,825.6800000000001,2,3,2,At Risk
CUST022028,712,1,1025.88,1,2,3,Lost
CUST022029,553,1,737.27,1,2,2,Lost
CUST022034,249,1,985.6,2,2,3,Lost
CUST022035,349,1,623.65,2,2,2,Lost
CUST022036,588,1,1276.6,1,2,3,Lost
CUST022038,138,1,1143.24,3,2,3,Needs Attention
CUST022039,430,1,221.98,1,2,1,Lost
CUST022040,27,1,345.46,5,2,1,Needs Attention
CUST022042,573,1,510.01,1,2,2,Lost
CUST022043,12,1,594.3,5,2,2,Needs Attention
CUST022044,13,14,8251.92,5,5,5,Champion
CUST022047,25,15,11182.47,5,5,5,Champion
CUST022048,232,1,588.97,2,2,2,Lost
CUST022049,309,4,2459.89,2,4,4,At Risk
CUST022054,394,1,58.0,1,2,1,Lost
CUST022055,131,4,2340.41,3,4,4,Loyal Customer
CUST022059,43,3,1667.4,4,4,4,Champion
CUST022060,9,6,2296.35,5,5,4,Champion
CUST022061,1,4,1857.0,5,4,4,Champion
CUST022062,739,1,432.6,1,2,1,Lost
CUST022064,204,2,3375.14,2,3,5,At Risk
CUST022068,140,1,857.21,3,2,2,Needs Attention
CUST022071,248,1,174.67,2,2,1,Lost
CUST022077,184,1,719.88,3,2,2,Needs Attention
CUST022078,36,9,6926.95,5,5,5,Champion
CUST022079,822,1,1437.04,1,2,3,Lost
CUST022081,201,3,1039.34,3,4,3,Loyal Customer
CUST022082,211,3,3312.2,2,4,5,At Risk
CUST022083,49,3,1269.75,4,4,3,Loyal Customer
CUST022084,518,1,142.95,1,2,1,Lost
CUST022085,73,6,3472.08,4,5,5,Champion
CUST022087,46,10,7140.36,4,5,5,Champion
CUST022088,3,3,928.9200000000001,5,4,3,Loyal Customer
CUST022089,382,2,510.65999999999997,2,3,2,At Risk
CUST022090,115,7,5578.87,3,5,5,Loyal Customer
CUST022091,70,1,217.92,4,2,1,Needs Attention
CUST022092,28,3,2910.79,5,4,5,Champion
CUST022093,431,1,78.32,1,2,1,Lost
CUST022094,365,1,1292.48,2,2,3,Lost
CUST022098,10,2,1007.9200000000001,5,3,3,Loyal Customer
CUST022099,713,1,513.24,1,2,2,Lost
CUST022101,592,1,752.16,1,2,2,Lost
CUST022102,18,1,525.22,5,2,2,Needs Attention
CUST022103,4,1,1410.31,5,2,3,Needs Attention
CUST022104,741,1,95.23,1,2,1,Lost
CUST022105,479,1,295.19,1,2,1,Lost
CUST022106,666,1,233.62,1,2,1,Lost
CUST022107,213,8,3712.13,2,5,5,At Risk
CUST022108,3,1,62.79,5,2,1,Needs Attention
CUST022109,1,1,1226.3,5,2,3,Needs Attention
CUST022110,792,1,455.54,1,2,2,Lost
CUST022112,186,5,2091.78,3,5,4,Loyal Customer
CUST022113,117,1,262.21,3,2,1,Needs Attention
CUST022114,109,4,3187.3199999999997,3,4,5,Loyal Customer
CUST022115,304,2,242.38,2,3,1,At Risk
CUST022117,704,1,571.14,1,2,2,Lost
CUST022118,50,2,444.42,4,3,2,Loyal Customer
CUST022119,12,12,9035.67,5,5,5,Champion
CUST022120,261,3,3785.6,2,4,5,At Risk
CUST022122,93,4,2100.46,4,4,4,Champion
CUST022125,852,1,18.74,1,2,1,Lost
CUST022126,51,13,6771.82,4,5,5,Champion
CUST022128,22,2,829.5600000000001,5,3,2,Loyal Customer
CUST022130,91,1,1056.37,4,2,3,Needs Attention
CUST022131,70,5,2245.42,4,5,4,Champion
CUST022132,350,2,326.71000000000004,2,3,1,At Risk
CUST022133,77,2,1327.54,4,3,3,Loyal Customer
CUST022134,13,1,533.44,5,2,2,Needs Attention
CUST022136,185,2,2380.87,3,3,4,Loyal Customer
CUST022137,83,1,443.04,4,2,2,Needs Attention
CUST022140,28,9,6551.74,5,5,5,Champion
CUST022141,390,2,1310.82,2,3,3,At Risk
CUST022142,84,3,1690.35,4,4,4,Champion
CUST022144,72,1,596.01,4,2,2,Needs Attention
CUST022146,597,1,93.37,1,2,1,Lost
CUST022147,290,1,776.33,2,2,2,Lost
CUST022148,91,6,6007.12,4,5,5,Champion
CUST022149,19,32,19018.37,5,5,5,Champion
CUST022150,144,2,651.54,3,3,2,Loyal Customer
CUST022152,386,1,706.85,2,2,2,Lost
CUST022154,160,5,2248.6800000000003,3,5,4,Loyal Customer
CUST022155,71,3,1576.8899999999999,4,4,4,Champion
CUST022156,179,2,992.01,3,3,3,Loyal Customer
CUST022157,56,2,492.41999999999996,4,3,2,Loyal Customer
CUST022158,70,7,2751.9,4,5,4,Champion
CUST022160,25,1,1331.72,5,2,3,Needs Attention
CUST022161,238,10,6897.150000000001,2,5,5,At Risk
CUST022162,170,1,419.48,3,2,1,Needs Attention
CUST022163,391,2,497.57000000000005,2,3,2,At Risk
CUST022164,479,1,503.48,1,2,2,Lost
CUST022165,646,1,531.55,1,2,2,Lost
CUST022166,417,2,404.69,1,3,1,At Risk
CUST022167,137,3,3041.25,3,4,5,Loyal Customer
CUST022168,99,5,3277.65,4,5,5,Champion
CUST022169,21,2,1930.07,5,3,4,Loyal Customer
CUST022170,66,7,2512.33,4,5,4,Champion
CUST022171,53,1,147.09,4,2,1,Needs Attention
CUST022178,174,2,1012.5799999999999,3,3,3,Loyal Customer
CUST022180,571,1,214.41,1,2,1,Lost
CUST022181,7,1,382.23,5,2,1,Needs Attention
CUST022183,198,4,4450.55,3,4,5,Loyal Customer
CUST022184,91,1,556.22,4,2,2,Needs Attention
CUST022185,26,12,7307.28,5,5,5,Champion
CUST022188,70,6,2852.79,4,5,4,Champion
CUST022189,215,4,973.5799999999999,2,4,3,At Risk
CUST022190,259,1,242.37,2,2,1,Lost
CUST022193,56,1,537.36,4,2,2,Needs Attention
CUST022195,350,1,259.05,2,2,1,Lost
CUST022199,7,19,10911.57,5,5,5,Champion
CUST022201,323,1,177.18,2,2,1,Lost
CUST022202,102,2,1192.96,3,3,3,Loyal Customer
CUST022203,2,3,2682.2200000000003,5,4,4,Champion
CUST022204,192,1,191.24,3,2,1,Needs Attention
CUST022205,544,1,210.76,1,2,1,Lost
CUST022207,51,2,836.51,4,3,2,Loyal Customer
CUST022208,562,1,78.0,1,2,1,Lost
CUST022209,173,1,478.2,3,2,2,Needs Attention
CUST022210,111,2,521.25,3,3,2,Loyal Customer
CUST022211,132,1,346.92,3,2,1,Needs Attention
CUST022212,224,2,836.14,2,3,2,At Risk
CUST022213,142,4,1888.21,3,4,4,Loyal Customer
CUST022214,108,1,329.6,3,2,1,Needs Attention
CUST022218,102,1,44.62,3,2,1,Needs Attention
CUST022221,67,2,466.59000000000003,4,3,2,Loyal Customer
CUST022223,180,1,928.8,3,2,3,Needs Attention
CUST022224,245,3,2263.94,2,4,4,At Risk
CUST022227,184,1,914.59,3,2,3,Needs Attention
CUST022229,62,8,3239.92,4,5,5,Champion
CUST022230,208,9,5130.34,2,5,5,At Risk
CUST022233,159,1,539.19,3,2,2,Needs Attention
CUST022237,27,4,2258.81,5,4,4,Champion
CUST022238,606,1,741.39,1,2,2,Lost
CUST022239,374,1,369.01,2,2,1,Lost
CUST022241,342,1,3040.55,2,2,5,Lost
CUST022243,44,7,4273.76,4,5,5,Champion
CUST022244,23,1,867.88,5,2,2,Needs Attention
CUST022246,543,1,593.49,1,2,2,Lost
CUST022247,201,1,1402.21,3,2,3,Needs Attention
CUST022248,255,1,616.52,2,2,2,Lost
CUST022252,410,2,1823.8500000000001,1,3,4,At Risk
CUST022253,123,1,715.21,3,2,2,Needs Attention
CUST022254,303,3,1800.37,2,4,4,At Risk
CUST022255,1,11,5779.24,5,5,5,Champion
CUST022256,16,13,4613.23,5,5,5,Champion
CUST022257,320,1,602.69,2,2,2,Lost
CUST022258,470,2,1108.75,1,3,3,At Risk
CUST022259,237,1,1705.64,2,2,4,Lost
CUST022261,6,6,3746.6099999999997,5,5,5,Champion
CUST022262,535,1,386.28,1,2,1,Lost
CUST022263,748,1,580.39,1,2,2,Lost
CUST022264,29,1,496.68,5,2,2,Needs Attention
CUST022266,34,3,1112.78,5,4,3,Loyal Customer
CUST022268,106,1,269.63,3,2,1,Needs Attention
CUST022269,8,8,4263.18,5,5,5,Champion
CUST022270,11,3,1161.43,5,4,3,Loyal Customer
CUST022271,76,5,1694.02,4,5,4,Champion
CUST022272,766,1,536.79,1,2,2,Lost
CUST022274,102,4,2093.03,3,4,4,Loyal Customer
CUST022275,234,2,838.0799999999999,2,3,2,At Risk
CUST022277,134,3,2071.5699999999997,3,4,4,Loyal Customer
CUST022281,99,2,1289.26,4,3,3,Loyal Customer
CUST022282,20,12,4589.75,5,5,5,Champion
CUST022283,69,3,1468.69,4,4,3,Loyal Customer
CUST022284,95,1,677.24,4,2,2,Needs Attention
CUST022285,193,1,279.28,3,2,1,Needs Attention
CUST022287,346,1,133.8,2,2,1,Lost
CUST022289,19,5,2905.97,5,5,5,Champion
CUST022292,122,3,2812.83,3,4,4,Loyal Customer
CUST022293,671,1,394.14,1,2,1,Lost
CUST022296,7,9,4684.74,5,5,5,Champion
CUST022297,491,2,1067.4099999999999,1,3,3,At Risk
CUST022298,407,2,1074.03,1,3,3,At Risk
CUST022300,223,2,1575.76,2,3,4,At Risk
CUST022301,429,1,731.84,1,2,2,Lost
CUST022305,1,48,28093.75,5,5,5,Champion
CUST022307,34,3,2402.92,5,4,4,Champion
CUST022308,229,4,2316.7799999999997,2,4,4,At Risk
CUST022309,309,1,585.64,2,2,2,Lost
CUST022312,29,4,2238.83,5,4,4,Champion
CUST022313,5,2,1035.8600000000001,5,3,3,Loyal Customer
CUST022314,268,1,493.53,2,2,2,Lost
CUST022315,71,4,1282.62,4,4,3,Loyal Customer
CUST022316,565,1,952.83,1,2,3,Lost
CUST022318,211,2,289.53999999999996,2,3,1,At Risk
CUST022319,339,4,1437.27,2,4,3,At Risk
CUST022323,710,1,534.74,1,2,2,Lost
CUST022324,80,1,527.51,4,2,2,Needs Attention
CUST022325,5,2,2283.8599999999997,5,3,4,Loyal Customer
CUST022326,84,1,746.06,4,2,2,Needs Attention
CUST022327,121,5,2414.08,3,5,4,Loyal Customer
CUST022328,847,1,318.86,1,2,1,Lost
CUST022331,357,2,714.64,2,3,2,At Risk
CUST022332,351,3,1532.56,2,4,3,At Risk
CUST022333,22,5,3844.21,5,5,5,Champion
CUST022334,6,1,638.62,5,2,2,Needs Attention
CUST022335,200,4,3087.38,3,4,5,Loyal Customer
CUST022336,37,2,1054.03,5,3,3,Loyal Customer
CUST022337,250,3,2189.19,2,4,4,At Risk
CUST022340,198,1,78.85,3,2,1,Needs Attention
CUST022342,71,1,219.34,4,2,1,Needs Attention
CUST022343,522,3,5820.33,1,4,5,At Risk
CUST022344,264,2,709.71,2,3,2,At Risk
CUST022345,6,5,1719.95,5,5,4,Champion
CUST022347,45,4,2773.64,4,4,4,Champion
CUST022348,82,1,356.47,4,2,1,Needs Attention
CUST022349,674,2,2069.88,1,3,4,At Risk
CUST022350,323,1,380.02,2,2,1,Lost
CUST022351,171,2,941.4100000000001,3,3,3,Loyal Customer
CUST022352,554,1,640.83,1,2,2,Lost
CUST022353,31,3,922.53,5,4,3,Loyal Customer
CUST022356,143,10,7225.1900000000005,3,5,5,Loyal Customer
CUST022358,183,5,4249.7,3,5,5,Loyal Customer
CUST022359,53,2,582.53,4,3,2,Loyal Customer
CUST022360,252,1,587.43,2,2,2,Lost
CUST022363,120,1,2644.0,3,2,4,Needs Attention
CUST022368,121,4,1932.94,3,4,4,Loyal Customer
CUST022372,311,1,225.93,2,2,1,Lost
CUST022375,3,38,19788.83,5,5,5,Champion
CUST022376,7,114,63560.76,5,5,5,Champion
CUST022379,6,10,7202.9,5,5,5,Champion
CUST022380,199,2,736.5999999999999,3,3,2,Loyal Customer
CUST022382,219,1,234.89,2,2,1,Lost
CUST022385,222,1,176.52,2,2,1,Lost
CUST022386,12,3,1002.57,5,4,3,Loyal Customer
CUST022389,94,2,138.02,4,3,1,Loyal Customer
CUST022390,954,1,516.25,1,2,2,Lost
CUST022391,117,1,345.46,3,2,1,Needs Attention
CUST022392,152,6,7773.030000000001,3,5,5,Loyal Customer
CUST022393,53,2,833.0600000000001,4,3,2,Loyal Customer
CUST022394,248,2,1609.98,2,3,4,At Risk
CUST022396,644,1,1174.78,1,2,3,Lost
CUST022397,41,11,5363.02,4,5,5,Champion
CUST022398,378,5,2168.6,2,5,4,At Risk
CUST022399,66,1,1216.56,4,2,3,Needs Attention
CUST022401,24,2,1000.0999999999999,5,3,3,Loyal Customer
CUST022403,87,2,729.25,4,3,2,Loyal Customer
CUST022405,603,1,335.36,1,2,1,Lost
CUST022407,297,2,388.45,2,3,1,At Risk
CUST022408,60,2,588.24,4,3,2,Loyal Customer
CUST022409,176,2,386.4,3,3,1,Loyal Customer
CUST022410,28,2,486.24,5,3,2,Loyal Customer
CUST022411,1062,1,834.42,1,2,2,Lost
CUST022413,50,2,867.93,4,3,2,Loyal Customer
CUST022414,111,1,489.06,3,2,2,Needs Attention
CUST022415,81,2,1040.47,4,3,3,Loyal Customer
CUST022417,541,1,39.39,1,2,1,Lost
CUST022419,490,1,249.46,1,2,1,Lost
CUST022421,128,1,214.88,3,2,1,Needs Attention
CUST022424,454,1,296.75,1,2,1,Lost
CUST022425,34,1,591.38,5,2,2,Needs Attention
CUST022427,182,6,3140.48,3,5,5,Loyal Customer
CUST022429,61,2,920.74,4,3,3,Loyal Customer
CUST022430,116,2,1150.69,3,3,3,Loyal Customer
CUST022432,39,1,173.02,5,2,1,Needs Attention
CUST022435,132,3,1383.47,3,4,3,Loyal Customer
CUST022436,809,1,214.1,1,2,1,Lost
CUST022437,262,1,156.21,2,2,1,Lost
CUST022439,54,13,5119.51,4,5,5,Champion
CUST022440,177,2,1521.6799999999998,3,3,3,Loyal Customer
CUST022441,8,13,7155.66,5,5,5,Champion
CUST022442,351,2,1113.44,2,3,3,At Risk
CUST022443,9,9,3955.84,5,5,5,Champion
CUST022444,889,1,339.16,1,2,1,Lost
CUST022445,40,1,518.35,4,2,2,Needs Attention
CUST022446,933,1,911.58,1,2,3,Lost
CUST022448,9,4,1937.41,5,4,4,Champion
CUST022449,824,1,614.26,1,2,2,Lost
CUST022451,157,2,376.47,3,3,1,Loyal Customer
CUST022453,60,2,1531.04,4,3,3,Loyal Customer
CUST022454,180,1,23.17,3,2,1,Needs Attention
CUST022455,7,10,4597.72,5,5,5,Champion
CUST022456,219,6,3101.59,2,5,5,At Risk
CUST022458,4,39,23475.16,5,5,5,Champion
CUST022459,1,21,15490.94,5,5,5,Champion
CUST022460,169,2,1682.1,3,3,4,Loyal Customer
CUST022461,93,2,1636.17,4,3,4,Loyal Customer
CUST022463,49,15,7519.4800000000005,4,5,5,Champion
CUST022464,30,1,945.07,5,2,3,Needs Attention
CUST022465,223,5,5029.28,2,5,5,At Risk
CUST022467,94,2,914.81,4,3,3,Loyal Customer
CUST022468,10,2,744.02,5,3,2,Loyal Customer
CUST022470,40,14,8001.7,4,5,5,Champion
CUST022471,144,4,1384.07,3,4,3,Loyal Customer
CUST022472,198,4,2570.01,3,4,4,Loyal Customer
CUST022473,363,2,151.16,2,3,1,At Risk
CUST022474,253,5,6481.46,2,5,5,At Risk
CUST022475,95,5,1765.47,4,5,4,Champion
CUST022477,177,3,1467.8,3,4,3,Loyal Customer
CUST022479,55,7,3493.89,4,5,5,Champion
CUST022480,631,1,389.34,1,2,1,Lost
CUST022482,299,2,521.64,2,3,2,At Risk
CUST022483,402,1,200.65,1,2,1,Lost
CUST022484,176,1,168.19,3,2,1,Needs Attention
CUST022485,49,8,5682.42,4,5,5,Champion
CUST022489,114,1,307.75,3,2,1,Needs Attention
CUST022490,190,1,990.06,3,2,3,Needs Attention
CUST022491,456,2,1024.53,1,3,3,At Risk
CUST022493,283,3,1185.68,2,4,3,At Risk
CUST022496,153,4,2658.64,3,4,4,Loyal Customer
CUST022499,9,2,2368.7599999999998,5,3,4,Loyal Customer
CUST022500,407,1,1192.56,1,2,3,Lost
CUST022503,3,1,222.29,5,2,1,Needs Attention
CUST022504,19,4,1218.53,5,4,3,Loyal Customer
CUST022505,303,1,1112.18,2,2,3,Lost
CUST022506,676,1,185.1,1,2,1,Lost
CUST022508,123,6,3951.44,3,5,5,Loyal Customer
CUST022512,19,4,1581.78,5,4,4,Champion
CUST022514,525,1,779.42,1,2,2,Lost
CUST022515,207,2,1030.88,2,3,3,At Risk
CUST022517,6,5,2845.4700000000003,5,5,4,Champion
CUST022519,151,1,578.31,3,2,2,Needs Attention
CUST022520,49,7,4815.49,4,5,5,Champion
CUST022521,43,1,34.74,4,2,1,Needs Attention
CUST022522,8,3,3851.0699999999997,5,4,5,Champion
CUST022523,133,2,797.87,3,3,2,Loyal Customer
CUST022524,303,2,1484.5900000000001,2,3,3,At Risk
CUST022526,46,2,1588.27,4,3,4,Loyal Customer
CUST022528,506,1,181.35,1,2,1,Lost
CUST022529,83,2,585.6999999999999,4,3,2,Loyal Customer
CUST022530,308,3,3897.2799999999997,2,4,5,At Risk
CUST022531,634,1,1065.28,1,2,3,Lost
CUST022534,31,1,60.2,5,2,1,Needs Attention
CUST022536,662,3,2026.19,1,4,4,At Risk
CUST022537,115,9,2702.85,3,5,4,Loyal Customer
CUST022538,662,1,587.3,1,2,2,Lost
CUST022539,83,1,1029.97,4,2,3,Needs Attention
CUST022540,365,2,1774.0,2,3,4,At Risk
CUST022542,176,1,358.26,3,2,1,Needs Attention
CUST022543,73,3,1034.24,4,4,3,Loyal Customer
CUST022544,59,11,8533.36,4,5,5,Champion
CUST022546,441,1,33.42,1,2,1,Lost
CUST022550,263,2,931.0999999999999,2,3,3,At Risk
CUST022551,352,1,1385.74,2,2,3,Lost
CUST022552,536,1,451.47,1,2,2,Lost
CUST022553,90,9,5918.59,4,5,5,Champion
CUST022554,463,2,1406.49,1,3,3,At Risk
CUST022555,46,2,719.68,4,3,2,Loyal Customer
CUST022556,143,2,749.74,3,3,2,Loyal Customer
CUST022558,92,9,7624.89,4,5,5,Champion
CUST022560,383,2,1032.96,2,3,3,At Risk
CUST022561,199,4,2461.8,3,4,4,Loyal Customer
CUST022562,21,7,4689.97,5,5,5,Champion
CUST022564,154,7,3412.13,3,5,5,Loyal Customer
CUST022565,68,3,1990.7,4,4,4,Champion
CUST022566,264,1,323.32,2,2,1,Lost
CUST022567,96,2,981.73,4,3,3,Loyal Customer
CUST022568,162,1,591.43,3,2,2,Needs Attention
CUST022569,97,1,192.72,4,2,1,Needs Attention
CUST022570,872,1,1083.07,1,2,3,Lost
CUST022571,173,8,4015.2,3,5,5,Loyal Customer
CUST022572,125,4,2754.42,3,4,4,Loyal Customer
CUST022573,33,3,1460.35,5,4,3,Loyal Customer
CUST022575,432,3,1878.93,1,4,4,At Risk
CUST022576,18,3,3207.89,5,4,5,Champion
CUST022577,135,1,351.27,3,2,1,Needs Attention
CUST022580,83,1,1010.64,4,2,3,Needs Attention
CUST022581,250,5,2865.56,2,5,4,At Risk
CUST022582,152,1,411.71,3,2,1,Needs Attention
CUST022585,152,2,926.79,3,3,3,Loyal Customer
CUST022587,336,2,1479.95,2,3,3,At Risk
CUST022588,479,1,342.63,1,2,1,Lost
CUST022589,306,1,318.86,2,2,1,Lost
CUST022590,564,1,215.53,1,2,1,Lost
CUST022592,818,1,49.03,1,2,1,Lost
CUST022593,276,2,1009.99,2,3,3,At Risk
CUST022596,373,2,1387.29,2,3,3,At Risk
CUST022597,280,2,191.48000000000002,2,3,1,At Risk
CUST022600,198,2,1255.24,3,3,3,Loyal Customer
CUST022602,19,2,691.73,5,3,2,Loyal Customer
CUST022603,52,2,707.59,4,3,2,Loyal Customer
CUST022604,358,4,1774.26,2,4,4,At Risk
CUST022605,9,4,3172.1800000000003,5,4,5,Champion
CUST022606,38,2,807.81,5,3,2,Loyal Customer
CUST022608,38,2,2383.5099999999998,5,3,4,Loyal Customer
CUST022609,128,1,254.13,3,2,1,Needs Attention
CUST022611,73,7,4789.2699999999995,4,5,5,Champion
CUST022612,13,19,9472.33,5,5,5,Champion
CUST022614,269,3,1948.82,2,4,4,At Risk
CUST022615,10,1,430.86,5,2,1,Needs Attention
CUST022616,9,2,3283.31,5,3,5,Loyal Customer
CUST022619,89,11,5895.46,4,5,5,Champion
CUST022620,828,1,392.11,1,2,1,Lost
CUST022621,65,1,685.83,4,2,2,Needs Attention
CUST022622,5,3,953.24,5,4,3,Loyal Customer
CUST022623,82,3,1482.83,4,4,3,Loyal Customer
CUST022626,159,2,417.21,3,3,1,Loyal Customer
CUST022627,53,2,759.17,4,3,2,Loyal Customer
CUST022628,6,45,29632.28,5,5,5,Champion
CUST022630,257,1,400.23,2,2,1,Lost
CUST022631,22,1,738.37,5,2,2,Needs Attention
CUST022632,52,3,865.39,4,4,2,Loyal Customer
CUST022633,948,1,141.83,1,2,1,Lost
CUST022634,66,1,166.32,4,2,1,Needs Attention
CUST022637,58,2,701.22,4,3,2,Loyal Customer
CUST022639,70,5,1108.45,4,5,3,Loyal Customer
CUST022641,273,2,494.41,2,3,2,At Risk
CUST022642,3,11,5233.95,5,5,5,Champion
CUST022643,490,1,494.31,1,2,2,Lost
CUST022644,464,1,704.7,1,2,2,Lost
CUST022646,249,2,805.08,2,3,2,At Risk
CUST022648,11,11,4747.06,5,5,5,Champion
CUST022649,443,1,291.6,1,2,1,Lost
CUST022650,240,4,1865.39,2,4,4,At Risk
CUST022652,98,6,1261.9,4,5,3,Loyal Customer
CUST022653,336,2,829.46,2,3,2,At Risk
CUST022654,106,3,719.29,3,4,2,Loyal Customer
CUST022655,141,4,1693.22,3,4,4,Loyal Customer
CUST022656,82,5,5603.8099999999995,4,5,5,Champion
CUST022657,184,2,1690.94,3,3,4,Loyal Customer
CUST022659,262,1,407.91,2,2,1,Lost
CUST022661,177,6,2466.02,3,5,4,Loyal Customer
CUST022663,75,1,950.95,4,2,3,Needs Attention
CUST022665,42,20,12511.960000000001,4,5,5,Champion
CUST022666,339,2,672.91,2,3,2,At Risk
CUST022667,279,1,200.47,2,2,1,Lost
CUST022668,6,4,2399.7400000000002,5,4,4,Champion
CUST022669,11,4,2801.02,5,4,4,Champion
CUST022670,557,1,150.92,1,2,1,Lost
CUST022673,168,1,852.17,3,2,2,Needs Attention
CUST022674,156,4,3358.39,3,4,5,Loyal Customer
CUST022675,247,1,469.82,2,2,2,Lost
CUST022676,21,8,5213.19,5,5,5,Champion
CUST022677,89,4,1910.96,4,4,4,Champion
CUST022678,67,3,1966.31,4,4,4,Champion
CUST022679,176,5,3567.45,3,5,5,Loyal Customer
CUST022680,835,1,701.06,1,2,2,Lost
CUST022682,175,1,207.17,3,2,1,Needs Attention
CUST022683,204,1,407.91,2,2,1,Lost
CUST022685,789,1,144.09,1,2,1,Lost
CUST022686,12,6,2384.94,5,5,4,Champion
CUST022687,734,1,478.06,1,2,2,Lost
CUST022688,757,1,280.51,1,2,1,Lost
CUST022689,192,1,609.86,3,2,2,Needs Attention
CUST022690,11,6,2463.04,5,5,4,Champion
CUST022691,63,3,1290.72,4,4,3,Loyal Customer
CUST022692,206,3,1982.58,2,4,4,At Risk
CUST022693,11,2,1057.73,5,3,3,Loyal Customer
CUST022694,335,1,86.21,2,2,1,Lost
CUST022698,299,1,233.62,2,2,1,Lost
CUST022701,112,3,1303.7,3,4,3,Loyal Customer
CUST022703,96,2,754.0500000000001,4,3,2,Loyal Customer
CUST022708,535,1,440.44,1,2,2,Lost
CUST022709,143,3,2158.71,3,4,4,Loyal Customer
CUST022712,102,2,1051.8,3,3,3,Loyal Customer
CUST022713,334,1,1209.0,2,2,3,Lost
CUST022714,165,4,1029.92,3,4,3,Loyal Customer
CUST022717,58,4,3045.83,4,4,5,Champion
CUST022719,396,1,549.77,1,2,2,Lost
CUST022720,94,8,2850.57,4,5,4,Champion
CUST022721,43,3,1091.23,4,4,3,Loyal Customer
CUST022722,89,5,1896.92,4,5,4,Champion
CUST022723,579,1,179.08,1,2,1,Lost
CUST022724,143,1,75.3,3,2,1,Needs Attention
CUST022726,141,5,3479.75,3,5,5,Loyal Customer
CUST022728,205,3,3176.34,2,4,5,At Risk
CUST022729,168,1,528.6,3,2,2,Needs Attention
CUST022730,3,6,2776.73,5,5,4,Champion
CUST022732,104,1,473.38,3,2,2,Needs Attention
CUST022735,601,1,616.65,1,2,2,Lost
CUST022738,42,2,201.69,4,3,1,Loyal Customer
CUST022739,199,4,3056.45,3,4,5,Loyal Customer
CUST022740,9,6,3126.58,5,5,5,Champion
CUST022744,151,1,689.98,3,2,2,Needs Attention
CUST022745,368,1,86.03,2,2,1,Lost
CUST022746,249,1,1146.7,2,2,3,Lost
CUST022747,782,1,692.55,1,2,2,Lost
CUST022748,79,3,2037.81,4,4,4,Champion
CUST022749,308,1,1097.07,2,2,3,Lost
CUST022751,11,6,4472.69,5,5,5,Champion
CUST022753,160,1,587.3,3,2,2,Needs Attention
CUST022755,4,2,1979.6399999999999,5,3,4,Loyal Customer
CUST022756,145,4,1779.03,3,4,4,Loyal Customer
CUST022758,431,1,1338.89,1,2,3,Lost
CUST022759,444,1,1222.09,1,2,3,Lost
CUST022760,742,1,39.49,1,2,1,Lost
CUST022761,478,1,513.24,1,2,2,Lost
CUST022762,56,40,23004.27,4,5,5,Champion
CUST022765,18,5,2559.8199999999997,5,5,4,Champion
CUST022766,976,1,102.49,1,2,1,Lost
CUST022767,24,4,2374.7799999999997,5,4,4,Champion
CUST022769,5,1,45.96,5,2,1,Needs Attention
CUST022770,363,1,18.74,2,2,1,Lost
CUST022772,781,2,1705.66,1,3,4,At Risk
CUST022775,67,2,1298.66,4,3,3,Loyal Customer
CUST022776,12,5,2722.5,5,5,4,Champion
CUST022777,116,4,2464.48,3,4,4,Loyal Customer
CUST022778,20,8,4651.87,5,5,5,Champion
CUST022779,95,5,2370.8199999999997,4,5,4,Champion
CUST022780,86,3,3366.22,4,4,5,Champion
CUST022781,31,8,3629.49,5,5,5,Champion
CUST022782,366,2,1158.1,2,3,3,At Risk
CUST022783,156,1,398.55,3,2,1,Needs Attention
CUST022784,225,5,2967.93,2,5,5,At Risk
CUST022786,16,5,2985.0400000000004,5,5,5,Champion
CUST022788,88,2,874.02,4,3,3,Loyal Customer
CUST022789,412,1,238.81,1,2,1,Lost
CUST022790,230,2,830.5,2,3,2,At Risk
CUST022791,210,2,311.95,2,3,1,At Risk
CUST022792,918,1,453.13,1,2,2,Lost
CUST022793,134,1,460.51,3,2,2,Needs Attention
CUST022794,137,8,2947.71,3,5,5,Loyal Customer
CUST022795,20,4,1625.97,5,4,4,Champion
CUST022798,3,3,544.6,5,4,2,Loyal Customer
CUST022799,167,1,619.17,3,2,2,Needs Attention
CUST022802,373,2,864.79,2,3,2,At Risk
CUST022803,15,10,2558.96,5,5,4,Champion
CUST022804,363,4,2572.12,2,4,4,At Risk
CUST022805,166,1,1281.75,3,2,3,Needs Attention
CUST022806,58,1,436.71,4,2,1,Needs Attention
CUST022807,96,2,1135.97,4,3,3,Loyal Customer
CUST022808,382,1,626.43,2,2,2,Lost
CUST022809,57,2,927.91,4,3,3,Loyal Customer
CUST022810,50,3,1656.11,4,4,4,Champion
CUST022811,47,7,4268.04,4,5,5,Champion
CUST022812,16,5,3054.4,5,5,5,Champion
CUST022813,123,5,3219.72,3,5,5,Loyal Customer
CUST022814,188,2,613.9200000000001,3,3,2,Loyal Customer
CUST022817,180,2,396.03,3,3,1,Loyal Customer
CUST022818,56,7,3546.88,4,5,5,Champion
CUST022819,12,4,838.33,5,4,2,Loyal Customer
CUST022822,167,1,278.56,3,2,1,Needs Attention
CUST022823,124,1,196.75,3,2,1,Needs Attention
CUST022824,64,2,743.5899999999999,4,3,2,Loyal Customer
CUST022825,19,7,4467.07,5,5,5,Champion
CUST022826,4,2,868.55,5,3,2,Loyal Customer
CUST022827,3,17,9063.29,5,5,5,Champion
CUST022828,56,1,1336.72,4,2,3,Needs Attention
CUST022829,632,1,427.7,1,2,1,Lost
CUST022830,169,3,1092.1599999999999,3,4,3,Loyal Customer
CUST022831,18,3,2253.73,5,4,4,Champion
CUST022833,17,6,2986.96,5,5,5,Champion
CUST022834,215,1,499.78,2,2,2,Lost
CUST022835,94,5,2415.76,4,5,4,Champion
CUST022836,365,1,270.55,2,2,1,Lost
CUST022837,21,1,923.08,5,2,3,Needs Attention
CUST022842,114,2,1499.13,3,3,3,Loyal Customer
CUST022843,61,3,1644.57,4,4,4,Champion
CUST022845,28,29,16128.14,5,5,5,Champion
CUST022846,51,12,5196.39,4,5,5,Champion
CUST022847,68,5,2161.28,4,5,4,Champion
CUST022848,20,4,2400.4,5,4,4,Champion
CUST022852,10,1,863.75,5,2,2,Needs Attention
CUST022857,65,2,1370.2,4,3,3,Loyal Customer
CUST022858,181,3,942.27,3,4,3,Loyal Customer
CUST022859,599,1,200.47,1,2,1,Lost
CUST022860,192,2,2280.1299999999997,3,3,4,Loyal Customer
CUST022862,12,8,5181.62,5,5,5,Champion
CUST022863,222,1,483.49,2,2,2,Lost
CUST022864,478,1,420.68,1,2,1,Lost
CUST022865,121,3,2404.0099999999998,3,4,4,Loyal Customer
CUST022873,350,2,1550.29,2,3,3,At Risk
CUST022875,60,3,2087.12,4,4,4,Champion
CUST022876,251,1,531.03,2,2,2,Lost
CUST022878,34,6,3140.56,5,5,5,Champion
CUST022879,50,1,62.01,4,2,1,Needs Attention
CUST022882,140,3,2415.49,3,4,4,Loyal Customer
CUST022883,401,1,246.05,1,2,1,Lost
CUST022885,30,2,317.69,5,3,1,Loyal Customer
CUST022886,24,15,9681.13,5,5,5,Champion
CUST022887,684,1,444.08,1,2,2,Lost
CUST022888,463,1,400.23,1,2,1,Lost
CUST022889,99,6,2668.1800000000003,4,5,4,Champion
CUST022892,66,5,3738.6099999999997,4,5,5,Champion
CUST022893,418,1,243.07,1,2,1,Lost
CUST022894,1,2,377.11,5,3,1,Loyal Customer
CUST022895,180,2,1023.4100000000001,3,3,3,Loyal Customer
CUST022896,232,3,2830.23,2,4,4,At Risk
CUST022898,143,1,130.74,3,2,1,Needs Attention
CUST022899,329,2,469.35,2,3,2,At Risk
CUST022900,362,3,703.73,2,4,2,At Risk
CUST022901,545,2,789.57,1,3,2,At Risk
CUST022903,148,3,2076.73,3,4,4,Loyal Customer
CUST022904,571,1,268.53,1,2,1,Lost
CUST022905,63,1,532.59,4,2,2,Needs Attention
CUST022906,429,2,886.27,1,3,3,At Risk
CUST022908,35,2,1263.72,5,3,3,Loyal Customer
CUST022909,563,1,275.98,1,2,1,Lost
CUST022910,894,1,578.31,1,2,2,Lost
CUST022912,443,1,1073.57,1,2,3,Lost
CUST022913,68,2,865.75,4,3,2,Loyal Customer
CUST022914,5,18,10724.34,5,5,5,Champion
CUST022917,130,2,3395.69,3,3,5,Loyal Customer
CUST022918,123,6,3055.7200000000003,3,5,5,Loyal Customer
CUST022920,114,3,908.32,3,4,3,Loyal Customer
CUST022924,16,9,6438.65,5,5,5,Champion
CUST022926,479,2,1930.2999999999997,1,3,4,At Risk
CUST022928,124,6,3840.1099999999997,3,5,5,Loyal Customer
CUST022929,373,2,756.79,2,3,2,At Risk
CUST022930,17,10,6672.52,5,5,5,Champion
CUST022931,703,1,645.1,1,2,2,Lost
CUST022933,882,1,251.49,1,2,1,Lost
CUST022934,630,1,571.14,1,2,2,Lost
CUST022936,9,5,3402.15,5,5,5,Champion
CUST022938,387,1,425.66,2,2,1,Lost
CUST022941,213,4,2654.8999999999996,2,4,4,At Risk
CUST022943,1,10,4423.22,5,5,5,Champion
CUST022944,291,2,350.48,2,3,1,At Risk
CUST022945,579,1,741.89,1,2,2,Lost
CUST022946,608,2,593.37,1,3,2,At Risk
CUST022947,327,1,1230.5,2,2,3,Lost
CUST022950,161,1,803.3,3,2,2,Needs Attention
CUST022951,678,2,1638.31,1,3,4,At Risk
CUST022952,149,1,418.12,3,2,1,Needs Attention
CUST022955,285,1,413.43,2,2,1,Lost
CUST022957,299,3,1999.67,2,4,4,At Risk
CUST022959,579,1,2681.82,1,2,4,Lost
CUST022960,640,1,279.38,1,2,1,Lost
CUST022961,5,3,697.6,5,4,2,Loyal Customer
CUST022963,7,5,2518.98,5,5,4,Champion
CUST022964,205,2,1470.46,2,3,3,At Risk
CUST022965,265,3,2691.61,2,4,4,At Risk
CUST022966,276,3,3266.22,2,4,5,At Risk
CUST022967,558,1,40.89,1,2,1,Lost
CUST022969,109,5,1429.83,3,5,3,Loyal Customer
CUST022971,82,1,447.88,4,2,2,Needs Attention
CUST022972,41,6,2459.98,4,5,4,Champion
CUST022974,397,1,659.84,1,2,2,Lost
CUST022975,31,4,4031.2,5,4,5,Champion
CUST022976,2,8,6173.21,5,5,5,Champion
CUST022977,25,8,5894.89,5,5,5,Champion
CUST022978,251,2,714.36,2,3,2,At Risk
CUST022980,343,1,1489.17,2,2,3,Lost
CUST022981,333,4,2457.21,2,4,4,At Risk
CUST022983,50,5,2683.87,4,5,4,Champion
CUST022987,14,6,4548.42,5,5,5,Champion
CUST022988,230,1,209.44,2,2,1,Lost
CUST022989,616,2,1367.72,1,3,3,At Risk
CUST022990,71,4,2756.68,4,4,4,Champion
CUST022992,6,1,478.74,5,2,2,Needs Attention
CUST022996,112,2,632.72,3,3,2,Loyal Customer
CUST022998,35,2,1204.87,5,3,3,Loyal Customer
CUST022999,16,67,35644.8,5,5,5,Champion
CUST023000,289,3,920.74,2,4,3,At Risk
CUST023001,243,3,457.56,2,4,2,At Risk
CUST023002,43,5,3267.42,4,5,5,Champion
CUST023003,16,18,10375.14,5,5,5,Champion
CUST023004,563,1,1419.92,1,2,3,Lost
CUST023006,58,6,3132.9,4,5,5,Champion
CUST023009,93,3,1601.69,4,4,4,Champion
CUST023011,232,1,346.92,2,2,1,Lost
CUST023015,462,2,1274.8600000000001,1,3,3,At Risk
CUST023016,275,1,167.68,2,2,1,Lost
CUST023017,479,3,1158.35,1,4,3,At Risk
CUST023018,155,1,294.69,3,2,1,Needs Attention
CUST023020,85,12,5308.78,4,5,5,Champion
CUST023021,171,1,632.43,3,2,2,Needs Attention
CUST023024,11,14,5935.2,5,5,5,Champion
CUST023027,132,4,3384.11,3,4,5,Loyal Customer
CUST023028,181,3,1351.3500000000001,3,4,3,Loyal Customer
CUST023029,697,1,1145.55,1,2,3,Lost
CUST023030,853,1,269.99,1,2,1,Lost
CUST023033,864,1,1966.99,1,2,4,Lost
CUST023034,19,36,19147.420000000002,5,5,5,Champion
CUST023035,47,25,15692.27,4,5,5,Champion
CUST023036,9,21,10697.25,5,5,5,Champion
CUST023037,117,1,474.81,3,2,2,Needs Attention
CUST023039,253,2,968.72,2,3,3,At Risk
CUST023040,74,2,1204.23,4,3,3,Loyal Customer
CUST023041,460,2,1407.41,1,3,3,At Risk
CUST023044,34,4,1412.8600000000001,5,4,3,Loyal Customer
CUST023046,3,4,1790.49,5,4,4,Champion
CUST023047,153,2,1132.33,3,3,3,Loyal Customer
CUST023049,834,1,454.5,1,2,2,Lost
CUST023053,410,5,2604.5,1,5,4,At Risk
CUST023055,561,3,988.72,1,4,3,At Risk
CUST023056,369,5,2498.1800000000003,2,5,4,At Risk
CUST023059,240,2,1504.69,2,3,3,At Risk
CUST023060,327,1,76.35,2,2,1,Lost
CUST023061,550,1,455.73,1,2,2,Lost
CUST023062,219,1,980.59,2,2,3,Lost
CUST023064,75,6,5038.84,4,5,5,Champion
CUST023066,215,4,4194.5,2,4,5,At Risk
CUST023068,182,1,1291.88,3,2,3,Needs Attention
CUST023069,447,2,1171.8000000000002,1,3,3,At Risk
CUST023070,46,8,4206.47,4,5,5,Champion
CUST023071,1,5,2759.48,5,5,4,Champion
CUST023072,186,1,420.08,3,2,1,Needs Attention
CUST023073,111,1,794.96,3,2,2,Needs Attention
CUST023074,175,3,2720.07,3,4,4,Loyal Customer
CUST023076,43,4,1522.46,4,4,3,Loyal Customer
CUST023078,123,2,327.52,3,3,1,Loyal Customer
CUST023080,107,4,1007.9399999999999,3,4,3,Loyal Customer
CUST023082,19,19,10389.64,5,5,5,Champion
CUST023085,5,7,5405.929999999999,5,5,5,Champion
CUST023086,161,3,810.56,3,4,2,Loyal Customer
CUST023087,414,2,1519.7199999999998,1,3,3,At Risk
CUST023088,378,1,716.66,2,2,2,Lost
CUST023089,83,5,1946.18,4,5,4,Champion
CUST023090,294,4,2108.9,2,4,4,At Risk
CUST023091,881,1,1731.73,1,2,4,Lost
CUST023092,175,3,1048.43,3,4,3,Loyal Customer
CUST023093,18,12,7904.500000000001,5,5,5,Champion
CUST023095,74,3,2233.41,4,4,4,Champion
CUST023096,77,5,5118.83,4,5,5,Champion
CUST023098,129,5,1926.71,3,5,4,Loyal Customer
CUST023100,29,1,343.0,5,2,1,Needs Attention
CUST023102,163,2,834.4,3,3,2,Loyal Customer
CUST023104,556,1,558.66,1,2,2,Lost
CUST023105,58,7,3744.3,4,5,5,Champion
CUST023106,561,1,1407.72,1,2,3,Lost
CUST023108,196,2,191.32999999999998,3,3,1,Loyal Customer
CUST023109,5,2,320.28,5,3,1,Loyal Customer
CUST023110,282,1,839.1,2,2,2,Lost
CUST023112,215,1,201.84,2,2,1,Lost
CUST023113,673,2,505.09,1,3,2,At Risk
CUST023115,18,1,311.29,5,2,1,Needs Attention
CUST023118,513,1,280.01,1,2,1,Lost
CUST023119,195,2,1042.08,3,3,3,Loyal Customer
CUST023122,264,1,238.81,2,2,1,Lost
CUST023126,78,3,945.7,4,4,3,Loyal Customer
CUST023127,46,2,1419.1599999999999,4,3,3,Loyal Customer
CUST023129,13,5,3219.76,5,5,5,Champion
CUST023130,157,4,1345.02,3,4,3,Loyal Customer
CUST023131,333,3,1598.27,2,4,4,At Risk
CUST023133,599,1,153.29,1,2,1,Lost
CUST023134,672,1,159.66,1,2,1,Lost
CUST023135,118,3,1665.07,3,4,4,Loyal Customer
CUST023137,138,1,256.74,3,2,1,Needs Attention
CUST023139,278,2,842.6800000000001,2,3,2,At Risk
CUST023140,4,2,323.48,5,3,1,Loyal Customer
CUST023141,267,1,858.56,2,2,2,Lost
CUST023146,12,5,2088.25,5,5,4,Champion
CUST023147,60,15,8560.71,4,5,5,Champion
CUST023148,29,2,827.79,5,3,2,Loyal Customer
CUST023150,489,2,1166.1,1,3,3,At Risk
CUST023152,254,1,728.14,2,2,2,Lost
CUST023155,97,3,1351.6,4,4,3,Loyal Customer
CUST023156,41,1,227.99,4,2,1,Needs Attention
CUST023157,175,1,234.44,3,2,1,Needs Attention
CUST023158,89,6,4640.54,4,5,5,Champion
CUST023159,231,2,835.22,2,3,2,At Risk
CUST023162,4,3,1325.32,5,4,3,Loyal Customer
CUST023164,702,2,1661.77,1,3,4,At Risk
CUST023167,86,4,2514.37,4,4,4,Champion
CUST023172,2,3,2830.73,5,4,4,Champion
CUST023173,306,2,1519.38,2,3,3,At Risk
CUST023174,461,1,672.02,1,2,2,Lost
CUST023175,91,1,91.51,4,2,1,Needs Attention
CUST023177,27,3,2640.94,5,4,4,Champion
CUST023179,58,4,1149.03,4,4,3,Loyal Customer
CUST023181,84,5,2867.33,4,5,4,Champion
CUST023184,271,1,1260.08,2,2,3,Lost
CUST023186,96,4,2971.83,4,4,5,Champion
CUST023187,477,1,260.37,1,2,1,Lost
CUST023188,66,3,2102.49,4,4,4,Champion
CUST023190,13,2,958.6999999999999,5,3,3,Loyal Customer
CUST023191,358,4,1424.44,2,4,3,At Risk
CUST023192,2,60,27424.07,5,5,5,Champion
CUST023194,184,4,4442.58,3,4,5,Loyal Customer
CUST023195,449,1,654.72,1,2,2,Lost
CUST023196,313,1,308.26,2,2,1,Lost
CUST023197,76,2,1265.01,4,3,3,Loyal Customer
CUST023198,619,1,420.68,1,2,1,Lost
CUST023199,70,2,522.59,4,3,2,Loyal Customer
CUST023200,70,17,9855.23,4,5,5,Champion
CUST023201,964,1,578.31,1,2,2,Lost
CUST023203,141,2,1579.81,3,3,4,Loyal Customer
CUST023204,272,1,179.08,2,2,1,Lost
CUST023206,547,1,223.39,1,2,1,Lost
CUST023207,368,1,2218.58,2,2,4,Lost
CUST023208,147,3,425.78,3,4,1,Loyal Customer
CUST023210,25,7,6681.12,5,5,5,Champion
CUST023214,81,3,3619.35,4,4,5,Champion
CUST023215,570,1,2416.87,1,2,4,Lost
CUST023217,560,1,392.57,1,2,1,Lost
CUST023219,7,7,4208.38,5,5,5,Champion
CUST023220,192,4,2279.24,3,4,4,Loyal Customer
CUST023221,117,1,653.92,3,2,2,Needs Attention
CUST023224,527,1,226.94,1,2,1,Lost
CUST023225,262,5,3195.66,2,5,5,At Risk
CUST023227,122,1,299.63,3,2,1,Needs Attention
CUST023228,882,2,1936.7,1,3,4,At Risk
CUST023231,356,1,177.18,2,2,1,Lost
CUST023233,2,344,193380.72,5,5,5,Champion
CUST023234,7,7,2694.88,5,5,4,Champion
CUST023235,249,1,423.3,2,2,1,Lost
CUST023236,102,6,5655.42,3,5,5,Loyal Customer
CUST023238,194,5,2842.04,3,5,4,Loyal Customer
CUST023240,264,2,533.98,2,3,2,At Risk
CUST023241,76,3,1967.84,4,4,4,Champion
CUST023243,133,1,365.57,3,2,1,Needs Attention
CUST023244,440,1,724.01,1,2,2,Lost
CUST023247,396,1,180.24,1,2,1,Lost
CUST023248,244,2,313.23,2,3,1,At Risk
CUST023250,20,2,401.72,5,3,1,Loyal Customer
CUST023253,135,1,49.03,3,2,1,Needs Attention
CUST023255,520,1,706.79,1,2,2,Lost
CUST023257,278,5,2896.75,2,5,4,At Risk
CUST023258,78,3,1030.99,4,4,3,Loyal Customer
CUST023259,400,1,234.44,1,2,1,Lost
CUST023260,141,1,60.09,3,2,1,Needs Attention
CUST023263,17,3,1697.81,5,4,4,Champion
CUST023264,251,3,1454.52,2,4,3,At Risk
CUST023265,651,1,78.32,1,2,1,Lost
CUST023266,919,1,86.21,1,2,1,Lost
CUST023267,320,1,377.54,2,2,1,Lost
CUST023268,400,1,242.37,1,2,1,Lost
CUST023269,144,3,2988.05,3,4,5,Loyal Customer
CUST023270,81,3,2938.41,4,4,5,Champion
CUST023271,81,4,2375.83,4,4,4,Champion
CUST023272,33,3,1429.91,5,4,3,Loyal Customer
CUST023273,493,1,420.08,1,2,1,Lost
CUST023274,218,3,2694.04,2,4,4,At Risk
CUST023275,752,1,550.2,1,2,2,Lost
CUST023277,49,2,446.86,4,3,2,Loyal Customer
CUST023278,66,7,2949.2599999999998,4,5,5,Champion
CUST023279,139,3,1338.09,3,4,3,Loyal Customer
CUST023282,629,1,88.56,1,2,1,Lost
CUST023283,270,2,930.84,2,3,3,At Risk
CUST023284,347,1,1554.57,2,2,3,Lost
CUST023285,27,1,280.51,5,2,1,Needs Attention
CUST023286,203,3,1381.65,3,4,3,Loyal Customer
CUST023287,941,1,1316.97,1,2,3,Lost
CUST023288,47,13,8463.52,4,5,5,Champion
CUST023289,77,7,9748.84,4,5,5,Champion
CUST023290,25,4,2055.41,5,4,4,Champion
CUST023292,29,6,5049.320000000001,5,5,5,Champion
CUST023294,255,2,671.85,2,3,2,At Risk
CUST023295,316,2,525.02,2,3,2,At Risk
CUST023297,115,3,873.21,3,4,3,Loyal Customer
CUST023298,165,1,899.87,3,2,3,Needs Attention
CUST023299,600,1,351.42,1,2,1,Lost
CUST023300,11,9,5681.72,5,5,5,Champion
CUST023301,647,1,334.36,1,2,1,Lost
CUST023304,167,9,6170.4800000000005,3,5,5,Loyal Customer
CUST023305,21,1,553.9,5,2,2,Needs Attention
CUST023307,237,3,1480.33,2,4,3,At Risk
CUST023310,56,4,2672.14,4,4,4,Champion
CUST023312,13,1,266.97,5,2,1,Needs Attention
CUST023313,468,2,353.38,1,3,1,At Risk
CUST023314,262,2,802.39,2,3,2,At Risk
CUST023315,65,2,518.22,4,3,2,Loyal Customer
CUST023317,91,3,1012.3000000000001,4,4,3,Loyal Customer
CUST023318,88,2,1634.6399999999999,4,3,4,Loyal Customer
CUST023322,150,1,268.17,3,2,1,Needs Attention
CUST023323,21,1,362.01,5,2,1,Needs Attention
CUST023325,189,1,642.3,3,2,2,Needs Attention
CUST023328,180,4,1314.31,3,4,3,Loyal Customer
CUST023329,228,3,1211.69,2,4,3,At Risk
CUST023331,31,6,2949.33,5,5,5,Champion
CUST023332,28,2,801.97,5,3,2,Loyal Customer
CUST023337,244,1,386.33,2,2,1,Lost
CUST023338,216,4,1759.3,2,4,4,At Risk
CUST023342,52,12,8171.54,4,5,5,Champion
CUST023343,1002,1,352.05,1,2,1,Lost
CUST023344,55,3,2030.65,4,4,4,Champion
CUST023345,497,2,549.54,1,3,2,At Risk
CUST023347,263,6,2779.05,2,5,4,At Risk
CUST023349,434,1,1147.42,1,2,3,Lost
CUST023350,9,5,4091.69,5,5,5,Champion
CUST023351,141,4,1952.9099999999999,3,4,4,Loyal Customer
CUST023352,655,2,1493.0,1,3,3,At Risk
CUST023353,73,1,596.94,4,2,2,Needs Attention
CUST023354,412,1,581.46,1,2,2,Lost
CUST023355,58,5,1203.23,4,5,3,Loyal Customer
CUST023356,85,6,2627.48,4,5,4,Champion
CUST023358,98,2,861.4499999999999,4,3,2,Loyal Customer
CUST023359,440,2,2243.83,1,3,4,At Risk
CUST023363,175,5,3314.55,3,5,5,Loyal Customer
CUST023365,116,6,1486.2,3,5,3,Loyal Customer
CUST023366,14,4,2506.58,5,4,4,Champion
CUST023369,155,3,2270.39,3,4,4,Loyal Customer
CUST023370,64,6,2227.57,4,5,4,Champion
CUST023371,34,3,1044.6399999999999,5,4,3,Loyal Customer
CUST023372,324,2,2016.31,2,3,4,At Risk
CUST023373,169,3,2716.66,3,4,4,Loyal Customer
CUST023377,23,1,560.05,5,2,2,Needs Attention
CUST023378,530,1,1099.24,1,2,3,Lost
CUST023379,183,4,1714.88,3,4,4,Loyal Customer
CUST023380,80,1,799.43,4,2,2,Needs Attention
CUST023382,65,2,1544.38,4,3,3,Loyal Customer
CUST023383,152,2,870.0799999999999,3,3,2,Loyal Customer
CUST023384,568,2,1393.6399999999999,1,3,3,At Risk
CUST023385,23,9,4390.48,5,5,5,Champion
CUST023386,241,2,633.77,2,3,2,At Risk
CUST023387,851,1,503.64,1,2,2,Lost
CUST023388,11,1,21.77,5,2,1,Needs Attention
CUST023390,624,4,2173.74,1,4,4,At Risk
CUST023391,136,6,2130.34,3,5,4,Loyal Customer
CUST023393,226,2,435.66999999999996,2,3,1,At Risk
CUST023394,7,6,3594.35,5,5,5,Champion
CUST023395,360,4,4476.950000000001,2,4,5,At Risk
CUST023396,684,1,241.34,1,2,1,Lost
CUST023397,106,1,264.02,3,2,1,Needs Attention
CUST023399,363,3,982.23,2,4,3,At Risk
CUST023400,152,1,219.27,3,2,1,Needs Attention
CUST023401,66,10,3380.71,4,5,5,Champion
CUST023402,58,2,652.0799999999999,4,3,2,Loyal Customer
CUST023403,203,2,466.86,3,3,2,Loyal Customer
CUST023405,521,1,293.86,1,2,1,Lost
CUST023409,144,4,1766.81,3,4,4,Loyal Customer
CUST023410,10,1,95.25,5,2,1,Needs Attention
CUST023411,383,1,829.1,2,2,2,Lost
CUST023412,120,1,199.22,3,2,1,Needs Attention
CUST023413,267,2,1007.0699999999999,2,3,3,At Risk
CUST023414,288,1,1033.77,2,2,3,Lost
CUST023415,22,24,13444.960000000001,5,5,5,Champion
CUST023416,96,3,1035.65,4,4,3,Loyal Customer
CUST023417,136,2,1348.81,3,3,3,Loyal Customer
CUST023418,1,2,1294.9899999999998,5,3,3,Loyal Customer
CUST023420,6,3,1974.88,5,4,4,Champion
CUST023421,56,13,6861.39,4,5,5,Champion
CUST023423,363,1,628.51,2,2,2,Lost
CUST023424,40,3,1149.69,4,4,3,Loyal Customer
CUST023425,59,4,1730.88,4,4,4,Champion
CUST023429,904,1,301.19,1,2,1,Lost
CUST023430,150,1,1251.04,3,2,3,Needs Attention
CUST023432,247,2,133.51,2,3,1,At Risk
CUST023433,120,6,4580.21,3,5,5,Loyal Customer
CUST023435,91,1,571.39,4,2,2,Needs Attention
CUST023436,27,32,19733.55,5,5,5,Champion
CUST023437,54,2,487.61,4,3,2,Loyal Customer
CUST023439,297,2,1378.96,2,3,3,At Risk
CUST023440,29,15,7741.51,5,5,5,Champion
CUST023441,18,1,727.91,5,2,2,Needs Attention
CUST023442,84,2,630.56,4,3,2,Loyal Customer
CUST023444,131,1,255.58,3,2,1,Needs Attention
CUST023445,186,5,3598.7,3,5,5,Loyal Customer
CUST023450,479,1,439.5,1,2,2,Lost
CUST023451,24,3,1216.95,5,4,3,Loyal Customer
CUST023454,403,1,713.7,1,2,2,Lost
CUST023455,4,12,5192.65,5,5,5,Champion
CUST023456,752,1,404.49,1,2,1,Lost
CUST023457,148,1,404.23,3,2,1,Needs Attention
CUST023458,260,2,1419.69,2,3,3,At Risk
CUST023460,244,1,1012.74,2,2,3,Lost
CUST023461,435,1,77.77,1,2,1,Lost
CUST023463,732,1,129.34,1,2,1,Lost
CUST023464,314,7,5197.2,2,5,5,At Risk
CUST023472,353,3,1697.88,2,4,4,At Risk
CUST023475,441,1,728.76,1,2,2,Lost
CUST023476,346,1,28.19,2,2,1,Lost
CUST023479,785,1,582.41,1,2,2,Lost
CUST023480,36,6,3921.3,5,5,5,Champion
CUST023481,296,2,1642.28,2,3,4,At Risk
CUST023482,126,2,523.92,3,3,2,Loyal Customer
CUST023484,364,1,607.68,2,2,2,Lost
CUST023485,229,1,1036.63,2,2,3,Lost
CUST023489,502,1,1271.55,1,2,3,Lost
CUST023491,56,4,899.33,4,4,3,Loyal Customer
CUST023493,801,1,91.51,1,2,1,Lost
CUST023494,214,2,775.95,2,3,2,At Risk
CUST023496,454,1,554.47,1,2,2,Lost
CUST023499,1,1,296.22,5,2,1,Needs Attention
CUST023501,19,2,2049.16,5,3,4,Loyal Customer
CUST023503,113,1,685.46,3,2,2,Needs Attention
CUST023505,568,1,111.31,1,2,1,Lost
CUST023507,40,4,2109.8199999999997,4,4,4,Champion
CUST023508,591,1,62.01,1,2,1,Lost
CUST023509,243,3,2454.34,2,4,4,At Risk
CUST023510,498,1,319.45,1,2,1,Lost
CUST023511,396,2,2450.71,1,3,4,At Risk
CUST023512,645,1,266.2,1,2,1,Lost
CUST023514,48,1,679.11,4,2,2,Needs Attention
CUST023515,21,18,14031.22,5,5,5,Champion
CUST023516,348,4,1567.5,2,4,4,At Risk
CUST023520,313,1,480.6,2,2,2,Lost
CUST023522,323,1,741.34,2,2,2,Lost
CUST023523,259,3,951.83,2,4,3,At Risk
CUST023524,420,6,3857.7200000000003,1,5,5,At Risk
CUST023526,98,2,2026.59,4,3,4,Loyal Customer
CUST023527,955,1,542.26,1,2,2,Lost
CUST023528,145,2,417.8,3,3,1,Loyal Customer
CUST023529,221,4,2932.0699999999997,2,4,5,At Risk
CUST023530,51,3,1500.07,4,4,3,Loyal Customer
CUST023532,459,1,723.17,1,2,2,Lost
CUST023533,38,15,8316.869999999999,5,5,5,Champion
CUST023534,283,1,718.39,2,2,2,Lost
CUST023538,39,2,1544.03,5,3,3,Loyal Customer
CUST023540,28,1,713.52,5,2,2,Needs Attention
CUST023541,91,1,1534.37,4,2,3,Needs Attention
CUST023542,98,4,2455.86,4,4,4,Champion
CUST023543,18,2,257.34000000000003,5,3,1,Loyal Customer
CUST023544,16,5,1571.03,5,5,4,Champion
CUST023546,143,2,2631.75,3,3,4,Loyal Customer
CUST023547,487,1,372.5,1,2,1,Lost
CUST023548,47,1,299.0,4,2,1,Needs Attention
CUST023549,44,2,803.05,4,3,2,Loyal Customer
CUST023550,17,2,415.01,5,3,1,Loyal Customer
CUST023551,270,1,273.66,2,2,1,Lost
CUST023554,75,2,1064.1,4,3,3,Loyal Customer
CUST023557,299,1,1332.67,2,2,3,Lost
CUST023558,311,4,2179.8900000000003,2,4,4,At Risk
CUST023560,405,3,3541.21,1,4,5,At Risk
CUST023561,104,9,4804.01,3,5,5,Loyal Customer
CUST023565,187,1,886.45,3,2,3,Needs Attention
CUST023567,160,1,262.11,3,2,1,Needs Attention
CUST023569,153,3,1241.08,3,4,3,Loyal Customer
CUST023571,509,1,400.23,1,2,1,Lost
CUST023572,467,1,503.18,1,2,2,Lost
CUST023573,130,1,413.43,3,2,1,Needs Attention
CUST023575,48,7,3725.27,4,5,5,Champion
CUST023576,16,6,3199.59,5,5,5,Champion
CUST023577,448,1,40.89,1,2,1,Lost
CUST023578,646,1,186.01,1,2,1,Lost
CUST023579,252,3,3318.9900000000002,2,4,5,At Risk
CUST023580,71,2,951.88,4,3,3,Loyal Customer
CUST023581,47,4,2040.75,4,4,4,Champion
CUST023582,63,2,1066.67,4,3,3,Loyal Customer
CUST023584,6,4,1651.0800000000002,5,4,4,Champion
CUST023586,24,10,4497.22,5,5,5,Champion
CUST023589,131,3,2105.43,3,4,4,Loyal Customer
CUST023591,32,4,1827.98,5,4,4,Champion
CUST023592,376,2,2363.42,2,3,4,At Risk
CUST023593,235,3,1625.77,2,4,4,At Risk
CUST023594,716,1,603.24,1,2,2,Lost
CUST023598,130,3,2241.8,3,4,4,Loyal Customer
CUST023599,122,5,2300.43,3,5,4,Loyal Customer
CUST023600,490,2,1576.25,1,3,4,At Risk
CUST023602,201,2,1087.67,3,3,3,Loyal Customer
CUST023603,87,7,3287.99,4,5,5,Champion
CUST023610,214,2,775.2,2,3,2,At Risk
CUST023611,278,1,404.52,2,2,1,Lost
CUST023612,48,12,6051.93,4,5,5,Champion
CUST023613,41,2,1891.5500000000002,4,3,4,Loyal Customer
CUST023615,161,1,249.46,3,2,1,Needs Attention
CUST023616,3,6,2932.79,5,5,5,Champion
CUST023618,375,1,972.26,2,2,3,Lost
CUST023619,17,3,898.0,5,4,3,Loyal Customer
CUST023621,629,3,1807.1,1,4,4,At Risk
CUST023623,324,1,808.71,2,2,2,Lost
CUST023625,137,1,1365.06,3,2,3,Needs Attention
CUST023627,211,1,579.06,2,2,2,Lost
CUST023628,25,4,2827.26,5,4,4,Champion
CUST023629,218,4,2797.86,2,4,4,At Risk
CUST023630,771,1,253.05,1,2,1,Lost
CUST023631,336,1,130.42,2,2,1,Lost
CUST023632,20,4,3826.5,5,4,5,Champion
CUST023636,30,3,1660.5900000000001,5,4,4,Champion
CUST023637,376,2,677.84,2,3,2,At Risk
CUST023639,240,3,924.73,2,4,3,At Risk
CUST023640,299,3,2286.06,2,4,4,At Risk
CUST023642,43,22,8206.539999999999,4,5,5,Champion
CUST023643,251,1,252.44,2,2,1,Lost
CUST023644,42,3,930.0600000000001,4,4,3,Loyal Customer
CUST023647,1,2,1379.6799999999998,5,3,3,Loyal Customer
CUST023648,75,7,4496.08,4,5,5,Champion
CUST023649,123,4,2406.2400000000002,3,4,4,Loyal Customer
CUST023650,179,1,106.52,3,2,1,Needs Attention
CUST023651,423,1,490.68,1,2,2,Lost
CUST023652,7,46,23453.25,5,5,5,Champion
CUST023653,27,5,1745.24,5,5,4,Champion
CUST023654,930,1,49.03,1,2,1,Lost
CUST023655,68,4,2739.24,4,4,4,Champion
CUST023656,294,3,1641.9699999999998,2,4,4,At Risk
CUST023660,5,4,2534.88,5,4,4,Champion
CUST023662,256,4,1207.4399999999998,2,4,3,At Risk
CUST023663,34,12,6123.16,5,5,5,Champion
CUST023665,402,1,1735.22,1,2,4,Lost
CUST023666,162,2,191.16000000000003,3,3,1,Loyal Customer
CUST023667,141,10,5210.25,3,5,5,Loyal Customer
CUST023668,144,2,2329.5699999999997,3,3,4,Loyal Customer
CUST023669,101,1,413.43,4,2,1,Needs Attention
CUST023670,1,3,2343.69,5,4,4,Champion
CUST023673,40,6,2138.02,4,5,4,Champion
CUST023675,19,7,4494.07,5,5,5,Champion
CUST023677,55,1,331.89,4,2,1,Needs Attention
CUST023681,696,1,943.97,1,2,3,Lost
CUST023682,54,3,1550.31,4,4,3,Loyal Customer
CUST023683,109,3,2482.08,3,4,4,Loyal Customer
CUST023684,111,1,683.62,3,2,2,Needs Attention
CUST023685,206,1,422.31,2,2,1,Lost
CUST023687,21,24,10259.82,5,5,5,Champion
CUST023691,442,1,268.53,1,2,1,Lost
CUST023693,13,30,19138.85,5,5,5,Champion
CUST023694,120,3,1866.46,3,4,4,Loyal Customer
CUST023696,148,4,1994.47,3,4,4,Loyal Customer
CUST023699,171,2,726.4200000000001,3,3,2,Loyal Customer
CUST023700,3,16,10079.82,5,5,5,Champion
CUST023701,956,1,822.36,1,2,2,Lost
CUST023702,54,1,343.15,4,2,1,Needs Attention
CUST023704,2,12,7804.95,5,5,5,Champion
CUST023706,169,1,42.09,3,2,1,Needs Attention
CUST023708,333,1,446.42,2,2,2,Lost
CUST023709,277,3,4638.87,2,4,5,At Risk
CUST023710,567,1,196.63,1,2,1,Lost
CUST023711,145,1,410.31,3,2,1,Needs Attention
CUST023713,160,1,1434.18,3,2,3,Needs Attention
CUST023714,192,1,497.69,3,2,2,Needs Attention
CUST023717,83,4,1254.6799999999998,4,4,3,Loyal Customer
CUST023719,38,11,5798.73,5,5,5,Champion
CUST023720,208,1,304.97,2,2,1,Lost
CUST023721,71,1,609.3,4,2,2,Needs Attention
CUST023722,265,1,93.15,2,2,1,Lost
CUST023723,194,3,724.78,3,4,2,Loyal Customer
CUST023725,337,3,1162.39,2,4,3,At Risk
CUST023730,206,1,325.97,2,2,1,Lost
CUST023732,536,1,2740.46,1,2,4,Lost
CUST023733,254,1,764.96,2,2,2,Lost
CUST023734,403,1,1281.72,1,2,3,Lost
CUST023736,480,1,303.42,1,2,1,Lost
CUST023739,220,1,505.72,2,2,2,Lost
CUST023741,391,1,118.72,2,2,1,Lost
CUST023742,491,1,372.7,1,2,1,Lost
CUST023745,27,3,2812.74,5,4,4,Champion
CUST023746,20,8,4786.42,5,5,5,Champion
CUST023747,533,1,1244.62,1,2,3,Lost
CUST023748,112,2,1874.22,3,3,4,Loyal Customer
CUST023749,92,5,3354.6,4,5,5,Champion
CUST023751,4,22,9153.86,5,5,5,Champion
CUST023753,407,1,438.35,1,2,2,Lost
CUST023754,35,14,7735.47,5,5,5,Champion
CUST023755,263,1,363.75,2,2,1,Lost
CUST023757,222,6,3382.17,2,5,5,At Risk
CUST023760,141,3,1459.04,3,4,3,Loyal Customer
CUST023761,260,1,102.49,2,2,1,Lost
CUST023762,195,3,543.29,3,4,2,Loyal Customer
CUST023763,99,8,3173.69,4,5,5,Champion
CUST023764,704,1,1063.22,1,2,3,Lost
CUST023766,159,1,93.24,3,2,1,Needs Attention
CUST023767,9,3,2048.76,5,4,4,Champion
CUST023768,309,2,1154.12,2,3,3,At Risk
CUST023771,39,8,3950.2,5,5,5,Champion
CUST023772,10,5,1872.83,5,5,4,Champion
CUST023774,89,1,117.06,4,2,1,Needs Attention
CUST023775,138,1,919.61,3,2,3,Needs Attention
CUST023776,26,18,10413.14,5,5,5,Champion
CUST023777,5,6,2661.83,5,5,4,Champion
CUST023778,62,2,2121.62,4,3,4,Loyal Customer
CUST023781,641,1,458.35,1,2,2,Lost
CUST023782,3,9,4604.34,5,5,5,Champion
CUST023784,33,3,1032.96,5,4,3,Loyal Customer
CUST023785,245,1,294.82,2,2,1,Lost
CUST023786,121,2,2107.63,3,3,4,Loyal Customer
CUST023787,60,9,4299.55,4,5,5,Champion
CUST023788,384,1,1240.49,2,2,3,Lost
CUST023789,90,3,1407.38,4,4,3,Loyal Customer
CUST023790,141,5,4395.9,3,5,5,Loyal Customer
CUST023792,319,2,1710.77,2,3,4,At Risk
CUST023793,82,3,1192.25,4,4,3,Loyal Customer
CUST023796,178,5,2877.26,3,5,4,Loyal Customer
CUST023797,34,6,2292.88,5,5,4,Champion
CUST023798,407,2,900.66,1,3,3,At Risk
CUST023800,13,3,938.21,5,4,3,Loyal Customer
CUST023801,219,5,3156.9700000000003,2,5,5,At Risk
CUST023802,703,2,2334.95,1,3,4,At Risk
CUST023803,516,1,809.85,1,2,2,Lost
CUST023805,84,1,424.55,4,2,1,Needs Attention
CUST023806,9,3,166.10000000000002,5,4,1,Loyal Customer
CUST023808,64,1,19.19,4,2,1,Needs Attention
CUST023809,113,3,319.65,3,4,1,Loyal Customer
CUST023810,84,2,856.46,4,3,2,Loyal Customer
CUST023811,57,3,1873.9899999999998,4,4,4,Champion
CUST023812,549,1,53.4,1,2,1,Lost
CUST023813,60,3,1491.5,4,4,3,Loyal Customer
CUST023814,961,1,428.2,1,2,1,Lost
CUST023816,143,3,941.64,3,4,3,Loyal Customer
CUST023818,16,4,2446.59,5,4,4,Champion
CUST023819,114,3,2116.11,3,4,4,Loyal Customer
CUST023821,236,4,967.87,2,4,3,At Risk
CUST023825,45,4,3771.03,4,4,5,Champion
CUST023826,404,1,120.75,1,2,1,Lost
CUST023827,618,1,267.64,1,2,1,Lost
CUST023829,386,5,3569.2799999999997,2,5,5,At Risk
CUST023830,177,3,1366.94,3,4,3,Loyal Customer
CUST023832,12,13,6761.3,5,5,5,Champion
CUST023833,99,6,2889.41,4,5,4,Champion
CUST023835,568,2,1080.07,1,3,3,At Risk
CUST023836,442,2,1228.8600000000001,1,3,3,At Risk
CUST023837,27,2,1164.37,5,3,3,Loyal Customer
CUST023840,248,1,623.65,2,2,2,Lost
CUST023841,57,10,5934.89,4,5,5,Champion
CUST023842,277,5,2328.25,2,5,4,At Risk
CUST023843,128,2,1153.58,3,3,3,Loyal Customer
CUST023846,165,4,3452.84,3,4,5,Loyal Customer
CUST023847,127,4,1755.43,3,4,4,Loyal Customer
CUST023848,210,7,4813.56,2,5,5,At Risk
CUST023849,103,2,537.68,3,3,2,Loyal Customer
CUST023853,496,1,440.44,1,2,2,Lost
CUST023854,241,1,56.07,2,2,1,Lost
CUST023857,27,14,7205.41,5,5,5,Champion
CUST023858,52,1,701.0,4,2,2,Needs Attention
CUST023861,559,1,1306.49,1,2,3,Lost
CUST023862,50,10,4613.68,4,5,5,Champion
CUST023863,20,6,4147.07,5,5,5,Champion
CUST023864,21,3,2720.43,5,4,4,Champion
CUST023865,31,4,2054.31,5,4,4,Champion
CUST023866,109,4,1432.44,3,4,3,Loyal Customer
CUST023869,441,1,243.13,1,2,1,Lost
CUST023870,98,3,1521.48,4,4,3,Loyal Customer
CUST023871,41,3,1336.8,4,4,3,Loyal Customer
CUST023873,20,7,2837.32,5,5,4,Champion
CUST023874,139,1,707.24,3,2,2,Needs Attention
CUST023875,261,3,1968.48,2,4,4,At Risk
CUST023879,19,2,604.28,5,3,2,Loyal Customer
CUST023881,439,3,1798.9299999999998,1,4,4,At Risk
CUST023883,69,2,920.25,4,3,3,Loyal Customer
CUST023888,675,1,358.91,1,2,1,Lost
CUST023890,188,2,316.23,3,3,1,Loyal Customer
CUST023892,323,2,1584.1,2,3,4,At Risk
CUST023893,333,4,1608.2199999999998,2,4,4,At Risk
CUST023895,10,8,4059.58,5,5,5,Champion
CUST023897,2,12,8251.54,5,5,5,Champion
CUST023898,763,1,732.39,1,2,2,Lost
CUST023900,61,2,828.46,4,3,2,Loyal Customer
CUST023902,360,2,368.9,2,3,1,At Risk
CUST023903,88,4,3953.81,4,4,5,Champion
CUST023904,72,1,489.83,4,2,2,Needs Attention
CUST023905,138,4,1338.77,3,4,3,Loyal Customer
CUST023907,224,3,444.87,2,4,2,At Risk
CUST023908,891,1,1245.1,1,2,3,Lost
CUST023909,227,2,703.32,2,3,2,At Risk
CUST023911,187,1,809.05,3,2,2,Needs Attention
CUST023912,444,1,653.96,1,2,2,Lost
CUST023913,50,15,7604.81,4,5,5,Champion
CUST023914,860,1,1248.97,1,2,3,Lost
CUST023916,104,2,801.91,3,3,2,Loyal Customer
CUST023917,311,4,1906.03,2,4,4,At Risk
CUST023918,106,2,868.3600000000001,3,3,2,Loyal Customer
CUST023920,142,3,909.01,3,4,3,Loyal Customer
CUST023921,137,2,810.1099999999999,3,3,2,Loyal Customer
CUST023923,7,3,599.08,5,4,2,Loyal Customer
CUST023925,197,2,2409.85,3,3,4,Loyal Customer
CUST023928,190,2,658.01,3,3,2,Loyal Customer
CUST023929,290,1,246.89,2,2,1,Lost
CUST023930,62,3,1044.74,4,4,3,Loyal Customer
CUST023931,17,2,2305.99,5,3,4,Loyal Customer
CUST023932,20,3,1730.17,5,4,4,Champion
CUST023937,546,2,574.54,1,3,2,At Risk
CUST023939,588,1,688.15,1,2,2,Lost
CUST023940,104,1,382.72,3,2,1,Needs Attention
CUST023941,365,2,3007.6,2,3,5,At Risk
CUST023942,71,7,3259.49,4,5,5,Champion
CUST023943,321,1,345.46,2,2,1,Lost
CUST023945,27,3,1107.56,5,4,3,Loyal Customer
CUST023947,189,1,301.33,3,2,1,Needs Attention
CUST023950,59,1,130.56,4,2,1,Needs Attention
CUST023951,101,3,2224.8199999999997,4,4,4,Champion
CUST023953,400,1,1123.49,1,2,3,Lost
CUST023955,94,2,1687.85,4,3,4,Loyal Customer
CUST023956,6,11,6797.66,5,5,5,Champion
CUST023960,24,1,561.14,5,2,2,Needs Attention
CUST023961,59,11,6615.16,4,5,5,Champion
CUST023963,53,4,1644.26,4,4,4,Champion
CUST023964,248,1,480.8,2,2,2,Lost
CUST023967,5,7,3148.54,5,5,5,Champion
CUST023968,641,1,380.17,1,2,1,Lost
CUST023969,155,1,638.9,3,2,2,Needs Attention
CUST023970,184,6,2503.34,3,5,4,Loyal Customer
CUST023973,692,1,710.18,1,2,2,Lost
CUST023974,14,96,52233.99,5,5,5,Champion
CUST023976,233,3,1106.13,2,4,3,At Risk
CUST023977,65,5,2134.31,4,5,4,Champion
CUST023981,91,4,3921.05,4,4,5,Champion
CUST023982,94,2,790.1800000000001,4,3,2,Loyal Customer
CUST023984,80,1,219.34,4,2,1,Needs Attention
CUST023986,45,2,2752.52,4,3,4,Loyal Customer
CUST023987,101,3,1188.16,4,4,3,Loyal Customer
CUST023988,136,1,364.46,3,2,1,Needs Attention
CUST023989,1,1,226.07,5,2,1,Needs Attention
CUST023991,100,3,1289.92,4,4,3,Loyal Customer
CUST023992,374,2,499.83000000000004,2,3,2,At Risk
CUST023993,256,2,165.16000000000003,2,3,1,At Risk
CUST023995,54,3,1583.1100000000001,4,4,4,Champion
CUST023996,73,3,1344.3200000000002,4,4,3,Loyal Customer
CUST023997,274,1,351.47,2,2,1,Lost
CUST023998,90,6,5039.389999999999,4,5,5,Champion
CUST024000,336,1,669.18,2,2,2,Lost
CUST024001,622,1,1142.7,1,2,3,Lost
CUST024002,281,1,422.31,2,2,1,Lost
CUST024003,224,1,553.99,2,2,2,Lost
CUST024005,800,1,33.42,1,2,1,Lost
CUST024006,100,1,554.46,4,2,2,Needs Attention
CUST024008,23,24,12238.98,5,5,5,Champion
CUST024009,859,1,593.94,1,2,2,Lost
CUST024011,32,12,4899.03,5,5,5,Champion
CUST024013,410,2,1681.21,1,3,4,At Risk
CUST024014,153,3,2281.22,3,4,4,Loyal Customer
CUST024015,369,2,935.31,2,3,3,At Risk
CUST024016,365,2,1044.86,2,3,3,At Risk
CUST024017,74,2,673.6400000000001,4,3,2,Loyal Customer
CUST024020,362,1,708.3,2,2,2,Lost
CUST024021,241,1,942.17,2,2,3,Lost
CUST024024,128,1,105.08,3,2,1,Needs Attention
CUST024025,15,4,2255.4,5,4,4,Champion
CUST024027,87,11,6338.66,4,5,5,Champion
CUST024028,275,2,1025.54,2,3,3,At Risk
CUST024029,88,2,470.75,4,3,2,Loyal Customer
CUST024030,75,4,4776.929999999999,4,4,5,Champion
CUST024031,57,4,2682.35,4,4,4,Champion
CUST024032,910,1,602.38,1,2,2,Lost
CUST024033,272,1,247.0,2,2,1,Lost
CUST024034,273,1,310.19,2,2,1,Lost
CUST024038,300,1,1408.8,2,2,3,Lost
CUST024040,117,4,3687.7000000000003,3,4,5,Loyal Customer
CUST024041,27,2,1710.95,5,3,4,Loyal Customer
CUST024042,52,3,1757.06,4,4,4,Champion
CUST024043,3,10,6282.4,5,5,5,Champion
CUST024044,167,4,1221.77,3,4,3,Loyal Customer
CUST024046,84,3,2142.2400000000002,4,4,4,Champion
CUST024047,325,2,228.93,2,3,1,At Risk
CUST024051,156,2,758.8299999999999,3,3,2,Loyal Customer
CUST024052,184,10,7126.27,3,5,5,Loyal Customer
CUST024053,249,2,1948.25,2,3,4,At Risk
CUST024055,39,3,2738.98,5,4,4,Champion
CUST024056,623,1,20.34,1,2,1,Lost
CUST024059,298,2,1887.5099999999998,2,3,4,At Risk
CUST024061,160,3,919.22,3,4,3,Loyal Customer
CUST024063,10,1,58.11,5,2,1,Needs Attention
CUST024064,290,1,528.66,2,2,2,Lost
CUST024065,141,3,2764.17,3,4,4,Loyal Customer
CUST024066,18,4,1501.25,5,4,3,Loyal Customer
CUST024068,42,1,130.23,4,2,1,Needs Attention
CUST024071,246,1,450.76,2,2,2,Lost
CUST024072,59,1,448.13,4,2,2,Needs Attention
CUST024073,700,1,937.63,1,2,3,Lost
CUST024074,181,1,541.8,3,2,2,Needs Attention
CUST024075,170,1,602.59,3,2,2,Needs Attention
CUST024076,84,11,4477.37,4,5,5,Champion
CUST024077,727,1,525.31,1,2,2,Lost
CUST024079,3,9,5430.84,5,5,5,Champion
CUST024081,649,2,655.1800000000001,1,3,2,At Risk
CUST024083,26,3,1411.94,5,4,3,Loyal Customer
CUST024084,89,1,1705.4,4,2,4,Needs Attention
CUST024085,406,2,1021.54,1,3,3,At Risk
CUST024086,607,1,2231.5,1,2,4,Lost
CUST024087,2,5,4051.54,5,5,5,Champion
CUST024088,272,1,1228.23,2,2,3,Lost
CUST024090,87,6,2904.5099999999998,4,5,5,Champion
CUST024091,12,3,1600.96,5,4,4,Champion
CUST024093,64,6,1891.78,4,5,4,Champion
CUST024094,140,7,4603.51,3,5,5,Loyal Customer
CUST024096,82,7,2933.19,4,5,5,Champion
CUST024097,1,4,2404.8,5,4,4,Champion
CUST024098,490,2,812.9300000000001,1,3,2,At Risk
CUST024099,130,2,1760.9,3,3,4,Loyal Customer
CUST024102,111,4,1368.77,3,4,3,Loyal Customer
CUST024104,532,1,272.47,1,2,1,Lost
CUST024105,29,9,3919.26,5,5,5,Champion
CUST024108,370,1,458.34,2,2,2,Lost
CUST024110,358,1,410.74,2,2,1,Lost
CUST024111,76,1,402.27,4,2,1,Needs Attention
CUST024112,153,3,1084.63,3,4,3,Loyal Customer
CUST024113,202,2,2382.36,3,3,4,Loyal Customer
CUST024114,612,1,279.6,1,2,1,Lost
CUST024116,74,2,1029.9,4,3,3,Loyal Customer
CUST024117,996,1,422.97,1,2,1,Lost
CUST024118,184,1,641.59,3,2,2,Needs Attention
CUST024119,48,1,652.9,4,2,2,Needs Attention
CUST024120,302,3,1325.1100000000001,2,4,3,At Risk
CUST024121,2,121,65223.3,5,5,5,Champion
CUST024123,63,7,2115.46,4,5,4,Champion
CUST024125,267,1,636.19,2,2,2,Lost
CUST024126,146,3,877.24,3,4,3,Loyal Customer
CUST024128,108,1,261.56,3,2,1,Needs Attention
CUST024129,152,5,1421.64,3,5,3,Loyal Customer
CUST024130,575,1,127.81,1,2,1,Lost
CUST024131,33,4,1471.36,5,4,3,Loyal Customer
CUST024135,116,3,1734.99,3,4,4,Loyal Customer
CUST024136,436,1,703.4,1,2,2,Lost
CUST024138,205,5,3730.1499999999996,2,5,5,At Risk
CUST024141,223,3,1030.77,2,4,3,At Risk
CUST024142,99,3,2130.29,4,4,4,Champion
CUST024143,76,4,2912.95,4,4,5,Champion
CUST024144,11,3,1830.87,5,4,4,Champion
CUST024145,113,5,1396.38,3,5,3,Loyal Customer
CUST024146,477,3,1134.8899999999999,1,4,3,At Risk
CUST024147,14,4,1694.5300000000002,5,4,4,Champion
CUST024148,484,1,28.66,1,2,1,Lost
CUST024149,21,4,3670.54,5,4,5,Champion
CUST024150,50,14,5974.69,4,5,5,Champion
CUST024151,856,1,264.33,1,2,1,Lost
CUST024152,785,1,93.15,1,2,1,Lost
CUST024153,206,3,1194.3,2,4,3,At Risk
CUST024154,160,1,431.48,3,2,1,Needs Attention
CUST024155,43,6,4547.08,4,5,5,Champion
CUST024157,412,1,127.89,1,2,1,Lost
CUST024159,244,2,1552.47,2,3,3,At Risk
CUST024161,2,11,5612.13,5,5,5,Champion
CUST024162,74,1,215.53,4,2,1,Needs Attention
CUST024164,11,2,1290.06,5,3,3,Loyal Customer
CUST024165,169,4,3282.05,3,4,5,Loyal Customer
CUST024166,117,2,535.08,3,3,2,Loyal Customer
CUST024167,213,1,1036.55,2,2,3,Lost
CUST024168,36,3,1348.04,5,4,3,Loyal Customer
CUST024169,9,8,3452.7000000000003,5,5,5,Champion
CUST024170,21,11,7157.84,5,5,5,Champion
CUST024172,127,2,792.3,3,3,2,Loyal Customer
CUST024173,409,3,1280.54,1,4,3,At Risk
CUST024174,161,2,2411.35,3,3,4,Loyal Customer
CUST024176,307,2,460.39,2,3,2,At Risk
CUST024177,32,5,2754.1099999999997,5,5,4,Champion
CUST024178,568,1,2411.7,1,2,4,Lost
CUST024179,378,2,536.5799999999999,2,3,2,At Risk
CUST024181,19,3,1690.22,5,4,4,Champion
CUST024182,119,2,1446.35,3,3,3,Loyal Customer
CUST024184,500,1,629.38,1,2,2,Lost
CUST024186,684,1,261.75,1,2,1,Lost
CUST024188,49,1,371.7,4,2,1,Needs Attention
CUST024189,179,4,1600.8600000000001,3,4,4,Loyal Customer
CUST024190,7,2,1294.71,5,3,3,Loyal Customer
CUST024193,10,9,6265.79,5,5,5,Champion
CUST024195,29,5,3374.4799999999996,5,5,5,Champion
CUST024198,460,2,2817.1400000000003,1,3,4,At Risk
CUST024199,10,8,6957.73,5,5,5,Champion
CUST024202,117,2,517.45,3,3,2,Loyal Customer
CUST024204,393,1,812.6,1,2,2,Lost
CUST024205,408,1,1043.44,1,2,3,Lost
CUST024208,2,4,1508.8700000000001,5,4,3,Loyal Customer
CUST024209,14,1,727.91,5,2,2,Needs Attention
CUST024210,172,2,1403.3400000000001,3,3,3,Loyal Customer
CUST024211,568,2,586.6800000000001,1,3,2,At Risk
CUST024212,99,4,2105.32,4,4,4,Champion
CUST024213,75,13,8246.4,4,5,5,Champion
CUST024214,109,7,4999.37,3,5,5,Loyal Customer
CUST024215,234,2,1981.53,2,3,4,At Risk
CUST024216,93,2,630.55,4,3,2,Loyal Customer
CUST024218,478,2,2334.86,1,3,4,At Risk
CUST024219,90,3,1629.65,4,4,4,Champion
CUST024221,4,62,33264.6,5,5,5,Champion
CUST024223,64,1,797.37,4,2,2,Needs Attention
CUST024224,253,1,245.72,2,2,1,Lost
CUST024226,754,1,327.68,1,2,1,Lost
CUST024228,9,38,17142.239999999998,5,5,5,Champion
CUST024229,15,18,10862.09,5,5,5,Champion
CUST024230,177,2,1162.1299999999999,3,3,3,Loyal Customer
CUST024231,84,1,518.34,4,2,2,Needs Attention
CUST024233,932,1,689.98,1,2,2,Lost
CUST024234,478,1,672.51,1,2,2,Lost
CUST024235,25,4,1393.47,5,4,3,Loyal Customer
CUST024236,280,2,1576.41,2,3,4,At Risk
CUST024238,126,4,2174.37,3,4,4,Loyal Customer
CUST024239,196,1,214.88,3,2,1,Needs Attention
CUST024240,14,1,540.5,5,2,2,Needs Attention
CUST024241,140,4,2737.96,3,4,4,Loyal Customer
CUST024242,132,8,3484.2200000000003,3,5,5,Loyal Customer
CUST024243,99,1,284.35,4,2,1,Needs Attention
CUST024244,315,2,1212.08,2,3,3,At Risk
CUST024245,4,5,2611.73,5,5,4,Champion
CUST024246,13,48,29033.34,5,5,5,Champion
CUST024247,104,7,4551.71,3,5,5,Loyal Customer
CUST024249,101,2,485.55,4,3,2,Loyal Customer
CUST024250,225,2,2062.92,2,3,4,At Risk
CUST024251,239,1,634.9,2,2,2,Lost
CUST024252,541,1,209.11,1,2,1,Lost
CUST024254,371,1,176.26,2,2,1,Lost
CUST024256,133,1,1846.04,3,2,4,Needs Attention
CUST024257,152,3,1837.21,3,4,4,Loyal Customer
CUST024258,1,2,354.78,5,3,1,Loyal Customer
CUST024259,22,1,119.95,5,2,1,Needs Attention
CUST024260,233,4,638.56,2,4,2,At Risk
CUST024262,52,2,704.96,4,3,2,Loyal Customer
CUST024264,117,1,326.03,3,2,1,Needs Attention
CUST024265,11,52,34011.6,5,5,5,Champion
CUST024266,129,3,673.82,3,4,2,Loyal Customer
CUST024267,131,2,447.76,3,3,2,Loyal Customer
CUST024270,9,1,1077.26,5,2,3,Needs Attention
CUST024272,343,6,2103.65,2,5,4,At Risk
CUST024274,306,2,1332.9499999999998,2,3,3,At Risk
CUST024277,527,1,381.19,1,2,1,Lost
CUST024278,636,1,217.64,1,2,1,Lost
CUST024279,218,1,823.2,2,2,2,Lost
CUST024280,292,3,2557.44,2,4,4,At Risk
CUST024282,297,1,806.53,2,2,2,Lost
CUST024283,43,5,3246.57,4,5,5,Champion
CUST024285,164,2,1035.44,3,3,3,Loyal Customer
CUST024287,58,2,1633.37,4,3,4,Loyal Customer
CUST024288,786,1,440.51,1,2,2,Lost
CUST024290,34,21,9734.98,5,5,5,Champion
CUST024293,187,2,1937.94,3,3,4,Loyal Customer
CUST024294,67,9,3212.8,4,5,5,Champion
CUST024295,507,1,270.76,1,2,1,Lost
CUST024296,258,1,220.97,2,2,1,Lost
CUST024297,95,4,2352.79,4,4,4,Champion
CUST024299,17,4,663.74,5,4,2,Loyal Customer
CUST024300,153,3,1321.75,3,4,3,Loyal Customer
CUST024301,917,1,503.64,1,2,2,Lost
CUST024303,29,8,2370.83,5,5,4,Champion
CUST024304,469,2,588.9,1,3,2,At Risk
CUST024305,435,2,1086.6399999999999,1,3,3,At Risk
CUST024306,231,4,2250.96,2,4,4,At Risk
CUST024309,326,1,1353.96,2,2,3,Lost
CUST024310,222,4,859.5699999999999,2,4,2,At Risk
CUST024311,95,4,1146.72,4,4,3,Loyal Customer
CUST024312,105,4,2048.64,3,4,4,Loyal Customer
CUST024314,14,28,14058.24,5,5,5,Champion
CUST024316,73,5,2472.31,4,5,4,Champion
CUST024324,343,1,571.02,2,2,2,Lost
CUST024327,4,12,6120.4,5,5,5,Champion
CUST024330,188,1,160.94,3,2,1,Needs Attention
CUST024331,207,5,1796.87,2,5,4,At Risk
CUST024334,84,2,964.82,4,3,3,Loyal Customer
CUST024335,143,1,390.14,3,2,1,Needs Attention
CUST024336,330,1,756.87,2,2,2,Lost
CUST024340,108,1,675.76,3,2,2,Needs Attention
CUST024341,559,1,822.41,1,2,2,Lost
CUST024344,359,2,1277.07,2,3,3,At Risk
CUST024345,162,2,3797.88,3,3,5,Loyal Customer
CUST024347,88,6,2836.9900000000002,4,5,4,Champion
CUST024349,158,1,603.5,3,2,2,Needs Attention
CUST024350,5,11,5800.37,5,5,5,Champion
CUST024352,106,1,139.53,3,2,1,Needs Attention
CUST024353,56,2,265.74,4,3,1,Loyal Customer
CUST024354,464,1,231.53,1,2,1,Lost
CUST024357,272,1,646.38,2,2,2,Lost
CUST024358,322,3,1258.59,2,4,3,At Risk
CUST024360,342,3,2200.32,2,4,4,At Risk
CUST024362,12,4,3469.36,5,4,5,Champion
CUST024363,350,2,2069.98,2,3,4,At Risk
CUST024366,2,8,4668.63,5,5,5,Champion
CUST024370,914,1,331.89,1,2,1,Lost
CUST024376,105,1,438.57,3,2,2,Needs Attention
CUST024377,99,2,529.1800000000001,4,3,2,Loyal Customer
CUST024378,249,2,799.81,2,3,2,At Risk
CUST024380,324,4,1826.92,2,4,4,At Risk
CUST024381,346,1,1860.79,2,2,4,Lost
CUST024383,22,4,2996.27,5,4,5,Champion
CUST024384,31,20,11733.35,5,5,5,Champion
CUST024386,19,3,1534.8799999999999,5,4,3,Loyal Customer
CUST024389,108,8,4393.7300000000005,3,5,5,Loyal Customer
CUST024390,54,3,1343.19,4,4,3,Loyal Customer
CUST024391,132,1,412.04,3,2,1,Needs Attention
CUST024393,19,4,2542.21,5,4,4,Champion
CUST024396,84,10,6884.4400000000005,4,5,5,Champion
CUST024398,568,1,852.96,1,2,2,Lost
CUST024399,144,2,786.21,3,3,2,Loyal Customer
CUST024400,32,1,634.69,5,2,2,Needs Attention
CUST024402,635,1,1224.18,1,2,3,Lost
CUST024403,556,1,49.03,1,2,1,Lost
CUST024404,42,1,932.02,4,2,3,Needs Attention
CUST024405,27,4,3047.98,5,4,5,Champion
CUST024406,23,6,3650.9,5,5,5,Champion
CUST024407,155,2,222.06,3,3,1,Loyal Customer
CUST024408,180,1,1284.39,3,2,3,Needs Attention
CUST024409,46,22,7434.35,4,5,5,Champion
CUST024410,243,2,1796.11,2,3,4,At Risk
CUST024412,7,2,522.82,5,3,2,Loyal Customer
CUST024414,505,1,163.38,1,2,1,Lost
CUST024415,16,6,4080.5299999999997,5,5,5,Champion
CUST024417,127,1,139.13,3,2,1,Needs Attention
CUST024418,712,1,265.84,1,2,1,Lost
CUST024419,66,17,11251.08,4,5,5,Champion
CUST024420,297,1,841.36,2,2,2,Lost
CUST024422,134,2,597.66,3,3,2,Loyal Customer
CUST024424,149,2,1475.78,3,3,3,Loyal Customer
CUST024425,42,5,3674.98,4,5,5,Champion
CUST024426,406,2,852.26,1,3,2,At Risk
CUST024427,11,1,605.43,5,2,2,Needs Attention
CUST024428,110,7,5578.39,3,5,5,Loyal Customer
CUST024431,169,1,84.0,3,2,1,Needs Attention
CUST024432,178,3,1262.47,3,4,3,Loyal Customer
CUST024434,159,3,720.04,3,4,2,Loyal Customer
CUST024435,2,13,6434.84,5,5,5,Champion
CUST024436,25,4,1539.0099999999998,5,4,3,Loyal Customer
CUST024438,680,1,293.86,1,2,1,Lost
CUST024440,126,5,2714.8500000000004,3,5,4,Loyal Customer
CUST024441,73,3,414.8,4,4,1,Loyal Customer
CUST024442,205,1,226.57,2,2,1,Lost
CUST024445,557,1,108.51,1,2,1,Lost
CUST024446,86,2,628.9000000000001,4,3,2,Loyal Customer
CUST024447,25,2,655.9,5,3,2,Loyal Customer
CUST024449,702,2,989.9200000000001,1,3,3,At Risk
CUST024450,108,9,3552.5,3,5,5,Loyal Customer
CUST024456,7,37,19432.56,5,5,5,Champion
CUST024458,770,1,354.39,1,2,1,Lost
CUST024461,271,1,540.16,2,2,2,Lost
CUST024462,296,3,1769.67,2,4,4,At Risk
CUST024463,168,3,1587.68,3,4,4,Loyal Customer
CUST024464,55,9,6206.75,4,5,5,Champion
CUST024467,170,2,1399.49,3,3,3,Loyal Customer
CUST024469,326,4,3849.87,2,4,5,At Risk
CUST024470,186,1,455.73,3,2,2,Needs Attention
CUST024471,74,2,1037.68,4,3,3,Loyal Customer
CUST024472,104,5,2580.57,3,5,4,Loyal Customer
CUST024473,351,1,624.3,2,2,2,Lost
CUST024476,600,1,494.18,1,2,2,Lost
CUST024480,115,15,5341.1,3,5,5,Loyal Customer
CUST024482,304,3,337.05,2,4,1,At Risk
CUST024483,93,1,895.76,4,2,3,Needs Attention
CUST024484,198,2,1154.55,3,3,3,Loyal Customer
CUST024485,556,1,192.72,1,2,1,Lost
CUST024487,241,5,3151.87,2,5,5,At Risk
CUST024488,102,8,4758.57,3,5,5,Loyal Customer
CUST024490,197,4,3132.54,3,4,5,Loyal Customer
CUST024491,237,2,688.25,2,3,2,At Risk
CUST024494,6,5,2219.6099999999997,5,5,4,Champion
CUST024497,27,15,10944.92,5,5,5,Champion
CUST024498,62,1,574.29,4,2,2,Needs Attention
CUST024499,304,2,667.5799999999999,2,3,2,At Risk
CUST024500,168,5,2014.6100000000001,3,5,4,Loyal Customer
CUST024502,103,3,2407.17,3,4,4,Loyal Customer
CUST024504,65,7,3333.35,4,5,5,Champion
CUST024507,206,1,407.91,2,2,1,Lost
CUST024509,19,8,5352.27,5,5,5,Champion
CUST024512,440,1,249.56,1,2,1,Lost
CUST024513,19,13,7286.88,5,5,5,Champion
CUST024515,377,1,689.98,2,2,2,Lost
CUST024516,261,2,556.58,2,3,2,At Risk
CUST024517,15,6,4411.77,5,5,5,Champion
CUST024518,633,2,1033.21,1,3,3,At Risk
CUST024525,932,1,266.72,1,2,1,Lost
CUST024526,34,3,550.36,5,4,2,Loyal Customer
CUST024527,8,6,4040.1099999999997,5,5,5,Champion
CUST024528,409,1,407.87,1,2,1,Lost
CUST024531,427,1,616.65,1,2,2,Lost
CUST024532,327,4,1665.82,2,4,4,At Risk
CUST024533,28,6,4333.13,5,5,5,Champion
CUST024534,269,1,740.92,2,2,2,Lost
CUST024535,141,4,1899.74,3,4,4,Loyal Customer
CUST024537,201,5,1922.53,3,5,4,Loyal Customer
CUST024538,126,4,1881.51,3,4,4,Loyal Customer
CUST024540,23,11,6279.66,5,5,5,Champion
CUST024541,13,13,7814.11,5,5,5,Champion
CUST024542,63,6,2214.62,4,5,4,Champion
CUST024545,269,2,210.9,2,3,1,At Risk
CUST024546,497,1,199.98,1,2,1,Lost
CUST024547,21,2,913.6199999999999,5,3,3,Loyal Customer
CUST024548,506,3,1950.42,1,4,4,At Risk
CUST024549,174,4,2754.65,3,4,4,Loyal Customer
CUST024551,112,3,1880.02,3,4,4,Loyal Customer
CUST024552,392,2,984.61,1,3,3,At Risk
CUST024554,90,2,795.51,4,3,2,Loyal Customer
CUST024557,281,1,1304.67,2,2,3,Lost
CUST024558,137,4,1302.62,3,4,3,Loyal Customer
CUST024561,259,4,2933.31,2,4,5,At Risk
CUST024563,50,8,3547.83,4,5,5,Champion
CUST024564,643,1,709.13,1,2,2,Lost
CUST024565,7,3,1973.9699999999998,5,4,4,Champion
CUST024566,182,2,498.82,3,3,2,Loyal Customer
CUST024568,41,28,15041.57,4,5,5,Champion
CUST024571,607,1,595.7,1,2,2,Lost
CUST024572,128,3,1230.0,3,4,3,Loyal Customer
CUST024573,5,18,10910.6,5,5,5,Champion
CUST024578,208,1,793.17,2,2,2,Lost
CUST024580,277,2,1643.1000000000001,2,3,4,At Risk
CUST024583,41,6,3110.0299999999997,4,5,5,Champion
CUST024584,125,1,1695.03,3,2,4,Needs Attention
CUST024585,54,3,1908.53,4,4,4,Champion
CUST024586,153,6,3123.17,3,5,5,Loyal Customer
CUST024588,610,1,1588.29,1,2,4,Lost
CUST024590,645,3,4032.76,1,4,5,At Risk
CUST024592,163,1,241.67,3,2,1,Needs Attention
CUST024593,691,1,205.16,1,2,1,Lost
CUST024595,52,21,10410.58,4,5,5,Champion
CUST024596,27,6,1908.8,5,5,4,Champion
CUST024598,190,2,3146.8999999999996,3,3,5,Loyal Customer
CUST024600,42,11,5703.2699999999995,4,5,5,Champion
CUST024601,504,1,51.25,1,2,1,Lost
CUST024602,1,59,34587.08,5,5,5,Champion
CUST024604,730,1,203.88,1,2,1,Lost
CUST024605,137,4,1746.05,3,4,4,Loyal Customer
CUST024607,15,5,3103.05,5,5,5,Champion
CUST024609,3,17,8443.65,5,5,5,Champion
CUST024610,140,6,2720.58,3,5,4,Loyal Customer
CUST024611,223,4,4583.58,2,4,5,At Risk
CUST024613,566,1,93.24,1,2,1,Lost
CUST024614,92,1,153.29,4,2,1,Needs Attention
CUST024615,45,24,13614.56,4,5,5,Champion
CUST024618,17,21,11006.08,5,5,5,Champion
CUST024621,16,2,546.1,5,3,2,Loyal Customer
CUST024622,117,8,4820.5,3,5,5,Loyal Customer
CUST024623,238,2,611.77,2,3,2,At Risk
CUST024624,15,12,6167.5199999999995,5,5,5,Champion
CUST024626,21,4,3103.2,5,4,5,Champion
CUST024629,105,3,1371.88,3,4,3,Loyal Customer
CUST024630,326,1,127.79,2,2,1,Lost
CUST024631,598,1,1497.26,1,2,3,Lost
CUST024632,377,1,296.11,2,2,1,Lost
CUST024633,339,1,1835.81,2,2,4,Lost
CUST024635,119,2,826.77,3,3,2,Loyal Customer
CUST024636,660,1,150.46,1,2,1,Lost
CUST024637,46,1,329.36,4,2,1,Needs Attention
CUST024638,128,2,1399.16,3,3,3,Loyal Customer
CUST024639,25,3,1194.09,5,4,3,Loyal Customer
CUST024640,258,2,879.5899999999999,2,3,3,At Risk
CUST024641,108,1,220.97,3,2,1,Needs Attention
CUST024642,324,3,1371.8600000000001,2,4,3,At Risk
CUST024644,139,4,2072.3199999999997,3,4,4,Loyal Customer
CUST024647,216,1,69.69,2,2,1,Lost
CUST024649,479,2,622.96,1,3,2,At Risk
CUST024651,515,1,262.1,1,2,1,Lost
CUST024652,46,2,1538.3799999999999,4,3,3,Loyal Customer
CUST024654,4,1,611.6,5,2,2,Needs Attention
CUST024657,361,1,1423.4,2,2,3,Lost
CUST024660,216,3,1542.0,2,4,3,At Risk
CUST024661,604,1,131.16,1,2,1,Lost
CUST024663,45,15,6439.39,4,5,5,Champion
CUST024664,304,1,352.05,2,2,1,Lost
CUST024666,507,1,822.36,1,2,2,Lost
CUST024668,222,3,2509.39,2,4,4,At Risk
CUST024669,225,5,1766.75,2,5,4,At Risk
CUST024670,194,4,2230.65,3,4,4,Loyal Customer
CUST024671,537,1,489.3,1,2,2,Lost
CUST024672,119,2,512.74,3,3,2,Loyal Customer
CUST024673,211,1,686.41,2,2,2,Lost
CUST024675,262,2,918.43,2,3,3,At Risk
CUST024676,33,11,4693.3,5,5,5,Champion
CUST024678,273,1,397.72,2,2,1,Lost
CUST024680,14,4,2082.38,5,4,4,Champion
CUST024681,14,2,1065.19,5,3,3,Loyal Customer
CUST024686,932,1,1218.58,1,2,3,Lost
CUST024687,298,3,1683.6999999999998,2,4,4,At Risk
CUST024689,377,1,76.2,2,2,1,Lost
CUST024690,9,3,3054.55,5,4,5,Champion
CUST024692,1,4,1792.76,5,4,4,Champion
CUST024694,34,6,6862.03,5,5,5,Champion
CUST024696,357,1,397.72,2,2,1,Lost
CUST024697,116,2,1655.6699999999998,3,3,4,Loyal Customer
CUST024698,307,2,511.11,2,3,2,At Risk
CUST024699,258,1,380.94,2,2,1,Lost
CUST024701,30,4,1110.21,5,4,3,Loyal Customer
CUST024703,79,4,340.09000000000003,4,4,1,Loyal Customer
CUST024704,4,11,9232.74,5,5,5,Champion
CUST024707,434,1,1951.12,1,2,4,Lost
CUST024709,15,2,902.78,5,3,3,Loyal Customer
CUST024710,944,1,1082.54,1,2,3,Lost
CUST024712,34,9,3808.22,5,5,5,Champion
CUST024713,374,1,824.08,2,2,2,Lost
CUST024714,240,2,1508.6100000000001,2,3,3,At Risk
CUST024716,118,2,1621.1599999999999,3,3,4,Loyal Customer
CUST024718,391,1,560.55,2,2,2,Lost
CUST024719,5,5,3571.61,5,5,5,Champion
CUST024720,6,4,2171.7,5,4,4,Champion
CUST024723,206,1,819.92,2,2,2,Lost
CUST024730,273,1,528.67,2,2,2,Lost
CUST024731,71,3,3077.4300000000003,4,4,5,Champion
CUST024732,89,10,6153.55,4,5,5,Champion
CUST024733,40,3,1580.93,4,4,4,Champion
CUST024735,50,1,139.69,4,2,1,Needs Attention
CUST024737,269,1,420.93,2,2,1,Lost
CUST024739,216,2,714.66,2,3,2,At Risk
CUST024740,124,4,3123.17,3,4,5,Loyal Customer
CUST024741,273,1,369.86,2,2,1,Lost
CUST024743,44,3,3119.61,4,4,5,Champion
CUST024744,36,1,178.3,5,2,1,Needs Attention
CUST024745,72,1,448.13,4,2,2,Needs Attention
CUST024746,32,2,1177.6799999999998,5,3,3,Loyal Customer
CUST024748,120,1,225.93,3,2,1,Needs Attention
CUST024751,47,4,1527.3500000000001,4,4,3,Loyal Customer
CUST024753,784,1,164.68,1,2,1,Lost
CUST024754,25,3,2811.12,5,4,4,Champion
CUST024755,54,4,1409.1000000000001,4,4,3,Loyal Customer
CUST024759,218,3,2035.51,2,4,4,At Risk
CUST024760,11,2,665.48,5,3,2,Loyal Customer
CUST024761,35,2,533.47,5,3,2,Loyal Customer
CUST024762,272,3,1956.0800000000002,2,4,4,At Risk
CUST024765,10,16,10832.44,5,5,5,Champion
CUST024767,862,1,264.29,1,2,1,Lost
CUST024768,109,2,1161.0,3,3,3,Loyal Customer
CUST024773,62,4,2882.75,4,4,4,Champion
CUST024775,371,1,404.23,2,2,1,Lost
CUST024776,567,2,637.14,1,3,2,At Risk
CUST024777,340,2,1073.38,2,3,3,At Risk
CUST024778,241,4,1701.15,2,4,4,At Risk
CUST024779,141,3,770.31,3,4,2,Loyal Customer
CUST024780,124,2,1042.92,3,3,3,Loyal Customer
CUST024781,11,6,3555.9700000000003,5,5,5,Champion
CUST024782,494,1,312.15,1,2,1,Lost
CUST024783,340,3,2579.5,2,4,4,At Risk
CUST024785,127,2,267.15999999999997,3,3,1,Loyal Customer
CUST024786,269,1,247.0,2,2,1,Lost
CUST024787,323,1,150.63,2,2,1,Lost
CUST024788,228,3,1214.9099999999999,2,4,3,At Risk
CUST024789,15,6,2640.8199999999997,5,5,4,Champion
CUST024792,162,3,2668.77,3,4,4,Loyal Customer
CUST024793,528,1,204.35,1,2,1,Lost
CUST024794,261,1,393.68,2,2,1,Lost
CUST024795,16,6,3114.04,5,5,5,Champion
CUST024796,11,4,2339.04,5,4,4,Champion
CUST024798,67,2,1255.36,4,3,3,Loyal Customer
CUST024799,52,1,1025.01,4,2,3,Needs Attention
CUST024802,134,1,812.19,3,2,2,Needs Attention
CUST024804,107,3,5144.96,3,4,5,Loyal Customer
CUST024806,308,1,896.79,2,2,3,Lost
CUST024807,839,1,324.94,1,2,1,Lost
CUST024814,171,4,3829.6,3,4,5,Loyal Customer
CUST024818,191,1,303.55,3,2,1,Needs Attention
CUST024819,270,1,2282.17,2,2,4,Lost
CUST024820,886,1,761.61,1,2,2,Lost
CUST024821,33,1,883.48,5,2,3,Needs Attention
CUST024827,46,2,2332.58,4,3,4,Loyal Customer
CUST024828,87,2,918.04,4,3,3,Loyal Customer
CUST024829,133,2,793.6700000000001,3,3,2,Loyal Customer
CUST024831,224,3,777.21,2,4,2,At Risk
CUST024833,166,3,1069.92,3,4,3,Loyal Customer
CUST024834,423,1,374.92,1,2,1,Lost
CUST024841,397,3,782.75,1,4,2,At Risk
CUST024842,466,2,1074.28,1,3,3,At Risk
CUST024843,117,8,2555.3,3,5,4,Loyal Customer
CUST024845,528,1,207.47,1,2,1,Lost
CUST024848,16,7,3312.73,5,5,5,Champion
CUST024849,96,5,2652.23,4,5,4,Champion
CUST024851,238,1,826.51,2,2,2,Lost
CUST024852,220,4,3580.9900000000002,2,4,5,At Risk
CUST024853,76,1,310.77,4,2,1,Needs Attention
CUST024854,590,1,1025.57,1,2,3,Lost
CUST024855,36,11,3991.95,5,5,5,Champion
CUST024857,709,2,306.84000000000003,1,3,1,At Risk
CUST024858,285,2,1522.06,2,3,3,At Risk
CUST024859,26,2,1243.13,5,3,3,Loyal Customer
CUST024861,9,12,7443.57,5,5,5,Champion
CUST024866,12,15,9525.33,5,5,5,Champion
CUST024867,2,6,4096.22,5,5,5,Champion
CUST024868,281,2,911.9200000000001,2,3,3,At Risk
CUST024870,263,3,2427.4900000000002,2,4,4,At Risk
CUST024872,234,1,718.39,2,2,2,Lost
CUST024873,168,3,1880.48,3,4,4,Loyal Customer
CUST024874,230,4,1055.31,2,4,3,At Risk
CUST024875,361,1,578.16,2,2,2,Lost
CUST024876,282,1,56.4,2,2,1,Lost
CUST024877,15,3,1406.9499999999998,5,4,3,Loyal Customer
CUST024878,569,1,519.93,1,2,2,Lost
CUST024879,59,4,2443.54,4,4,4,Champion
CUST024880,128,5,4003.95,3,5,5,Loyal Customer
CUST024882,230,2,136.13,2,3,1,At Risk
CUST024885,8,3,929.6800000000001,5,4,3,Loyal Customer
CUST024888,88,3,1131.1399999999999,4,4,3,Loyal Customer
CUST024890,169,7,2479.8399999999997,3,5,4,Loyal Customer
CUST024892,612,1,231.19,1,2,1,Lost
CUST024894,78,3,779.21,4,4,2,Loyal Customer
CUST024895,271,7,4067.53,2,5,5,At Risk
CUST024896,652,1,26.27,1,2,1,Lost
CUST024898,264,1,1041.8,2,2,3,Lost
CUST024899,12,22,11945.2,5,5,5,Champion
CUST024900,129,4,1918.84,3,4,4,Loyal Customer
CUST024901,131,3,3631.6600000000003,3,4,5,Loyal Customer
CUST024902,238,5,3261.03,2,5,5,At Risk
CUST024903,392,1,58.11,1,2,1,Lost
CUST024906,8,5,2036.57,5,5,4,Champion
CUST024907,363,3,1328.27,2,4,3,At Risk
CUST024909,3,1,1464.6,5,2,3,Needs Attention
CUST024911,127,3,2453.01,3,4,4,Loyal Customer
CUST024913,12,3,2654.99,5,4,4,Champion
CUST024915,504,1,756.14,1,2,2,Lost
CUST024916,668,2,1693.81,1,3,4,At Risk
CUST024917,837,1,484.66,1,2,2,Lost
CUST024918,370,1,1321.53,2,2,3,Lost
CUST024921,129,2,2330.01,3,3,4,Loyal Customer
CUST024922,43,1,1474.62,4,2,3,Needs Attention
CUST024924,412,1,127.79,1,2,1,Lost
CUST024925,161,4,2276.89,3,4,4,Loyal Customer
CUST024928,136,4,1674.48,3,4,4,Loyal Customer
CUST024929,40,6,2124.75,4,5,4,Champion
CUST024931,1,2,283.49,5,3,1,Loyal Customer
CUST024932,35,4,2186.05,5,4,4,Champion
CUST024933,135,1,181.35,3,2,1,Needs Attention
CUST024937,32,2,631.05,5,3,2,Loyal Customer
CUST024939,26,2,1691.51,5,3,4,Loyal Customer
CUST024940,419,1,454.24,1,2,2,Lost
CUST024941,425,1,153.56,1,2,1,Lost
CUST024942,449,1,146.19,1,2,1,Lost
CUST024943,138,3,1432.3600000000001,3,4,3,Loyal Customer
CUST024945,120,1,411.71,3,2,1,Needs Attention
CUST024948,100,7,4038.83,4,5,5,Champion
CUST024949,288,4,2378.88,2,4,4,At Risk
CUST024950,388,1,1060.89,2,2,3,Lost
CUST024953,558,1,641.66,1,2,2,Lost
CUST024954,216,2,943.05,2,3,3,At Risk
CUST024955,30,4,2153.97,5,4,4,Champion
CUST024957,18,2,1151.04,5,3,3,Loyal Customer
CUST024958,128,6,2887.4700000000003,3,5,4,Loyal Customer
CUST024959,161,1,79.68,3,2,1,Needs Attention
CUST024960,70,2,1391.58,4,3,3,Loyal Customer
CUST024961,52,2,1351.1999999999998,4,3,3,Loyal Customer
CUST024963,206,6,4416.84,2,5,5,At Risk
CUST024964,348,1,459.16,2,2,2,Lost
CUST024966,238,2,1019.1200000000001,2,3,3,At Risk
CUST024968,9,9,5745.58,5,5,5,Champion
CUST024970,104,4,2501.3199999999997,3,4,4,Loyal Customer
CUST024972,19,4,1419.46,5,4,3,Loyal Customer
CUST024975,292,2,189.07999999999998,2,3,1,At Risk
CUST024978,442,2,1032.05,1,3,3,At Risk
CUST024979,49,14,6764.16,4,5,5,Champion
CUST024980,45,2,488.56,4,3,2,Loyal Customer
CUST024981,151,4,2468.74,3,4,4,Loyal Customer
CUST024985,636,1,405.72,1,2,1,Lost
CUST024987,546,2,268.3,1,3,1,At Risk
CUST024988,6,14,6784.24,5,5,5,Champion
CUST024991,246,1,754.61,2,2,2,Lost
CUST024992,264,1,385.31,2,2,1,Lost
CUST024993,63,1,2684.88,4,2,4,Needs Attention
CUST024994,34,13,7470.349999999999,5,5,5,Champion
CUST024995,625,1,94.14,1,2,1,Lost
CUST024996,28,7,4797.8099999999995,5,5,5,Champion
CUST024997,100,1,777.02,4,2,2,Needs Attention
CUST025000,99,3,1660.04,4,4,4,Champion
CUST025001,53,4,2168.22,4,4,4,Champion
CUST025002,107,7,5649.77,3,5,5,Loyal Customer
CUST025004,311,1,553.72,2,2,2,Lost
CUST025006,591,1,578.81,1,2,2,Lost
CUST025008,137,2,465.57,3,3,2,Loyal Customer
CUST025010,197,1,44.73,3,2,1,Needs Attention
CUST025011,249,3,3423.1400000000003,2,4,5,At Risk
CUST025012,183,1,1191.58,3,2,3,Needs Attention
CUST025013,103,2,2020.41,3,3,4,Loyal Customer
CUST025019,548,1,354.36,1,2,1,Lost
CUST025022,699,1,170.29,1,2,1,Lost
CUST025024,567,1,1019.9,1,2,3,Lost
CUST025025,270,1,1518.15,2,2,3,Lost
CUST025026,23,18,6722.62,5,5,5,Champion
CUST025027,70,1,441.44,4,2,2,Needs Attention
CUST025028,201,1,358.15,3,2,1,Needs Attention
CUST025031,4,1,424.55,5,2,1,Needs Attention
CUST025035,218,2,1702.33,2,3,4,At Risk
CUST025036,171,1,130.22,3,2,1,Needs Attention
CUST025037,28,14,7206.58,5,5,5,Champion
CUST025038,283,1,619.38,2,2,2,Lost
CUST025039,31,16,9169.14,5,5,5,Champion
CUST025040,241,1,738.86,2,2,2,Lost
CUST025042,98,12,8705.33,4,5,5,Champion
CUST025043,178,3,909.01,3,4,3,Loyal Customer
CUST025047,38,15,7069.9400000000005,5,5,5,Champion
CUST025048,229,1,434.79,2,2,1,Lost
CUST025049,7,11,6505.56,5,5,5,Champion
CUST025055,88,2,2290.49,4,3,4,Loyal Customer
CUST025056,236,1,460.33,2,2,2,Lost
CUST025057,196,3,1942.5100000000002,3,4,4,Loyal Customer
CUST025058,186,5,3078.62,3,5,5,Loyal Customer
CUST025059,734,1,1047.08,1,2,3,Lost
CUST025060,35,10,6328.08,5,5,5,Champion
CUST025061,98,9,3397.25,4,5,5,Champion
CUST025064,784,1,434.79,1,2,1,Lost
CUST025065,99,4,3041.84,4,4,5,Champion
CUST025067,566,1,682.26,1,2,2,Lost
CUST025069,280,3,1143.57,2,4,3,At Risk
CUST025071,76,2,800.44,4,3,2,Loyal Customer
CUST025076,201,3,1460.9,3,4,3,Loyal Customer
CUST025078,2,1,294.82,5,2,1,Needs Attention
CUST025079,106,1,352.55,3,2,1,Needs Attention
CUST025080,123,4,1401.62,3,4,3,Loyal Customer
CUST025081,348,1,662.92,2,2,2,Lost
CUST025082,367,1,675.76,2,2,2,Lost
CUST025083,344,1,803.3,2,2,2,Lost
CUST025085,867,1,265.84,1,2,1,Lost
CUST025086,802,1,1642.76,1,2,4,Lost
CUST025087,327,1,625.17,2,2,2,Lost
CUST025091,227,1,405.72,2,2,1,Lost
CUST025093,40,1,160.87,4,2,1,Needs Attention
CUST025094,358,1,356.78,2,2,1,Lost
CUST025097,8,10,4135.04,5,5,5,Champion
CUST025099,658,1,1573.07,1,2,4,Lost
CUST025101,217,7,5556.42,2,5,5,At Risk
CUST025102,6,8,4922.849999999999,5,5,5,Champion
CUST025103,92,4,1506.5,4,4,3,Loyal Customer
CUST025105,26,3,1632.88,5,4,4,Champion
CUST025108,280,1,1389.09,2,2,3,Lost
CUST025109,8,6,4244.12,5,5,5,Champion
CUST025110,46,4,1098.07,4,4,3,Loyal Customer
CUST025111,293,3,613.11,2,4,2,At Risk
CUST025112,107,3,2120.96,3,4,4,Loyal Customer
CUST025114,133,7,3404.49,3,5,5,Loyal Customer
CUST025118,35,5,3369.96,5,5,5,Champion
CUST025119,4,8,3901.34,5,5,5,Champion
CUST025120,208,1,687.24,2,2,2,Lost
CUST025127,149,1,581.86,3,2,2,Needs Attention
CUST025131,313,1,296.2,2,2,1,Lost
CUST025132,500,2,902.6500000000001,1,3,3,At Risk
CUST025133,687,1,783.27,1,2,2,Lost
CUST025135,726,1,606.44,1,2,2,Lost
CUST025136,8,36,20555.13,5,5,5,Champion
CUST025137,447,2,1425.47,1,3,3,At Risk
CUST025139,53,4,2137.56,4,4,4,Champion
CUST025143,393,1,404.37,1,2,1,Lost
CUST025144,75,1,639.56,4,2,2,Needs Attention
CUST025146,145,1,60.2,3,2,1,Needs Attention
CUST025147,7,2,951.28,5,3,3,Loyal Customer
CUST025148,92,8,4319.8,4,5,5,Champion
CUST025149,436,2,2292.79,1,3,4,At Risk
CUST025150,723,1,459.3,1,2,2,Lost
CUST025151,65,4,1063.9,4,4,3,Loyal Customer
CUST025153,106,2,3117.4300000000003,3,3,5,Loyal Customer
CUST025155,77,2,370.78,4,3,1,Loyal Customer
CUST025156,841,1,244.18,1,2,1,Lost
CUST025157,16,13,5322.78,5,5,5,Champion
CUST025158,103,4,3356.01,3,4,5,Loyal Customer
CUST025159,171,2,175.45,3,3,1,Loyal Customer
CUST025160,5,4,3320.16,5,4,5,Champion
CUST025163,77,5,2624.3500000000004,4,5,4,Champion
CUST025164,23,4,1543.31,5,4,3,Loyal Customer
CUST025165,61,1,655.71,4,2,2,Needs Attention
CUST025166,860,1,424.55,1,2,1,Lost
CUST025167,154,2,916.8,3,3,3,Loyal Customer
CUST025170,9,19,9620.73,5,5,5,Champion
CUST025171,5,3,1959.4,5,4,4,Champion
CUST025172,12,5,4291.75,5,5,5,Champion
CUST025173,5,3,1982.72,5,4,4,Champion
CUST025174,212,2,730.1999999999999,2,3,2,At Risk
CUST025175,298,1,243.07,2,2,1,Lost
CUST025177,209,2,1261.92,2,3,3,At Risk
CUST025178,230,3,1388.74,2,4,3,At Risk
CUST025179,107,2,686.14,3,3,2,Loyal Customer
CUST025180,30,8,2081.62,5,5,4,Champion
CUST025181,12,5,1438.1599999999999,5,5,3,Loyal Customer
CUST025182,54,3,1354.72,4,4,3,Loyal Customer
CUST025183,537,1,126.03,1,2,1,Lost
CUST025184,63,1,1048.57,4,2,3,Needs Attention
CUST025186,28,4,733.27,5,4,2,Loyal Customer
CUST025187,40,2,2221.26,4,3,4,Loyal Customer
CUST025188,277,1,429.23,2,2,1,Lost
CUST025190,158,4,1364.47,3,4,3,Loyal Customer
CUST025192,26,15,8107.05,5,5,5,Champion
CUST025194,29,7,3511.8999999999996,5,5,5,Champion
CUST025195,841,1,312.15,1,2,1,Lost
CUST025197,566,1,208.53,1,2,1,Lost
CUST025198,263,2,327.59000000000003,2,3,1,At Risk
CUST025200,14,1,486.17,5,2,2,Needs Attention
CUST025201,126,2,361.44,3,3,1,Loyal Customer
CUST025202,11,5,3490.2599999999998,5,5,5,Champion
CUST025205,671,1,156.21,1,2,1,Lost
CUST025206,433,1,330.29,1,2,1,Lost
CUST025207,797,1,471.65,1,2,2,Lost
CUST025209,145,6,3757.93,3,5,5,Loyal Customer
CUST025212,11,5,3741.02,5,5,5,Champion
CUST025213,210,2,770.0,2,3,2,At Risk
CUST025215,275,3,2208.37,2,4,4,At Risk
CUST025218,121,1,643.22,3,2,2,Needs Attention
CUST025219,218,2,771.71,2,3,2,At Risk
CUST025220,361,2,1008.15,2,3,3,At Risk
CUST025224,454,4,5670.63,1,4,5,At Risk
CUST025226,56,17,7910.28,4,5,5,Champion
CUST025227,33,1,440.62,5,2,2,Needs Attention
CUST025228,721,1,690.06,1,2,2,Lost
CUST025230,11,2,640.51,5,3,2,Loyal Customer
CUST025231,132,1,1000.7,3,2,3,Needs Attention
CUST025232,357,3,2984.67,2,4,5,At Risk
CUST025233,50,5,1316.56,4,5,3,Loyal Customer
CUST025234,22,2,1451.5500000000002,5,3,3,Loyal Customer
CUST025235,20,3,1296.14,5,4,3,Loyal Customer
CUST025236,119,4,2269.79,3,4,4,Loyal Customer
CUST025241,277,2,558.47,2,3,2,At Risk
CUST025244,286,1,18.65,2,2,1,Lost
CUST025245,65,1,181.35,4,2,1,Needs Attention
CUST025247,187,1,155.47,3,2,1,Needs Attention
CUST025248,416,1,700.07,1,2,2,Lost
CUST025249,18,4,1446.04,5,4,3,Loyal Customer
CUST025252,15,32,15502.43,5,5,5,Champion
CUST025253,169,1,682.53,3,2,2,Needs Attention
CUST025254,288,1,707.24,2,2,2,Lost
CUST025256,44,1,729.77,4,2,2,Needs Attention
CUST025257,94,2,1318.14,4,3,3,Loyal Customer
CUST025258,44,1,235.74,4,2,1,Needs Attention
CUST025259,566,1,283.51,1,2,1,Lost
CUST025260,973,1,103.79,1,2,1,Lost
CUST025261,493,1,492.49,1,2,2,Lost
CUST025262,9,2,1237.0500000000002,5,3,3,Loyal Customer
CUST025265,158,3,1250.9299999999998,3,4,3,Loyal Customer
CUST025266,706,1,147.8,1,2,1,Lost
CUST025267,250,3,1481.46,2,4,3,At Risk
CUST025268,712,1,157.98,1,2,1,Lost
CUST025270,305,2,341.67,2,3,1,At Risk
CUST025271,73,1,919.48,4,2,3,Needs Attention
CUST025272,100,5,2653.96,4,5,4,Champion
CUST025273,163,2,249.0,3,3,1,Loyal Customer
CUST025274,256,1,1339.48,2,2,3,Lost
CUST025275,248,1,503.98,2,2,2,Lost
CUST025278,44,3,1397.17,4,4,3,Loyal Customer
CUST025279,109,5,3064.63,3,5,5,Loyal Customer
CUST025282,10,4,2895.66,5,4,4,Champion
CUST025286,448,2,1363.58,1,3,3,At Risk
CUST025288,474,1,734.14,1,2,2,Lost
CUST025289,84,1,693.91,4,2,2,Needs Attention
CUST025290,461,1,1616.49,1,2,4,Lost
CUST025291,318,1,843.96,2,2,2,Lost
CUST025292,4,3,1918.6499999999999,5,4,4,Champion
CUST025293,109,2,2124.42,3,3,4,Loyal Customer
CUST025295,43,1,406.3,4,2,1,Needs Attention
CUST025296,81,7,3814.89,4,5,5,Champion
CUST025297,43,3,2300.54,4,4,4,Champion
CUST025298,163,5,2436.29,3,5,4,Loyal Customer
CUST025299,7,8,3482.48,5,5,5,Champion
CUST025300,433,2,2023.1799999999998,1,3,4,At Risk
CUST025301,119,2,896.18,3,3,3,Loyal Customer
CUST025302,125,2,686.3699999999999,3,3,2,Loyal Customer
CUST025303,225,1,958.7,2,2,3,Lost
CUST025304,56,7,3902.08,4,5,5,Champion
CUST025305,53,1,550.21,4,2,2,Needs Attention
CUST025308,134,6,3365.43,3,5,5,Loyal Customer
CUST025312,333,5,2979.7200000000003,2,5,5,At Risk
CUST025313,221,3,2171.9700000000003,2,4,4,At Risk
CUST025314,142,4,2593.33,3,4,4,Loyal Customer
CUST025315,716,1,218.48,1,2,1,Lost
CUST025316,964,1,1181.16,1,2,3,Lost
CUST025317,169,1,583.6,3,2,2,Needs Attention
CUST025318,554,2,2377.51,1,3,4,At Risk
CUST025326,297,3,2377.06,2,4,4,At Risk
CUST025328,308,1,942.3,2,2,3,Lost
CUST025330,962,1,860.06,1,2,2,Lost
CUST025331,136,1,605.52,3,2,2,Needs Attention
CUST025333,425,1,337.43,1,2,1,Lost
CUST025336,75,2,1373.33,4,3,3,Loyal Customer
CUST025338,121,3,1209.04,3,4,3,Loyal Customer
CUST025339,858,1,968.79,1,2,3,Lost
CUST025340,366,1,931.74,2,2,3,Lost
CUST025342,122,15,13478.14,3,5,5,Loyal Customer
CUST025343,197,2,837.9100000000001,3,3,2,Loyal Customer
CUST025345,105,1,77.19,3,2,1,Needs Attention
CUST025346,45,1,1442.96,4,2,3,Needs Attention
CUST025347,55,4,1483.51,4,4,3,Loyal Customer
CUST025348,676,1,1171.97,1,2,3,Lost
CUST025350,75,4,2972.38,4,4,5,Champion
CUST025354,425,3,2205.76,1,4,4,At Risk
CUST025356,127,6,2022.6200000000001,3,5,4,Loyal Customer
CUST025357,330,1,298.11,2,2,1,Lost
CUST025358,41,11,6430.66,4,5,5,Champion
CUST025359,774,1,349.46,1,2,1,Lost
CUST025360,708,1,289.19,1,2,1,Lost
CUST025361,629,1,682.26,1,2,2,Lost
CUST025362,82,2,893.98,4,3,3,Loyal Customer
CUST025365,281,1,518.66,2,2,2,Lost
CUST025366,30,12,6558.74,5,5,5,Champion
CUST025370,483,1,411.18,1,2,1,Lost
CUST025373,59,1,291.01,4,2,1,Needs Attention
CUST025374,145,2,2482.58,3,3,4,Loyal Customer
CUST025377,229,1,559.37,2,2,2,Lost
CUST025378,9,1,1227.9,5,2,3,Needs Attention
CUST025379,34,5,4008.61,5,5,5,Champion
CUST025380,142,2,512.92,3,3,2,Loyal Customer
CUST025381,208,1,410.76,2,2,1,Lost
CUST025382,33,3,1426.1100000000001,5,4,3,Loyal Customer
CUST025384,18,10,7715.0199999999995,5,5,5,Champion
CUST025385,6,3,1758.65,5,4,4,Champion
CUST025386,18,3,1475.83,5,4,3,Loyal Customer
CUST025387,417,1,33.98,1,2,1,Lost
CUST025388,283,1,660.35,2,2,2,Lost
CUST025390,615,2,1244.87,1,3,3,At Risk
CUST025391,379,1,829.56,2,2,2,Lost
CUST025393,348,4,1534.74,2,4,3,At Risk
CUST025395,86,1,509.08,4,2,2,Needs Attention
CUST025396,48,5,3866.12,4,5,5,Champion
CUST025399,137,1,1054.25,3,2,3,Needs Attention
CUST025401,1,44,24234.68,5,5,5,Champion
CUST025403,28,4,1569.01,5,4,4,Champion
CUST025404,297,1,244.73,2,2,1,Lost
CUST025408,214,4,2832.0499999999997,2,4,4,At Risk
CUST025411,242,3,2563.96,2,4,4,At Risk
CUST025413,945,1,456.23,1,2,2,Lost
CUST025414,45,7,2583.33,4,5,4,Champion
CUST025417,9,35,18482.56,5,5,5,Champion
CUST025419,828,1,154.22,1,2,1,Lost
CUST025420,897,2,268.74,1,3,1,At Risk
CUST025421,167,1,294.59,3,2,1,Needs Attention
CUST025422,601,1,1188.2,1,2,3,Lost
CUST025423,536,1,489.3,1,2,2,Lost
CUST025424,994,1,958.92,1,2,3,Lost
CUST025428,32,7,3185.45,5,5,5,Champion
CUST025429,167,2,2000.96,3,3,4,Loyal Customer
CUST025431,70,1,1144.47,4,2,3,Needs Attention
CUST025432,219,4,2973.95,2,4,5,At Risk
CUST025434,156,1,170.54,3,2,1,Needs Attention
CUST025435,570,1,85.29,1,2,1,Lost
CUST025436,397,1,1214.51,1,2,3,Lost
CUST025437,197,2,629.71,3,3,2,Loyal Customer
CUST025438,83,5,5900.75,4,5,5,Champion
CUST025439,96,12,5730.58,4,5,5,Champion
CUST025441,216,1,634.69,2,2,2,Lost
CUST025443,311,3,1569.89,2,4,4,At Risk
CUST025448,717,1,82.29,1,2,1,Lost
CUST025449,225,4,1804.05,2,4,4,At Risk
CUST025450,207,1,32.91,2,2,1,Lost
CUST025451,830,1,152.75,1,2,1,Lost
CUST025452,2,1,1041.94,5,2,3,Needs Attention
CUST025453,284,4,4567.08,2,4,5,At Risk
CUST025455,550,2,685.23,1,3,2,At Risk
CUST025457,340,2,338.31,2,3,1,At Risk
CUST025458,382,2,1697.51,2,3,4,At Risk
CUST025459,127,1,396.23,3,2,1,Needs Attention
CUST025464,961,1,261.06,1,2,1,Lost
CUST025468,785,1,518.31,1,2,2,Lost
CUST025472,14,5,2262.23,5,5,4,Champion
CUST025475,310,1,629.16,2,2,2,Lost
CUST025476,82,6,3738.5,4,5,5,Champion
CUST025477,91,1,636.97,4,2,2,Needs Attention
CUST025480,28,1,576.22,5,2,2,Needs Attention
CUST025481,212,1,312.62,2,2,1,Lost
CUST025482,215,1,249.46,2,2,1,Lost
CUST025484,162,1,309.22,3,2,1,Needs Attention
CUST025485,34,6,3319.99,5,5,5,Champion
CUST025486,824,1,1122.97,1,2,3,Lost
CUST025490,172,3,1618.6499999999999,3,4,4,Loyal Customer
CUST025491,17,6,1552.46,5,5,3,Loyal Customer
CUST025492,167,4,1463.59,3,4,3,Loyal Customer
CUST025493,462,1,191.0,1,2,1,Lost
CUST025495,28,2,945.4300000000001,5,3,3,Loyal Customer
CUST025496,14,3,1855.76,5,4,4,Champion
CUST025498,165,4,2947.67,3,4,5,Loyal Customer
CUST025499,37,2,2009.69,5,3,4,Loyal Customer
CUST025500,662,1,296.51,1,2,1,Lost
CUST025503,263,2,1106.65,2,3,3,At Risk
CUST025507,8,4,2289.27,5,4,4,Champion
CUST025510,57,2,1006.2800000000001,4,3,3,Loyal Customer
CUST025511,69,28,17008.93,4,5,5,Champion
CUST025512,90,2,2812.2799999999997,4,3,4,Loyal Customer
CUST025515,649,1,1048.21,1,2,3,Lost
CUST025516,795,1,447.08,1,2,2,Lost
CUST025517,57,8,2664.15,4,5,4,Champion
CUST025518,79,2,993.69,4,3,3,Loyal Customer
CUST025519,2,164,89693.68000000001,5,5,5,Champion
CUST025521,23,2,513.19,5,3,2,Loyal Customer
CUST025522,68,5,2527.9,4,5,4,Champion
CUST025523,297,1,896.3,2,2,3,Lost
CUST025524,21,4,2855.0699999999997,5,4,4,Champion
CUST025525,55,8,5227.83,4,5,5,Champion
CUST025527,626,1,191.27,1,2,1,Lost
CUST025528,155,4,3820.86,3,4,5,Loyal Customer
CUST025529,476,1,1453.58,1,2,3,Lost
CUST025530,172,1,301.19,3,2,1,Needs Attention
CUST025531,49,2,1322.66,4,3,3,Loyal Customer
CUST025532,3,7,3685.77,5,5,5,Champion
CUST025533,140,3,2743.63,3,4,4,Loyal Customer
CUST025534,16,2,657.1700000000001,5,3,2,Loyal Customer
CUST025535,908,1,1520.2,1,2,3,Lost
CUST025538,68,11,5654.99,4,5,5,Champion
CUST025539,250,1,323.58,2,2,1,Lost
CUST025540,4,7,2230.82,5,5,4,Champion
CUST025541,477,1,1047.5,1,2,3,Lost
CUST025542,161,3,1473.43,3,4,3,Loyal Customer
CUST025544,159,5,2898.97,3,5,4,Loyal Customer
CUST025545,153,1,414.7,3,2,1,Needs Attention
CUST025546,258,2,715.9100000000001,2,3,2,At Risk
CUST025548,281,3,1573.43,2,4,4,At Risk
CUST025551,246,2,1433.35,2,3,3,At Risk
CUST025552,83,9,3955.74,4,5,5,Champion
CUST025553,43,1,426.26,4,2,1,Needs Attention
CUST025556,621,1,405.21,1,2,1,Lost
CUST025557,59,3,2138.71,4,4,4,Champion
CUST025560,285,1,427.7,2,2,1,Lost
CUST025562,153,2,977.37,3,3,3,Loyal Customer
CUST025563,33,5,3340.79,5,5,5,Champion
CUST025564,630,2,455.8,1,3,2,At Risk
CUST025567,137,3,2442.93,3,4,4,Loyal Customer
CUST025569,76,2,1486.65,4,3,3,Loyal Customer
CUST025571,20,2,1567.04,5,3,4,Loyal Customer
CUST025574,94,5,2635.2599999999998,4,5,4,Champion
CUST025575,42,5,1370.16,4,5,3,Loyal Customer
CUST025576,57,6,3098.78,4,5,5,Champion
CUST025577,108,6,5018.1900000000005,3,5,5,Loyal Customer
CUST025580,497,2,3002.84,1,3,5,At Risk
CUST025581,40,8,6802.63,4,5,5,Champion
CUST025585,55,3,2081.33,4,4,4,Champion
CUST025586,244,2,772.49,2,3,2,At Risk
CUST025587,72,6,2877.83,4,5,4,Champion
CUST025589,23,4,2683.45,5,4,4,Champion
CUST025593,208,1,103.35,2,2,1,Lost
CUST025594,555,1,99.93,1,2,1,Lost
CUST025595,26,1,783.75,5,2,2,Needs Attention
CUST025597,52,6,4032.79,4,5,5,Champion
CUST025598,143,1,1193.01,3,2,3,Needs Attention
CUST025601,233,1,812.51,2,2,2,Lost
CUST025602,82,3,1175.3899999999999,4,4,3,Loyal Customer
CUST025603,391,2,611.48,2,3,2,At Risk
CUST025606,482,2,1394.39,1,3,3,At Risk
CUST025608,268,3,1177.08,2,4,3,At Risk
CUST025611,27,9,3363.96,5,5,5,Champion
CUST025612,336,1,86.03,2,2,1,Lost
CUST025613,216,1,242.2,2,2,1,Lost
CUST025615,369,3,2297.94,2,4,4,At Risk
CUST025617,287,1,637.75,2,2,2,Lost
CUST025620,838,1,199.88,1,2,1,Lost
CUST025622,347,1,681.03,2,2,2,Lost
CUST025623,159,2,1232.6399999999999,3,3,3,Loyal Customer
CUST025624,761,1,1000.6,1,2,3,Lost
CUST025625,286,1,34.72,2,2,1,Lost
CUST025626,137,2,216.10999999999999,3,3,1,Loyal Customer
CUST025627,60,7,4144.76,4,5,5,Champion
CUST025628,167,1,76.35,3,2,1,Needs Attention
CUST025630,29,5,3623.9,5,5,5,Champion
CUST025632,21,3,1769.65,5,4,4,Champion
CUST025635,52,6,1966.93,4,5,4,Champion
CUST025636,63,6,3559.11,4,5,5,Champion
CUST025638,22,36,19580.65,5,5,5,Champion
CUST025641,14,6,3038.79,5,5,5,Champion
CUST025643,69,3,833.31,4,4,2,Loyal Customer
CUST025644,481,1,1929.22,1,2,4,Lost
CUST025645,147,1,554.71,3,2,2,Needs Attention
CUST025649,72,2,2152.28,4,3,4,Loyal Customer
CUST025650,162,2,1175.77,3,3,3,Loyal Customer
CUST025654,20,1,298.28,5,2,1,Needs Attention
CUST025655,256,1,733.9,2,2,2,Lost
CUST025657,136,2,541.3,3,3,2,Loyal Customer
CUST025658,117,2,1246.77,3,3,3,Loyal Customer
CUST025659,157,1,210.76,3,2,1,Needs Attention
CUST025660,174,3,1853.68,3,4,4,Loyal Customer
CUST025662,109,10,6778.43,3,5,5,Loyal Customer
CUST025663,7,25,15854.24,5,5,5,Champion
CUST025664,257,2,423.02,2,3,1,At Risk
CUST025666,164,5,4013.27,3,5,5,Loyal Customer
CUST025667,48,3,1220.64,4,4,3,Loyal Customer
CUST025668,526,1,180.6,1,2,1,Lost
CUST025672,37,1,850.38,5,2,2,Needs Attention
CUST025673,112,1,1610.14,3,2,4,Needs Attention
CUST025674,486,1,709.92,1,2,2,Lost
CUST025676,264,1,603.06,2,2,2,Lost
CUST025679,36,1,137.25,5,2,1,Needs Attention
CUST025681,225,1,130.22,2,2,1,Lost
CUST025682,218,1,282.57,2,2,1,Lost
CUST025683,196,1,875.08,3,2,3,Needs Attention
CUST025687,139,5,3200.79,3,5,5,Loyal Customer
CUST025689,42,1,1435.54,4,2,3,Needs Attention
CUST025691,41,4,3749.7400000000002,4,4,5,Champion
CUST025694,919,1,452.14,1,2,2,Lost
CUST025695,706,1,812.6,1,2,2,Lost
CUST025696,97,3,1116.63,4,4,3,Loyal Customer
CUST025698,264,1,562.03,2,2,2,Lost
CUST025699,195,1,558.22,3,2,2,Needs Attention
CUST025700,2,2,889.96,5,3,3,Loyal Customer
CUST025701,123,1,146.76,3,2,1,Needs Attention
CUST025702,209,3,1409.65,2,4,3,At Risk
CUST025703,9,7,2950.2,5,5,5,Champion
CUST025704,49,19,9603.78,4,5,5,Champion
CUST025705,119,2,892.54,3,3,3,Loyal Customer
CUST025710,7,5,3168.05,5,5,5,Champion
CUST025716,182,5,1474.04,3,5,3,Loyal Customer
CUST025718,349,2,1940.7,2,3,4,At Risk
CUST025720,27,3,2186.94,5,4,4,Champion
CUST025722,33,2,517.63,5,3,2,Loyal Customer
CUST025725,1,13,6731.43,5,5,5,Champion
CUST025727,651,2,583.01,1,3,2,At Risk
CUST025728,203,5,4199.2,3,5,5,Loyal Customer
CUST025729,504,1,736.86,1,2,2,Lost
CUST025730,83,5,4044.26,4,5,5,Champion
CUST025731,965,1,517.57,1,2,2,Lost
CUST025732,11,4,2043.14,5,4,4,Champion
CUST025733,56,4,2192.91,4,4,4,Champion
CUST025735,199,1,72.79,3,2,1,Needs Attention
CUST025737,66,11,6954.0,4,5,5,Champion
CUST025739,48,15,5551.45,4,5,5,Champion
CUST025740,666,1,579.75,1,2,2,Lost
CUST025741,12,7,4890.14,5,5,5,Champion
CUST025742,406,4,2548.76,1,4,4,At Risk
CUST025743,74,4,2105.88,4,4,4,Champion
CUST025744,190,1,631.47,3,2,2,Needs Attention
CUST025746,254,2,1038.85,2,3,3,At Risk
CUST025747,12,13,4966.37,5,5,5,Champion
CUST025749,580,1,827.0,1,2,2,Lost
CUST025750,71,2,1941.1599999999999,4,3,4,Loyal Customer
CUST025751,227,4,2856.81,2,4,4,At Risk
CUST025752,13,5,2130.68,5,5,4,Champion
CUST025753,216,3,1474.0500000000002,2,4,3,At Risk
CUST025754,242,1,102.49,2,2,1,Lost
CUST025756,953,1,250.35,1,2,1,Lost
CUST025757,84,3,956.9300000000001,4,4,3,Loyal Customer
CUST025758,65,6,2983.67,4,5,5,Champion
CUST025759,239,3,825.45,2,4,2,At Risk
CUST025760,821,1,1339.22,1,2,3,Lost
CUST025762,91,5,4489.94,4,5,5,Champion
CUST025763,356,1,328.32,2,2,1,Lost
CUST025764,245,3,873.62,2,4,3,At Risk
CUST025765,377,1,338.98,2,2,1,Lost
CUST025767,22,7,2901.49,5,5,4,Champion
CUST025768,77,2,428.62,4,3,1,Loyal Customer
CUST025770,13,1,294.82,5,2,1,Needs Attention
CUST025771,39,3,1566.23,5,4,4,Champion
CUST025773,7,4,2939.41,5,4,5,Champion
CUST025775,224,5,4219.200000000001,2,5,5,At Risk
CUST025776,22,2,802.62,5,3,2,Loyal Customer
CUST025777,65,2,1676.1200000000001,4,3,4,Loyal Customer
CUST025778,24,3,1198.71,5,4,3,Loyal Customer
CUST025783,489,1,511.06,1,2,2,Lost
CUST025784,491,1,134.94,1,2,1,Lost
CUST025785,977,1,914.24,1,2,3,Lost
CUST025786,316,1,1783.87,2,2,4,Lost
CUST025787,108,6,4474.12,3,5,5,Loyal Customer
CUST025789,182,1,896.33,3,2,3,Needs Attention
CUST025790,784,1,587.3,1,2,2,Lost
CUST025791,859,1,535.56,1,2,2,Lost
CUST025792,781,1,136.31,1,2,1,Lost
CUST025793,173,2,1220.4,3,3,3,Loyal Customer
CUST025794,16,2,1514.17,5,3,3,Loyal Customer
CUST025797,516,1,279.6,1,2,1,Lost
CUST025798,439,6,2755.94,1,5,4,At Risk
CUST025800,413,1,82.51,1,2,1,Lost
CUST025802,665,2,576.43,1,3,2,At Risk
CUST025805,7,6,3040.16,5,5,5,Champion
CUST025806,195,1,520.77,3,2,2,Needs Attention
CUST025807,464,1,1136.32,1,2,3,Lost
CUST025808,489,2,2010.4699999999998,1,3,4,At Risk
CUST025809,346,2,803.93,2,3,2,At Risk
CUST025810,12,3,1346.76,5,4,3,Loyal Customer
CUST025811,75,1,241.06,4,2,1,Needs Attention
CUST025812,16,5,2249.44,5,5,4,Champion
CUST025814,102,6,4406.8,3,5,5,Loyal Customer
CUST025816,120,2,325.09000000000003,3,3,1,Loyal Customer
CUST025817,66,2,1453.38,4,3,3,Loyal Customer
CUST025818,94,1,233.62,4,2,1,Needs Attention
CUST025820,63,5,5142.18,4,5,5,Champion
CUST025822,231,3,673.41,2,4,2,At Risk
CUST025823,3,36,20470.96,5,5,5,Champion
CUST025824,75,13,4645.13,4,5,5,Champion
CUST025825,582,2,1008.57,1,3,3,At Risk
CUST025827,292,2,774.5699999999999,2,3,2,At Risk
CUST025828,388,3,367.24,2,4,1,At Risk
CUST025829,631,1,444.87,1,2,2,Lost
CUST025831,260,2,2365.41,2,3,4,At Risk
CUST025832,423,2,983.8199999999999,1,3,3,At Risk
CUST025833,26,15,10176.58,5,5,5,Champion
CUST025834,717,1,1424.29,1,2,3,Lost
CUST025835,39,13,7076.6,5,5,5,Champion
CUST025837,608,2,638.27,1,3,2,At Risk
CUST025839,661,1,687.24,1,2,2,Lost
CUST025840,122,7,2798.14,3,5,4,Loyal Customer
CUST025841,211,2,632.54,2,3,2,At Risk
CUST025842,1,1,521.86,5,2,2,Needs Attention
CUST025843,48,7,4766.87,4,5,5,Champion
CUST025844,814,1,140.31,1,2,1,Lost
CUST025845,247,2,808.37,2,3,2,At Risk
CUST025846,4,9,4736.08,5,5,5,Champion
CUST025847,85,2,1849.78,4,3,4,Loyal Customer
CUST025848,39,8,4848.87,5,5,5,Champion
CUST025849,216,3,696.01,2,4,2,At Risk
CUST025850,257,3,2559.22,2,4,4,At Risk
CUST025853,159,3,964.15,3,4,3,Loyal Customer
CUST025854,594,2,1088.68,1,3,3,At Risk
CUST025856,3,9,6466.0,5,5,5,Champion
CUST025861,3,29,13087.95,5,5,5,Champion
CUST025864,291,1,394.62,2,2,1,Lost
CUST025865,64,11,7771.02,4,5,5,Champion
CUST025866,540,2,774.23,1,3,2,At Risk
CUST025867,95,2,311.43,4,3,1,Loyal Customer
CUST025869,539,1,33.98,1,2,1,Lost
CUST025870,42,10,7657.37,4,5,5,Champion
CUST025871,90,2,2071.54,4,3,4,Loyal Customer
CUST025872,196,1,622.58,3,2,2,Needs Attention
CUST025875,171,2,1968.0099999999998,3,3,4,Loyal Customer
CUST025877,177,1,157.2,3,2,1,Needs Attention
CUST025878,98,3,2777.17,4,4,4,Champion
CUST025879,33,18,10186.56,5,5,5,Champion
CUST025882,26,4,2228.7599999999998,5,4,4,Champion
CUST025883,204,1,740.49,2,2,2,Lost
CUST025888,313,6,3653.58,2,5,5,At Risk
CUST025892,76,5,5048.92,4,5,5,Champion
CUST025893,256,4,2460.0299999999997,2,4,4,At Risk
CUST025894,42,5,1794.4,4,5,4,Champion
CUST025896,120,8,3723.73,3,5,5,Loyal Customer
CUST025897,24,2,1163.19,5,3,3,Loyal Customer
CUST025898,500,2,1045.55,1,3,3,At Risk
CUST025899,111,1,284.13,3,2,1,Needs Attention
CUST025900,608,1,179.94,1,2,1,Lost
CUST025901,146,2,1338.77,3,3,3,Loyal Customer
CUST025902,22,2,1190.54,5,3,3,Loyal Customer
CUST025904,2,51,21264.75,5,5,5,Champion
CUST025905,479,2,1293.79,1,3,3,At Risk
CUST025906,407,1,515.29,1,2,2,Lost
CUST025907,113,5,5111.59,3,5,5,Loyal Customer
CUST025908,98,1,657.49,4,2,2,Needs Attention
CUST025910,57,3,2281.96,4,4,4,Champion
CUST025913,183,1,568.49,3,2,2,Needs Attention
CUST025914,12,2,969.22,5,3,3,Loyal Customer
CUST025917,461,1,374.26,1,2,1,Lost
CUST025919,475,1,348.74,1,2,1,Lost
CUST025921,547,1,682.53,1,2,2,Lost
CUST025923,895,1,45.87,1,2,1,Lost
CUST025924,7,7,4342.15,5,5,5,Champion
CUST025925,49,1,476.78,4,2,2,Needs Attention
CUST025928,439,1,389.22,1,2,1,Lost
CUST025929,183,7,3932.7599999999998,3,5,5,Loyal Customer
CUST025930,401,2,470.18,1,3,2,At Risk
CUST025934,12,10,6481.8099999999995,5,5,5,Champion
CUST025935,177,2,1332.02,3,3,3,Loyal Customer
CUST025937,495,2,937.9200000000001,1,3,3,At Risk
CUST025940,207,2,833.65,2,3,2,At Risk
CUST025941,736,1,307.14,1,2,1,Lost
CUST025942,136,2,579.43,3,3,2,Loyal Customer
CUST025944,196,2,460.16,3,3,2,Loyal Customer
CUST025945,657,1,130.79,1,2,1,Lost
CUST025946,339,1,657.75,2,2,2,Lost
CUST025948,137,1,3136.45,3,2,5,Needs Attention
CUST025949,162,8,3823.5,3,5,5,Loyal Customer
CUST025950,60,2,1222.39,4,3,3,Loyal Customer
CUST025952,69,17,12602.6,4,5,5,Champion
CUST025954,88,3,1536.62,4,4,3,Loyal Customer
CUST025955,77,1,503.18,4,2,2,Needs Attention
CUST025958,42,5,3017.45,4,5,5,Champion
CUST025959,35,2,1678.02,5,3,4,Loyal Customer
CUST025960,748,1,641.4,1,2,2,Lost
CUST025961,296,1,519.32,2,2,2,Lost
CUST025962,459,1,196.09,1,2,1,Lost
CUST025963,268,1,957.98,2,2,3,Lost
CUST025966,71,1,269.81,4,2,1,Needs Attention
CUST025967,138,2,495.1,3,3,2,Loyal Customer
CUST025972,59,3,1759.08,4,4,4,Champion
CUST025974,822,2,284.7,1,3,1,At Risk
CUST025976,206,1,863.46,2,2,2,Lost
CUST025977,1,48,26257.48,5,5,5,Champion
CUST025980,20,9,11035.67,5,5,5,Champion
CUST025982,410,3,1157.16,1,4,3,At Risk
CUST025984,266,7,2310.8,2,5,4,At Risk
CUST025986,66,5,3261.81,4,5,5,Champion
CUST025987,106,3,649.74,3,4,2,Loyal Customer
CUST025989,591,1,333.84,1,2,1,Lost
CUST025990,103,1,418.56,3,2,1,Needs Attention
CUST025991,557,1,963.51,1,2,3,Lost
CUST025992,324,3,1419.59,2,4,3,At Risk
CUST025993,364,1,56.77,2,2,1,Lost
CUST025994,492,2,705.41,1,3,2,At Risk
CUST025995,67,6,2960.3199999999997,4,5,5,Champion
CUST026000,169,5,3577.84,3,5,5,Loyal Customer
CUST026001,18,3,2411.94,5,4,4,Champion
CUST026002,288,2,1124.11,2,3,3,At Risk
CUST026003,375,1,431.06,2,2,1,Lost
CUST026007,788,1,48.03,1,2,1,Lost
CUST026011,59,2,718.3399999999999,4,3,2,Loyal Customer
CUST026012,670,1,639.56,1,2,2,Lost
CUST026013,128,6,4726.7,3,5,5,Loyal Customer
CUST026014,154,2,545.0,3,3,2,Loyal Customer
CUST026016,7,5,2620.94,5,5,4,Champion
CUST026017,172,5,2714.9900000000002,3,5,4,Loyal Customer
CUST026018,109,7,4849.1900000000005,3,5,5,Loyal Customer
CUST026019,37,9,3247.82,5,5,5,Champion
CUST026020,144,2,289.72,3,3,1,Loyal Customer
CUST026021,210,4,1906.47,2,4,4,At Risk
CUST026022,136,3,2041.2100000000003,3,4,4,Loyal Customer
CUST026025,349,1,476.52,2,2,2,Lost
CUST026026,27,2,1902.82,5,3,4,Loyal Customer
CUST026027,53,17,7895.43,4,5,5,Champion
CUST026029,98,2,497.0,4,3,2,Loyal Customer
CUST026030,62,5,2002.81,4,5,4,Champion
CUST026031,52,4,2569.92,4,4,4,Champion
CUST026032,578,1,270.59,1,2,1,Lost
CUST026033,104,2,1561.53,3,3,4,Loyal Customer
CUST026034,455,1,1111.44,1,2,3,Lost
CUST026035,47,4,2215.31,4,4,4,Champion
CUST026036,413,1,500.4,1,2,2,Lost
CUST026039,141,1,422.88,3,2,1,Needs Attention
CUST026041,1006,1,320.33,1,2,1,Lost
CUST026042,295,2,897.77,2,3,3,At Risk
CUST026044,4,1,342.46,5,2,1,Needs Attention
CUST026045,32,2,360.74,5,3,1,Loyal Customer
CUST026050,230,5,3643.1099999999997,2,5,5,At Risk
CUST026051,123,4,1465.1,3,4,3,Loyal Customer
CUST026053,60,3,1469.91,4,4,3,Loyal Customer
CUST026054,60,1,789.05,4,2,2,Needs Attention
CUST026057,653,1,803.9,1,2,2,Lost
CUST026060,177,2,896.78,3,3,3,Loyal Customer
CUST026061,487,1,471.65,1,2,2,Lost
CUST026063,451,1,617.98,1,2,2,Lost
CUST026064,448,3,1264.92,1,4,3,At Risk
CUST026066,828,1,336.98,1,2,1,Lost
CUST026068,578,1,437.32,1,2,2,Lost
CUST026069,15,12,4392.3,5,5,5,Champion
CUST026072,227,1,220.05,2,2,1,Lost
CUST026075,63,2,1003.34,4,3,3,Loyal Customer
CUST026076,96,1,62.01,4,2,1,Needs Attention
CUST026077,16,21,13639.880000000001,5,5,5,Champion
CUST026078,297,2,667.64,2,3,2,At Risk
CUST026079,46,7,3560.1,4,5,5,Champion
CUST026083,59,2,596.73,4,3,2,Loyal Customer
CUST026085,202,16,9221.65,3,5,5,Loyal Customer
CUST026087,56,4,891.0999999999999,4,4,3,Loyal Customer
CUST026089,160,1,209.44,3,2,1,Needs Attention
CUST026090,4,47,29568.02,5,5,5,Champion
CUST026091,163,3,3228.83,3,4,5,Loyal Customer
CUST026092,253,2,1600.3600000000001,2,3,4,At Risk
CUST026093,36,2,2387.86,5,3,4,Loyal Customer
CUST026094,4,10,5225.74,5,5,5,Champion
CUST026095,1,3,1125.3500000000001,5,4,3,Loyal Customer
CUST026096,144,3,2055.98,3,4,4,Loyal Customer
CUST026097,144,2,1160.02,3,3,3,Loyal Customer
CUST026099,294,4,1438.11,2,4,3,At Risk
CUST026100,153,3,1879.75,3,4,4,Loyal Customer
CUST026102,10,2,1515.8,5,3,3,Loyal Customer
CUST026105,130,1,53.8,3,2,1,Needs Attention
CUST026106,44,4,1667.71,4,4,4,Champion
CUST026107,481,2,719.99,1,3,2,At Risk
CUST026108,201,3,2452.66,3,4,4,Loyal Customer
CUST026109,374,1,207.12,2,2,1,Lost
CUST026110,81,4,1204.87,4,4,3,Loyal Customer
CUST026112,137,5,4001.8999999999996,3,5,5,Loyal Customer
CUST026113,130,1,433.88,3,2,1,Needs Attention
CUST026114,578,1,156.1,1,2,1,Lost
CUST026115,43,7,4685.22,4,5,5,Champion
CUST026116,171,1,480.06,3,2,2,Needs Attention
CUST026119,139,14,8405.86,3,5,5,Loyal Customer
CUST026120,169,2,2344.64,3,3,4,Loyal Customer
CUST026121,296,4,1974.4499999999998,2,4,4,At Risk
CUST026124,223,2,953.3900000000001,2,3,3,At Risk
CUST026126,182,1,39.49,3,2,1,Needs Attention
CUST026127,677,1,985.43,1,2,3,Lost
CUST026128,634,1,499.96,1,2,2,Lost
CUST026132,130,6,1509.47,3,5,3,Loyal Customer
CUST026133,38,7,4969.87,5,5,5,Champion
CUST026134,48,2,1176.73,4,3,3,Loyal Customer
CUST026136,819,1,550.21,1,2,2,Lost
CUST026137,60,1,573.71,4,2,2,Needs Attention
CUST026138,386,2,817.25,2,3,2,At Risk
CUST026139,14,4,1565.63,5,4,4,Champion
CUST026140,299,2,1365.3,2,3,3,At Risk
CUST026142,4,35,13547.36,5,5,5,Champion
CUST026144,69,3,1648.22,4,4,4,Champion
CUST026145,420,1,759.11,1,2,2,Lost
CUST026146,126,3,2864.08,3,4,4,Loyal Customer
CUST026148,337,2,1414.58,2,3,3,At Risk
CUST026150,194,5,4271.49,3,5,5,Loyal Customer
CUST026152,68,3,2110.21,4,4,4,Champion
CUST026153,31,22,14128.470000000001,5,5,5,Champion
CUST026154,106,2,3369.83,3,3,5,Loyal Customer
CUST026155,14,15,7275.72,5,5,5,Champion
CUST026157,12,6,3202.77,5,5,5,Champion
CUST026159,608,1,194.47,1,2,1,Lost
CUST026160,326,2,535.19,2,3,2,At Risk
CUST026161,699,1,1651.18,1,2,4,Lost
CUST026162,90,3,759.5,4,4,2,Loyal Customer
CUST026163,420,1,672.26,1,2,2,Lost
CUST026164,14,12,8086.79,5,5,5,Champion
CUST026166,407,2,1048.53,1,3,3,At Risk
CUST026167,194,3,791.9,3,4,2,Loyal Customer
CUST026168,107,8,4007.56,3,5,5,Loyal Customer
CUST026169,175,2,1294.53,3,3,3,Loyal Customer
CUST026170,215,2,1635.19,2,3,4,At Risk
CUST026171,42,1,1677.3,4,2,4,Needs Attention
CUST026172,228,1,1005.95,2,2,3,Lost
CUST026173,218,3,1854.49,2,4,4,At Risk
CUST026174,12,2,600.78,5,3,2,Loyal Customer
CUST026175,367,3,1432.5,2,4,3,At Risk
CUST026176,993,1,335.86,1,2,1,Lost
CUST026177,194,4,2939.76,3,4,5,Loyal Customer
CUST026178,56,1,217.64,4,2,1,Needs Attention
CUST026179,420,1,569.1,1,2,2,Lost
CUST026180,93,6,2289.79,4,5,4,Champion
CUST026181,37,5,1773.39,5,5,4,Champion
CUST026184,258,2,1771.0500000000002,2,3,4,At Risk
CUST026188,37,4,2802.3,5,4,4,Champion
CUST026193,482,1,732.39,1,2,2,Lost
CUST026197,131,1,61.84,3,2,1,Needs Attention
CUST026199,496,1,516.91,1,2,2,Lost
CUST026200,321,1,451.91,2,2,2,Lost
CUST026202,907,1,74.83,1,2,1,Lost
CUST026205,517,1,786.94,1,2,2,Lost
CUST026207,358,1,803.63,2,2,2,Lost
CUST026211,783,1,469.8,1,2,2,Lost
CUST026213,223,3,1539.03,2,4,3,At Risk
CUST026215,36,7,4605.6900000000005,5,5,5,Champion
CUST026216,22,5,4489.16,5,5,5,Champion
CUST026217,19,11,3799.08,5,5,5,Champion
CUST026218,6,3,3602.0699999999997,5,4,5,Champion
CUST026219,42,14,10122.18,4,5,5,Champion
CUST026220,17,3,3442.1499999999996,5,4,5,Champion
CUST026223,298,1,496.42,2,2,2,Lost
CUST026224,199,1,737.27,3,2,2,Needs Attention
CUST026225,95,1,1177.54,4,2,3,Needs Attention
CUST026226,25,10,6203.87,5,5,5,Champion
CUST026227,6,17,9568.67,5,5,5,Champion
CUST026231,730,1,22.72,1,2,1,Lost
CUST026232,195,2,1470.95,3,3,3,Loyal Customer
CUST026233,85,6,4696.7,4,5,5,Champion
CUST026234,9,7,2609.71,5,5,4,Champion
CUST026237,10,2,1409.06,5,3,3,Loyal Customer
CUST026238,150,2,1850.53,3,3,4,Loyal Customer
CUST026239,790,1,292.76,1,2,1,Lost
CUST026240,20,28,17206.079999999998,5,5,5,Champion
CUST026243,32,14,8116.04,5,5,5,Champion
CUST026244,102,4,1622.48,3,4,4,Loyal Customer
CUST026245,257,2,2452.17,2,3,4,At Risk
CUST026246,112,1,320.4,3,2,1,Needs Attention
CUST026247,679,1,948.0,1,2,3,Lost
CUST026250,417,1,100.49,1,2,1,Lost
CUST026251,541,1,581.35,1,2,2,Lost
CUST026255,131,2,1101.47,3,3,3,Loyal Customer
CUST026256,9,11,5049.0,5,5,5,Champion
CUST026257,152,6,4638.42,3,5,5,Loyal Customer
CUST026258,250,1,290.73,2,2,1,Lost
CUST026261,227,5,5195.92,2,5,5,At Risk
CUST026262,261,1,758.71,2,2,2,Lost
CUST026264,653,1,670.21,1,2,2,Lost
CUST026267,216,6,3308.7599999999998,2,5,5,At Risk
CUST026268,280,1,631.35,2,2,2,Lost
CUST026269,439,1,207.83,1,2,1,Lost
CUST026271,34,20,8102.42,5,5,5,Champion
CUST026272,204,1,97.79,2,2,1,Lost
CUST026275,155,5,2719.5099999999998,3,5,4,Loyal Customer
CUST026276,287,1,1068.43,2,2,3,Lost
CUST026277,897,1,586.2,1,2,2,Lost
CUST026279,132,4,1181.81,3,4,3,Loyal Customer
CUST026282,764,1,277.93,1,2,1,Lost
CUST026283,142,7,4280.71,3,5,5,Loyal Customer
CUST026284,362,1,252.29,2,2,1,Lost
CUST026286,82,6,1892.21,4,5,4,Champion
CUST026287,7,2,921.24,5,3,3,Loyal Customer
CUST026288,49,4,1880.3300000000002,4,4,4,Champion
CUST026290,13,10,5072.38,5,5,5,Champion
CUST026291,267,1,1806.61,2,2,4,Lost
CUST026292,880,1,886.69,1,2,3,Lost
CUST026294,88,8,4185.29,4,5,5,Champion
CUST026295,470,2,1238.1299999999999,1,3,3,At Risk
CUST026296,259,2,941.6899999999999,2,3,3,At Risk
CUST026298,114,1,302.31,3,2,1,Needs Attention
CUST026299,228,1,1859.08,2,2,4,Lost
CUST026300,31,11,5927.2,5,5,5,Champion
CUST026301,17,2,1895.99,5,3,4,Loyal Customer
CUST026303,368,1,31.0,2,2,1,Lost
CUST026304,286,3,1247.97,2,4,3,At Risk
CUST026306,24,2,770.52,5,3,2,Loyal Customer
CUST026308,373,2,997.56,2,3,3,At Risk
CUST026309,339,1,150.92,2,2,1,Lost
CUST026310,71,1,335.89,4,2,1,Needs Attention
CUST026314,346,2,1635.6,2,3,4,At Risk
CUST026315,477,1,343.23,1,2,1,Lost
CUST026316,479,1,197.83,1,2,1,Lost
CUST026319,167,1,61.34,3,2,1,Needs Attention
CUST026320,79,16,12852.45,4,5,5,Champion
CUST026321,156,4,2430.29,3,4,4,Loyal Customer
CUST026322,103,3,777.08,3,4,2,Loyal Customer
CUST026324,180,2,435.95,3,3,1,Loyal Customer
CUST026326,85,5,4172.07,4,5,5,Champion
CUST026327,96,2,1334.42,4,3,3,Loyal Customer
CUST026330,781,1,1905.55,1,2,4,Lost
CUST026331,16,3,1005.4699999999999,5,4,3,Loyal Customer
CUST026336,113,3,3023.44,3,4,5,Loyal Customer
CUST026339,114,1,1909.09,3,2,4,Needs Attention
CUST026340,353,1,263.53,2,2,1,Lost
CUST026341,779,1,123.7,1,2,1,Lost
CUST026346,47,7,2877.04,4,5,4,Champion
CUST026348,170,1,243.98,3,2,1,Needs Attention
CUST026353,114,6,3364.31,3,5,5,Loyal Customer
CUST026355,53,2,723.85,4,3,2,Loyal Customer
CUST026358,175,3,3627.8199999999997,3,4,5,Loyal Customer
CUST026359,152,5,2096.3199999999997,3,5,4,Loyal Customer
CUST026362,96,2,1082.86,4,3,3,Loyal Customer
CUST026364,41,4,1870.16,4,4,4,Champion
CUST026366,87,7,3071.69,4,5,5,Champion
CUST026367,661,2,1432.1399999999999,1,3,3,At Risk
CUST026368,326,2,320.64,2,3,1,At Risk
CUST026369,595,1,351.42,1,2,1,Lost
CUST026370,116,4,1596.94,3,4,4,Loyal Customer
CUST026372,87,2,701.21,4,3,2,Loyal Customer
CUST026374,103,3,1979.87,3,4,4,Loyal Customer
CUST026375,1002,1,741.02,1,2,2,Lost
CUST026379,466,1,462.7,1,2,2,Lost
CUST026380,146,1,649.59,3,2,2,Needs Attention
CUST026381,31,3,3430.1,5,4,5,Champion
CUST026382,70,6,3547.25,4,5,5,Champion
CUST026383,15,10,7848.65,5,5,5,Champion
CUST026385,70,2,932.47,4,3,3,Loyal Customer
CUST026386,61,3,1216.65,4,4,3,Loyal Customer
CUST026387,372,1,335.9,2,2,1,Lost
CUST026389,44,3,1979.6,4,4,4,Champion
CUST026390,240,1,591.43,2,2,2,Lost
CUST026391,485,1,763.46,1,2,2,Lost
CUST026392,915,1,39.39,1,2,1,Lost
CUST026393,483,1,670.17,1,2,2,Lost
CUST026395,345,2,716.5699999999999,2,3,2,At Risk
CUST026396,226,1,1587.31,2,2,4,Lost
CUST026397,143,3,808.3199999999999,3,4,2,Loyal Customer
CUST026398,354,1,191.24,2,2,1,Lost
CUST026399,216,1,579.37,2,2,2,Lost
CUST026400,158,1,547.89,3,2,2,Needs Attention
CUST026401,24,4,2293.4,5,4,4,Champion
CUST026402,184,4,1371.04,3,4,3,Loyal Customer
CUST026403,160,3,2838.26,3,4,4,Loyal Customer
CUST026406,324,3,1995.3400000000001,2,4,4,At Risk
CUST026409,590,1,999.13,1,2,3,Lost
CUST026413,271,2,583.66,2,3,2,At Risk
CUST026415,83,1,1079.5,4,2,3,Needs Attention
CUST026420,336,2,704.74,2,3,2,At Risk
CUST026421,8,9,4831.12,5,5,5,Champion
CUST026423,691,1,152.75,1,2,1,Lost
CUST026427,631,1,2528.14,1,2,4,Lost
CUST026428,781,1,1204.86,1,2,3,Lost
CUST026429,288,2,360.91999999999996,2,3,1,At Risk
CUST026430,68,4,1895.93,4,4,4,Champion
CUST026432,165,2,343.0,3,3,1,Loyal Customer
CUST026433,103,3,2652.44,3,4,4,Loyal Customer
CUST026435,332,1,61.34,2,2,1,Lost
CUST026436,18,47,27166.91,5,5,5,Champion
CUST026438,471,1,1396.95,1,2,3,Lost
CUST026439,18,3,1094.92,5,4,3,Loyal Customer
CUST026440,198,2,400.49,3,3,1,Loyal Customer
CUST026443,165,2,899.13,3,3,3,Loyal Customer
CUST026444,53,3,2044.6599999999999,4,4,4,Champion
CUST026445,3,13,7918.7300000000005,5,5,5,Champion
CUST026446,539,2,880.99,1,3,3,At Risk
CUST026447,842,1,342.6,1,2,1,Lost
CUST026448,51,29,15622.9,4,5,5,Champion
CUST026450,331,2,989.07,2,3,3,At Risk
CUST026451,223,2,227.91,2,3,1,At Risk
CUST026453,178,2,1341.7,3,3,3,Loyal Customer
CUST026454,390,2,1044.47,2,3,3,At Risk
CUST026457,744,1,426.31,1,2,1,Lost
CUST026458,486,1,487.18,1,2,2,Lost
CUST026459,171,2,2092.66,3,3,4,Loyal Customer
CUST026460,190,1,52.9,3,2,1,Needs Attention
CUST026463,401,1,295.69,1,2,1,Lost
CUST026464,243,2,1354.89,2,3,3,At Risk
CUST026465,57,6,2901.93,4,5,5,Champion
CUST026470,2,6,3650.73,5,5,5,Champion
CUST026471,824,1,386.28,1,2,1,Lost
CUST026472,308,1,581.86,2,2,2,Lost
CUST026473,689,1,1143.9,1,2,3,Lost
CUST026474,186,1,340.99,3,2,1,Needs Attention
CUST026475,561,1,103.18,1,2,1,Lost
CUST026476,137,3,1790.51,3,4,4,Loyal Customer
CUST026479,32,5,3002.8,5,5,5,Champion
CUST026480,107,5,2442.36,3,5,4,Loyal Customer
CUST026482,453,1,653.96,1,2,2,Lost
CUST026483,250,2,494.12,2,3,2,At Risk
CUST026484,1038,1,298.93,1,2,1,Lost
CUST026486,391,1,746.76,2,2,2,Lost
CUST026487,10,13,8096.46,5,5,5,Champion
CUST026489,54,2,988.4000000000001,4,3,3,Loyal Customer
CUST026490,449,1,496.42,1,2,2,Lost
CUST026491,183,5,2292.46,3,5,4,Loyal Customer
CUST026492,538,2,414.93,1,3,1,At Risk
CUST026496,471,1,692.71,1,2,2,Lost
CUST026497,219,5,1237.97,2,5,3,At Risk
CUST026498,146,4,1604.99,3,4,4,Loyal Customer
CUST026501,422,1,672.51,1,2,2,Lost
CUST026505,28,8,5320.14,5,5,5,Champion
CUST026508,34,4,2663.87,5,4,4,Champion
CUST026509,119,2,1541.1399999999999,3,3,3,Loyal Customer
CUST026513,123,5,4227.88,3,5,5,Loyal Customer
CUST026517,108,5,3113.48,3,5,5,Loyal Customer
CUST026520,657,1,30.67,1,2,1,Lost
CUST026521,31,2,1555.24,5,3,3,Loyal Customer
CUST026522,550,2,1661.77,1,3,4,At Risk
CUST026524,56,6,3276.04,4,5,5,Champion
CUST026525,93,1,1344.39,4,2,3,Needs Attention
CUST026526,227,2,595.4,2,3,2,At Risk
CUST026527,674,1,620.15,1,2,2,Lost
CUST026529,44,10,5807.4800000000005,4,5,5,Champion
CUST026530,130,9,3428.33,3,5,5,Loyal Customer
CUST026531,319,1,492.23,2,2,2,Lost
CUST026534,113,5,1990.48,3,5,4,Loyal Customer
CUST026535,97,1,657.17,4,2,2,Needs Attention
CUST026536,608,1,862.26,1,2,2,Lost
CUST026537,867,1,312.92,1,2,1,Lost
CUST026538,119,1,808.46,3,2,2,Needs Attention
CUST026540,32,3,1445.86,5,4,3,Loyal Customer
CUST026541,304,3,418.91999999999996,2,4,1,At Risk
CUST026542,187,1,434.79,3,2,1,Needs Attention
CUST026543,198,4,2107.4700000000003,3,4,4,Loyal Customer
CUST026545,68,4,2291.3500000000004,4,4,4,Champion
CUST026548,154,2,658.55,3,3,2,Loyal Customer
CUST026550,14,6,2604.6,5,5,4,Champion
CUST026553,83,14,5610.26,4,5,5,Champion
CUST026555,9,2,1975.23,5,3,4,Loyal Customer
CUST026557,407,1,99.93,1,2,1,Lost
CUST026558,92,1,239.04,4,2,1,Needs Attention
CUST026559,63,8,3169.52,4,5,5,Champion
CUST026561,461,2,1222.22,1,3,3,At Risk
CUST026563,515,4,1637.64,1,4,4,At Risk
CUST026564,581,1,489.83,1,2,2,Lost
CUST026566,773,2,655.39,1,3,2,At Risk
CUST026568,24,1,397.72,5,2,1,Needs Attention
CUST026570,8,1,583.02,5,2,2,Needs Attention
CUST026574,84,1,598.86,4,2,2,Needs Attention
CUST026575,49,1,559.29,4,2,2,Needs Attention
CUST026576,262,1,383.22,2,2,1,Lost
CUST026578,24,12,5156.0599999999995,5,5,5,Champion
CUST026579,400,2,1092.96,1,3,3,At Risk
CUST026580,652,1,637.65,1,2,2,Lost
CUST026581,330,2,187.37,2,3,1,At Risk
CUST026582,65,1,251.21,4,2,1,Needs Attention
CUST026583,90,5,1788.82,4,5,4,Champion
CUST026584,214,7,1683.75,2,5,4,At Risk
CUST026585,224,2,619.53,2,3,2,At Risk
CUST026586,203,1,471.65,3,2,2,Needs Attention
CUST026587,31,3,1026.19,5,4,3,Loyal Customer
CUST026589,238,2,487.05,2,3,2,At Risk
CUST026592,61,1,247.0,4,2,1,Needs Attention
CUST026593,303,1,607.79,2,2,2,Lost
CUST026594,57,3,1536.04,4,4,3,Loyal Customer
CUST026595,18,2,741.35,5,3,2,Loyal Customer
CUST026596,57,1,573.95,4,2,2,Needs Attention
CUST026599,79,2,1368.39,4,3,3,Loyal Customer
CUST026600,199,4,4578.08,3,4,5,Loyal Customer
CUST026601,11,9,5116.22,5,5,5,Champion
CUST026604,21,22,11242.91,5,5,5,Champion
CUST026606,5,3,3323.94,5,4,5,Champion
CUST026609,73,1,907.48,4,2,3,Needs Attention
CUST026611,296,6,1776.46,2,5,4,At Risk
CUST026612,102,1,885.03,3,2,3,Needs Attention
CUST026614,285,2,794.19,2,3,2,At Risk
CUST026615,77,6,4770.58,4,5,5,Champion
CUST026616,843,1,357.43,1,2,1,Lost
CUST026617,358,2,1467.27,2,3,3,At Risk
CUST026620,375,3,3333.2799999999997,2,4,5,At Risk
CUST026621,18,2,1389.35,5,3,3,Loyal Customer
CUST026623,113,8,5604.17,3,5,5,Loyal Customer
CUST026624,671,1,1815.42,1,2,4,Lost
CUST026625,56,1,838.8,4,2,2,Needs Attention
CUST026627,62,4,2114.9300000000003,4,4,4,Champion
CUST026628,58,4,1273.1799999999998,4,4,3,Loyal Customer
CUST026630,284,1,295.19,2,2,1,Lost
CUST026632,176,1,154.68,3,2,1,Needs Attention
CUST026633,76,1,187.87,4,2,1,Needs Attention
CUST026638,32,1,19.19,5,2,1,Needs Attention
CUST026640,7,2,457.24,5,3,2,Loyal Customer
CUST026641,638,2,1612.49,1,3,4,At Risk
CUST026642,139,1,207.47,3,2,1,Needs Attention
CUST026643,833,1,239.81,1,2,1,Lost
CUST026644,422,1,636.97,1,2,2,Lost
CUST026645,4,14,8689.67,5,5,5,Champion
CUST026646,422,2,384.81,1,3,1,At Risk
CUST026648,37,3,1523.72,5,4,3,Loyal Customer
CUST026649,56,1,759.85,4,2,2,Needs Attention
CUST026650,37,10,4777.34,5,5,5,Champion
CUST026651,72,6,2561.83,4,5,4,Champion
CUST026654,28,4,3196.98,5,4,5,Champion
CUST026655,66,13,8795.68,4,5,5,Champion
CUST026658,115,3,923.32,3,4,3,Loyal Customer
CUST026661,170,1,540.5,3,2,2,Needs Attention
CUST026662,72,6,3172.87,4,5,5,Champion
CUST026663,175,4,1315.5,3,4,3,Loyal Customer
CUST026664,23,2,472.79999999999995,5,3,2,Loyal Customer
CUST026665,662,1,337.43,1,2,1,Lost
CUST026666,325,3,696.3199999999999,2,4,2,At Risk
CUST026669,15,9,3899.38,5,5,5,Champion
CUST026670,463,1,160.87,1,2,1,Lost
CUST026672,43,11,5770.05,4,5,5,Champion
CUST026673,4,12,9855.57,5,5,5,Champion
CUST026674,14,8,3271.56,5,5,5,Champion
CUST026675,966,1,323.75,1,2,1,Lost
CUST026677,37,1,130.56,5,2,1,Needs Attention
CUST026678,354,2,815.4,2,3,2,At Risk
CUST026679,28,29,16626.12,5,5,5,Champion
CUST026680,32,10,7096.24,5,5,5,Champion
CUST026681,221,2,491.91999999999996,2,3,2,At Risk
CUST026683,318,2,1467.95,2,3,3,At Risk
CUST026684,170,4,2392.84,3,4,4,Loyal Customer
CUST026685,608,1,300.93,1,2,1,Lost
CUST026687,359,2,1259.56,2,3,3,At Risk
CUST026689,64,4,4718.92,4,4,5,Champion
CUST026692,4,11,6308.5,5,5,5,Champion
CUST026693,73,20,8445.56,4,5,5,Champion
CUST026695,79,3,1057.5,4,4,3,Loyal Customer
CUST026696,94,14,5910.24,4,5,5,Champion
CUST026697,108,6,4368.53,3,5,5,Loyal Customer
CUST026700,55,5,2905.19,4,5,5,Champion
CUST026702,133,5,1829.8700000000001,3,5,4,Loyal Customer
CUST026703,478,3,1198.8400000000001,1,4,3,At Risk
CUST026704,73,3,1066.84,4,4,3,Loyal Customer
CUST026706,538,1,527.06,1,2,2,Lost
CUST026709,224,1,166.56,2,2,1,Lost
CUST026710,123,5,2409.15,3,5,4,Loyal Customer
CUST026713,285,8,4886.49,2,5,5,At Risk
CUST026714,44,10,6809.74,4,5,5,Champion
CUST026716,192,1,136.1,3,2,1,Needs Attention
CUST026718,149,1,391.94,3,2,1,Needs Attention
CUST026719,81,2,3002.96,4,3,5,Loyal Customer
CUST026720,295,3,1595.11,2,4,4,At Risk
CUST026721,167,2,741.6199999999999,3,3,2,Loyal Customer
CUST026724,117,3,1973.01,3,4,4,Loyal Customer
CUST026725,222,2,2330.54,2,3,4,At Risk
CUST026726,13,10,5325.84,5,5,5,Champion
CUST026727,23,7,3195.3599999999997,5,5,5,Champion
CUST026728,89,4,1658.6100000000001,4,4,4,Champion
CUST026731,341,2,2004.19,2,3,4,At Risk
CUST026735,11,7,2202.5099999999998,5,5,4,Champion
CUST026738,35,9,3597.1000000000004,5,5,5,Champion
CUST026741,92,3,838.33,4,4,2,Loyal Customer
CUST026742,93,1,1280.68,4,2,3,Needs Attention
CUST026743,322,2,792.46,2,3,2,At Risk
CUST026744,515,2,1324.59,1,3,3,At Risk
CUST026746,108,2,749.86,3,3,2,Loyal Customer
CUST026747,42,1,1456.27,4,2,3,Needs Attention
CUST026748,196,2,537.1700000000001,3,3,2,Loyal Customer
CUST026749,352,1,839.01,2,2,2,Lost
CUST026750,172,2,1199.01,3,3,3,Loyal Customer
CUST026752,2,39,24849.62,5,5,5,Champion
CUST026754,238,1,318.92,2,2,1,Lost
CUST026755,709,2,874.77,1,3,3,At Risk
CUST026756,787,1,221.53,1,2,1,Lost
CUST026757,220,1,2443.38,2,2,4,Lost
CUST026758,490,1,517.08,1,2,2,Lost
CUST026759,497,1,199.51,1,2,1,Lost
CUST026760,192,1,874.5,3,2,3,Needs Attention
CUST026762,669,1,280.51,1,2,1,Lost
CUST026763,95,4,3037.67,4,4,5,Champion
CUST026764,166,1,898.9,3,2,3,Needs Attention
CUST026765,60,2,1492.99,4,3,3,Loyal Customer
CUST026766,250,2,2062.4,2,3,4,At Risk
CUST026767,20,27,16597.59,5,5,5,Champion
CUST026768,9,18,8316.81,5,5,5,Champion
CUST026769,191,3,1941.29,3,4,4,Loyal Customer
CUST026771,159,7,3590.26,3,5,5,Loyal Customer
CUST026772,1,66,32370.170000000002,5,5,5,Champion
CUST026773,38,2,1167.26,5,3,3,Loyal Customer
CUST026777,1,3,826.09,5,4,2,Loyal Customer
CUST026778,531,1,233.2,1,2,1,Lost
CUST026779,571,1,1153.16,1,2,3,Lost
CUST026781,225,1,426.31,2,2,1,Lost
CUST026782,547,2,1568.05,1,3,4,At Risk
CUST026783,23,3,1081.9,5,4,3,Loyal Customer
CUST026784,127,4,1955.97,3,4,4,Loyal Customer
CUST026785,443,1,1140.44,1,2,3,Lost
CUST026787,260,2,746.71,2,3,2,At Risk
CUST026788,55,1,425.72,4,2,1,Needs Attention
CUST026789,102,5,900.45,3,5,3,Loyal Customer
CUST026790,131,2,401.12,3,3,1,Loyal Customer
CUST026793,5,3,1560.99,5,4,4,Champion
CUST026796,156,2,706.52,3,3,2,Loyal Customer
CUST026798,35,6,3561.84,5,5,5,Champion
CUST026800,92,3,2547.21,4,4,4,Champion
CUST026801,44,8,3829.33,4,5,5,Champion
CUST026802,30,26,13583.83,5,5,5,Champion
CUST026803,103,2,797.21,3,3,2,Loyal Customer
CUST026804,24,1,1447.87,5,2,3,Needs Attention
CUST026805,880,1,329.91,1,2,1,Lost
CUST026809,473,2,1799.5,1,3,4,At Risk
CUST026811,147,5,1995.9,3,5,4,Loyal Customer
CUST026812,649,3,915.51,1,4,3,At Risk
CUST026814,237,1,1132.46,2,2,3,Lost
CUST026815,12,8,6074.58,5,5,5,Champion
CUST026816,36,6,2950.46,5,5,5,Champion
CUST026818,692,1,458.41,1,2,2,Lost
CUST026820,77,5,3683.46,4,5,5,Champion
CUST026822,385,2,711.85,2,3,2,At Risk
CUST026823,35,2,2229.33,5,3,4,Loyal Customer
CUST026824,412,1,550.34,1,2,2,Lost
CUST026825,188,2,1519.01,3,3,3,Loyal Customer
CUST026826,55,3,1175.29,4,4,3,Loyal Customer
CUST026827,100,1,620.58,4,2,2,Needs Attention
CUST026830,284,3,792.54,2,4,2,At Risk
CUST026831,85,15,7132.93,4,5,5,Champion
CUST026832,920,1,210.16,1,2,1,Lost
CUST026834,384,1,732.64,2,2,2,Lost
CUST026835,1,1,334.79,5,2,1,Needs Attention
CUST026836,590,1,377.0,1,2,1,Lost
CUST026837,580,1,31.75,1,2,1,Lost
CUST026840,94,2,889.4200000000001,4,3,3,Loyal Customer
CUST026841,122,5,2587.65,3,5,4,Loyal Customer
CUST026842,9,2,1237.77,5,3,3,Loyal Customer
CUST026845,169,2,653.0899999999999,3,3,2,Loyal Customer
CUST026847,63,1,1146.7,4,2,3,Needs Attention
CUST026848,90,2,983.8399999999999,4,3,3,Loyal Customer
CUST026850,567,1,170.54,1,2,1,Lost
CUST026852,583,2,706.45,1,3,2,At Risk
CUST026853,191,4,2024.78,3,4,4,Loyal Customer
CUST026855,35,1,70.4,5,2,1,Needs Attention
CUST026856,147,1,36.49,3,2,1,Needs Attention
CUST026861,74,3,1721.3,4,4,4,Champion
CUST026862,52,2,1626.69,4,3,4,Loyal Customer
CUST026864,10,3,1436.44,5,4,3,Loyal Customer
CUST026865,495,2,918.54,1,3,3,At Risk
CUST026866,67,2,1651.41,4,3,4,Loyal Customer
CUST026867,323,4,1240.45,2,4,3,At Risk
CUST026868,193,2,1635.58,3,3,4,Loyal Customer
CUST026870,56,1,113.1,4,2,1,Needs Attention
CUST026871,15,5,3410.89,5,5,5,Champion
CUST026872,31,1,284.13,5,2,1,Needs Attention
CUST026873,3,2,1242.29,5,3,3,Loyal Customer
CUST026874,259,3,783.44,2,4,2,At Risk
CUST026875,10,12,10322.47,5,5,5,Champion
CUST026878,12,1,301.19,5,2,1,Needs Attention
CUST026879,37,4,1528.63,5,4,3,Loyal Customer
CUST026880,6,1,10.37,5,2,1,Needs Attention
CUST026881,37,10,3371.4,5,5,5,Champion
CUST026882,728,1,599.26,1,2,2,Lost
CUST026887,178,2,2389.54,3,3,4,Loyal Customer
CUST026888,368,3,1379.28,2,4,3,At Risk
CUST026890,306,4,1753.46,2,4,4,At Risk
CUST026891,304,3,1667.9,2,4,4,At Risk
CUST026894,901,1,637.81,1,2,2,Lost
CUST026896,245,1,942.72,2,2,3,Lost
CUST026898,980,1,917.57,1,2,3,Lost
CUST026899,76,10,4836.95,4,5,5,Champion
CUST026900,578,1,371.48,1,2,1,Lost
CUST026901,486,2,1147.3899999999999,1,3,3,At Risk
CUST026902,414,1,61.36,1,2,1,Lost
CUST026903,500,1,379.81,1,2,1,Lost
CUST026905,42,4,1402.79,4,4,3,Loyal Customer
CUST026906,114,2,780.5899999999999,3,3,2,Loyal Customer
CUST026907,549,3,2701.69,1,4,4,At Risk
CUST026908,237,1,247.0,2,2,1,Lost
CUST026909,43,8,4489.27,4,5,5,Champion
CUST026910,187,1,354.36,3,2,1,Needs Attention
CUST026911,73,2,453.78999999999996,4,3,2,Loyal Customer
CUST026912,13,1,157.69,5,2,1,Needs Attention
CUST026915,666,1,637.81,1,2,2,Lost
CUST026916,686,1,2202.86,1,2,4,Lost
CUST026918,8,32,23572.07,5,5,5,Champion
CUST026919,118,3,926.3800000000001,3,4,3,Loyal Customer
CUST026920,66,7,2510.05,4,5,4,Champion
CUST026921,340,1,78.32,2,2,1,Lost
CUST026922,459,2,733.24,1,3,2,At Risk
CUST026924,21,5,2626.22,5,5,4,Champion
CUST026925,266,2,1522.0500000000002,2,3,3,At Risk
CUST026927,184,6,2355.37,3,5,4,Loyal Customer
CUST026928,819,1,307.14,1,2,1,Lost
CUST026930,25,13,6358.21,5,5,5,Champion
CUST026933,20,2,652.04,5,3,2,Loyal Customer
CUST026935,445,2,1077.92,1,3,3,At Risk
CUST026936,47,1,146.19,4,2,1,Needs Attention
CUST026938,79,3,1831.5900000000001,4,4,4,Champion
CUST026939,3,71,39951.94,5,5,5,Champion
CUST026942,162,1,962.23,3,2,3,Needs Attention
CUST026943,26,4,1684.1999999999998,5,4,4,Champion
CUST026944,5,7,2828.03,5,5,4,Champion
CUST026946,60,1,454.24,4,2,2,Needs Attention
CUST026947,81,7,3188.21,4,5,5,Champion
CUST026948,5,4,2127.14,5,4,4,Champion
CUST026952,97,2,491.61,4,3,2,Loyal Customer
CUST026953,19,23,15212.43,5,5,5,Champion
CUST026954,26,3,1299.79,5,4,3,Loyal Customer
CUST026957,13,6,2435.81,5,5,4,Champion
CUST026958,99,1,212.27,4,2,1,Needs Attention
CUST026959,172,6,2524.44,3,5,4,Loyal Customer
CUST026960,307,2,1692.2,2,3,4,At Risk
CUST026961,256,3,1490.83,2,4,3,At Risk
CUST026963,654,1,233.4,1,2,1,Lost
CUST026964,110,5,2358.61,3,5,4,Loyal Customer
CUST026965,236,3,1018.1199999999999,2,4,3,At Risk
CUST026969,2,29,13631.28,5,5,5,Champion
CUST026970,207,1,494.43,2,2,2,Lost
CUST026971,180,7,3512.3,3,5,5,Loyal Customer
CUST026974,71,3,1881.83,4,4,4,Champion
CUST026975,165,3,1701.5,3,4,4,Loyal Customer
CUST026977,219,1,1173.51,2,2,3,Lost
CUST026978,278,1,197.83,2,2,1,Lost
CUST026980,22,6,2258.66,5,5,4,Champion
CUST026981,247,1,623.31,2,2,2,Lost
CUST026982,393,1,633.36,1,2,2,Lost
CUST026983,63,1,1322.74,4,2,3,Needs Attention
CUST026985,550,1,137.94,1,2,1,Lost
CUST026987,470,1,601.7,1,2,2,Lost
CUST026988,572,2,2051.91,1,3,4,At Risk
CUST026991,80,4,2968.09,4,4,5,Champion
CUST026992,518,1,737.16,1,2,2,Lost
CUST026993,92,7,4221.66,4,5,5,Champion
CUST026997,2,44,23895.17,5,5,5,Champion
CUST026998,186,1,941.92,3,2,3,Needs Attention
CUST027000,355,1,74.08,2,2,1,Lost
CUST027001,43,10,5232.99,4,5,5,Champion
CUST027002,130,5,2823.9900000000002,3,5,4,Loyal Customer
CUST027004,2,5,1980.77,5,5,4,Champion
CUST027005,251,2,1800.1599999999999,2,3,4,At Risk
CUST027006,266,2,869.65,2,3,2,At Risk
CUST027008,726,1,126.79,1,2,1,Lost
CUST027010,47,4,1698.26,4,4,4,Champion
CUST027011,656,1,612.03,1,2,2,Lost
CUST027012,542,2,787.7,1,3,2,At Risk
CUST027013,224,1,122.67,2,2,1,Lost
CUST027017,23,8,2206.29,5,5,4,Champion
CUST027018,26,6,4424.05,5,5,5,Champion
CUST027019,143,1,425.73,3,2,1,Needs Attention
CUST027020,369,1,342.49,2,2,1,Lost
CUST027021,692,1,609.3,1,2,2,Lost
CUST027024,107,4,1984.94,3,4,4,Loyal Customer
CUST027025,48,8,4794.45,4,5,5,Champion
CUST027027,244,3,1075.07,2,4,3,At Risk
CUST027028,109,1,313.69,3,2,1,Needs Attention
CUST027029,837,1,646.71,1,2,2,Lost
CUST027030,23,5,1533.12,5,5,3,Loyal Customer
CUST027031,114,3,1366.94,3,4,3,Loyal Customer
CUST027032,250,1,612.01,2,2,2,Lost
CUST027033,9,10,5512.88,5,5,5,Champion
CUST027034,96,2,1676.8,4,3,4,Loyal Customer
CUST027037,222,1,616.75,2,2,2,Lost
CUST027040,8,7,3476.67,5,5,5,Champion
CUST027041,274,1,681.19,2,2,2,Lost
CUST027042,334,1,669.89,2,2,2,Lost
CUST027043,86,3,1918.45,4,4,4,Champion
CUST027044,196,5,4577.55,3,5,5,Loyal Customer
CUST027045,8,5,3047.12,5,5,5,Champion
CUST027046,13,13,6780.45,5,5,5,Champion
CUST027048,68,1,182.9,4,2,1,Needs Attention
CUST027049,263,1,609.29,2,2,2,Lost
CUST027050,431,2,1429.54,1,3,3,At Risk
CUST027055,398,2,214.18,1,3,1,At Risk
CUST027056,379,4,2313.83,2,4,4,At Risk
CUST027058,25,4,1165.78,5,4,3,Loyal Customer
CUST027059,328,2,829.94,2,3,2,At Risk
CUST027064,41,4,2560.2200000000003,4,4,4,Champion
CUST027066,66,7,3758.77,4,5,5,Champion
CUST027067,140,1,283.32,3,2,1,Needs Attention
CUST027068,559,1,966.18,1,2,3,Lost
CUST027070,166,7,2590.77,3,5,4,Loyal Customer
CUST027073,137,4,2442.15,3,4,4,Loyal Customer
CUST027075,71,5,1716.22,4,5,4,Champion
CUST027076,586,1,956.12,1,2,3,Lost
CUST027077,36,3,1190.22,5,4,3,Loyal Customer
CUST027078,5,5,2403.4700000000003,5,5,4,Champion
CUST027080,54,1,785.25,4,2,2,Needs Attention
CUST027081,742,1,619.36,1,2,2,Lost
CUST027082,298,3,2480.1099999999997,2,4,4,At Risk
CUST027084,87,1,566.02,4,2,2,Needs Attention
CUST027087,58,3,1324.36,4,4,3,Loyal Customer
CUST027090,634,1,425.51,1,2,1,Lost
CUST027091,27,11,3733.8399999999997,5,5,5,Champion
CUST027093,64,9,3804.7799999999997,4,5,5,Champion
CUST027094,20,2,984.64,5,3,3,Loyal Customer
CUST027099,166,1,126.03,3,2,1,Needs Attention
CUST027100,415,1,252.29,1,2,1,Lost
CUST027101,449,1,130.98,1,2,1,Lost
CUST027102,587,1,464.96,1,2,2,Lost
CUST027103,274,1,350.17,2,2,1,Lost
CUST027104,656,1,1279.45,1,2,3,Lost
CUST027105,179,1,566.23,3,2,2,Needs Attention
CUST027106,224,1,773.51,2,2,2,Lost
CUST027107,43,3,2587.2799999999997,4,4,4,Champion
CUST027108,45,6,4659.87,4,5,5,Champion
CUST027109,789,1,319.08,1,2,1,Lost
CUST027111,245,4,1501.2600000000002,2,4,3,At Risk
CUST027113,15,4,2633.48,5,4,4,Champion
CUST027115,793,1,248.43,1,2,1,Lost
CUST027116,288,2,745.37,2,3,2,At Risk
CUST027118,462,1,504.57,1,2,2,Lost
CUST027119,188,2,2225.5299999999997,3,3,4,Loyal Customer
CUST027121,155,1,887.05,3,2,3,Needs Attention
CUST027122,851,1,62.66,1,2,1,Lost
CUST027123,18,3,2023.41,5,4,4,Champion
CUST027124,1,4,2117.99,5,4,4,Champion
CUST027125,308,1,543.52,2,2,2,Lost
CUST027127,537,1,559.61,1,2,2,Lost
CUST027128,260,2,1636.6100000000001,2,3,4,At Risk
CUST027130,33,2,343.49,5,3,1,Loyal Customer
CUST027131,361,4,1197.21,2,4,3,At Risk
CUST027132,163,1,417.79,3,2,1,Needs Attention
CUST027133,847,1,595.7,1,2,2,Lost
CUST027135,274,1,120.67,2,2,1,Lost
CUST027136,29,15,7379.3,5,5,5,Champion
CUST027137,564,1,845.94,1,2,2,Lost
CUST027138,30,2,403.28,5,3,1,Loyal Customer
CUST027140,63,3,1024.8,4,4,3,Loyal Customer
CUST027141,516,2,278.65999999999997,1,3,1,At Risk
CUST027142,84,3,2247.68,4,4,4,Champion
CUST027143,250,3,1879.8200000000002,2,4,4,At Risk
CUST027145,441,2,1775.0700000000002,1,3,4,At Risk
CUST027146,7,1,18.74,5,2,1,Needs Attention
CUST027147,414,1,598.34,1,2,2,Lost
CUST027148,22,4,4343.76,5,4,5,Champion
CUST027149,460,1,1148.7,1,2,3,Lost
CUST027150,95,1,440.89,4,2,2,Needs Attention
CUST027151,44,2,384.46,4,3,1,Loyal Customer
CUST027152,131,4,3120.56,3,4,5,Loyal Customer
CUST027153,103,3,1114.29,3,4,3,Loyal Customer
CUST027154,43,4,3462.0299999999997,4,4,5,Champion
CUST027155,740,1,924.72,1,2,3,Lost
CUST027159,116,6,3571.99,3,5,5,Loyal Customer
CUST027161,267,5,3175.26,2,5,5,At Risk
CUST027162,31,2,1091.31,5,3,3,Loyal Customer
CUST027163,5,6,5919.36,5,5,5,Champion
CUST027164,177,4,818.8,3,4,2,Loyal Customer
CUST027166,171,3,2123.56,3,4,4,Loyal Customer
CUST027168,21,25,10375.61,5,5,5,Champion
CUST027169,369,1,424.55,2,2,1,Lost
CUST027170,4,1,267.64,5,2,1,Needs Attention
CUST027171,351,4,1729.4299999999998,2,4,4,At Risk
CUST027172,155,1,766.59,3,2,2,Needs Attention
CUST027173,775,1,474.03,1,2,2,Lost
CUST027174,20,1,291.18,5,2,1,Needs Attention
CUST027175,54,6,2337.1,4,5,4,Champion
CUST027176,128,10,4874.56,3,5,5,Loyal Customer
CUST027177,142,3,684.73,3,4,2,Loyal Customer
CUST027183,208,2,939.5699999999999,2,3,3,At Risk
CUST027184,11,8,4014.0299999999997,5,5,5,Champion
CUST027188,489,1,57.09,1,2,1,Lost
CUST027189,310,1,481.01,2,2,2,Lost
CUST027190,343,1,513.67,2,2,2,Lost
CUST027191,99,1,69.69,4,2,1,Needs Attention
CUST027192,980,1,563.93,1,2,2,Lost
CUST027193,311,1,256.41,2,2,1,Lost
CUST027195,41,4,1369.29,4,4,3,Loyal Customer
CUST027196,579,1,195.54,1,2,1,Lost
CUST027200,186,2,1015.71,3,3,3,Loyal Customer
CUST027201,639,2,1737.34,1,3,4,At Risk
CUST027204,247,7,3209.25,2,5,5,At Risk
CUST027208,8,6,7145.29,5,5,5,Champion
CUST027209,197,1,773.85,3,2,2,Needs Attention
CUST027210,40,4,1960.27,4,4,4,Champion
CUST027211,206,2,490.36,2,3,2,At Risk
CUST027213,36,14,5917.04,5,5,5,Champion
CUST027215,233,2,1956.18,2,3,4,At Risk
CUST027217,199,4,1961.15,3,4,4,Loyal Customer
CUST027219,41,3,1502.9899999999998,4,4,3,Loyal Customer
CUST027221,727,1,270.44,1,2,1,Lost
CUST027223,48,6,3326.18,4,5,5,Champion
CUST027226,742,1,247.06,1,2,1,Lost
CUST027227,32,4,2689.57,5,4,4,Champion
CUST027228,253,2,814.31,2,3,2,At Risk
CUST027229,181,10,5119.13,3,5,5,Loyal Customer
CUST027230,476,1,658.3,1,2,2,Lost
CUST027233,88,1,317.21,4,2,1,Needs Attention
CUST027234,167,2,2468.96,3,3,4,Loyal Customer
CUST027235,606,1,372.97,1,2,1,Lost
CUST027238,101,2,1308.93,4,3,3,Loyal Customer
CUST027239,10,5,1130.8999999999999,5,5,3,Loyal Customer
CUST027240,93,4,2078.62,4,4,4,Champion
CUST027242,86,7,3290.4700000000003,4,5,5,Champion
CUST027243,266,1,588.4,2,2,2,Lost
CUST027244,3,1,131.54,5,2,1,Needs Attention
CUST027245,884,1,492.4,1,2,2,Lost
CUST027246,153,2,1427.56,3,3,3,Loyal Customer
CUST027247,225,3,3052.27,2,4,5,At Risk
CUST027248,14,11,4557.89,5,5,5,Champion
CUST027250,513,2,1277.45,1,3,3,At Risk
CUST027251,233,1,636.97,2,2,2,Lost
CUST027252,511,2,655.28,1,3,2,At Risk
CUST027254,315,2,973.1800000000001,2,3,3,At Risk
CUST027255,224,1,158.18,2,2,1,Lost
CUST027256,873,1,425.79,1,2,1,Lost
CUST027257,24,7,3682.8599999999997,5,5,5,Champion
CUST027258,314,3,1956.17,2,4,4,At Risk
CUST027259,118,1,734.43,3,2,2,Needs Attention
CUST027260,293,1,237.9,2,2,1,Lost
CUST027261,89,5,1630.99,4,5,4,Champion
CUST027262,11,5,2895.6800000000003,5,5,4,Champion
CUST027264,768,1,718.39,1,2,2,Lost
CUST027266,792,1,583.02,1,2,2,Lost
CUST027267,18,1,458.41,5,2,2,Needs Attention
CUST027271,76,3,1414.9,4,4,3,Loyal Customer
CUST027272,25,1,689.1,5,2,2,Needs Attention
CUST027273,79,5,4116.48,4,5,5,Champion
CUST027274,661,1,459.37,1,2,2,Lost
CUST027275,174,4,1279.7,3,4,3,Loyal Customer
CUST027279,147,5,2104.33,3,5,4,Loyal Customer
CUST027284,51,4,2195.2,4,4,4,Champion
CUST027287,36,3,2211.09,5,4,4,Champion
CUST027288,70,1,86.39,4,2,1,Needs Attention
CUST027289,43,21,10752.890000000001,4,5,5,Champion
CUST027292,132,2,1245.32,3,3,3,Loyal Customer
CUST027293,50,6,4733.88,4,5,5,Champion
CUST027295,338,5,4549.49,2,5,5,At Risk
CUST027296,184,2,1620.06,3,3,4,Loyal Customer
CUST027297,17,3,725.78,5,4,2,Loyal Customer
CUST027298,251,1,1990.0,2,2,4,Lost
CUST027299,1,7,5209.9,5,5,5,Champion
CUST027300,18,2,836.76,5,3,2,Loyal Customer
CUST027301,578,2,1586.82,1,3,4,At Risk
CUST027303,225,1,1925.15,2,2,4,Lost
CUST027304,47,3,1649.22,4,4,4,Champion
CUST027305,846,2,537.04,1,3,2,At Risk
CUST027306,342,3,1289.1,2,4,3,At Risk
CUST027307,10,1,258.52,5,2,1,Needs Attention
CUST027308,77,2,2769.4,4,3,4,Loyal Customer
CUST027311,45,6,1646.73,4,5,4,Champion
CUST027314,10,23,16374.26,5,5,5,Champion
CUST027316,199,2,939.09,3,3,3,Loyal Customer
CUST027317,350,1,660.18,2,2,2,Lost
CUST027319,6,6,3887.71,5,5,5,Champion
CUST027320,764,1,568.53,1,2,2,Lost
CUST027321,35,1,624.97,5,2,2,Needs Attention
CUST027322,477,1,283.28,1,2,1,Lost
CUST027323,121,5,2075.56,3,5,4,Loyal Customer
CUST027324,6,5,2994.28,5,5,5,Champion
CUST027325,559,2,531.01,1,3,2,At Risk
CUST027326,191,1,1917.7,3,2,4,Needs Attention
CUST027330,616,1,718.39,1,2,2,Lost
CUST027331,18,5,2055.62,5,5,4,Champion
CUST027332,241,1,491.9,2,2,2,Lost
CUST027333,82,2,1613.1100000000001,4,3,4,Loyal Customer
CUST027335,10,6,2364.41,5,5,4,Champion
CUST027336,15,2,962.1,5,3,3,Loyal Customer
CUST027337,6,21,10974.57,5,5,5,Champion
CUST027339,352,1,598.55,2,2,2,Lost
CUST027340,73,7,3036.36,4,5,5,Champion
CUST027341,233,6,3052.46,2,5,5,At Risk
CUST027342,939,1,1023.38,1,2,3,Lost
CUST027343,18,17,8033.84,5,5,5,Champion
CUST027344,121,5,3667.15,3,5,5,Loyal Customer
CUST027345,706,1,1493.61,1,2,3,Lost
CUST027346,360,2,1585.19,2,3,4,At Risk
CUST027347,262,6,3459.45,2,5,5,At Risk
CUST027350,272,10,5558.47,2,5,5,At Risk
CUST027351,197,2,1846.74,3,3,4,Loyal Customer
CUST027352,5,3,477.06,5,4,2,Loyal Customer
CUST027354,440,1,169.22,1,2,1,Lost
CUST027356,821,1,965.67,1,2,3,Lost
CUST027357,172,2,740.6800000000001,3,3,2,Loyal Customer
CUST027358,89,2,635.31,4,3,2,Loyal Customer
CUST027360,51,8,10785.52,4,5,5,Champion
CUST027363,224,3,1763.3,2,4,4,At Risk
CUST027367,1,59,24308.86,5,5,5,Champion
CUST027368,232,1,386.33,2,2,1,Lost
CUST027369,109,1,104.02,3,2,1,Needs Attention
CUST027370,56,1,419.32,4,2,1,Needs Attention
CUST027372,48,2,1782.03,4,3,4,Loyal Customer
CUST027374,41,3,2440.77,4,4,4,Champion
CUST027375,107,10,6844.0,3,5,5,Loyal Customer
CUST027376,81,2,725.3,4,3,2,Loyal Customer
CUST027382,42,1,713.24,4,2,2,Needs Attention
CUST027383,316,1,727.91,2,2,2,Lost
CUST027384,84,17,9306.0,4,5,5,Champion
CUST027385,374,1,680.38,2,2,2,Lost
CUST027387,449,1,328.32,1,2,1,Lost
CUST027388,66,2,1131.58,4,3,3,Loyal Customer
CUST027389,42,2,417.81,4,3,1,Loyal Customer
CUST027390,82,3,790.0899999999999,4,4,2,Loyal Customer
CUST027396,210,1,183.1,2,2,1,Lost
CUST027397,31,2,270.47,5,3,1,Loyal Customer
CUST027398,650,1,541.8,1,2,2,Lost
CUST027400,85,3,3234.0599999999995,4,4,5,Champion
CUST027401,40,2,378.36,4,3,1,Loyal Customer
CUST027402,104,2,1047.01,3,3,3,Loyal Customer
CUST027403,145,1,468.33,3,2,2,Needs Attention
CUST027404,3,2,1110.22,5,3,3,Loyal Customer
CUST027406,5,19,12708.720000000001,5,5,5,Champion
CUST027409,99,1,281.99,4,2,1,Needs Attention
CUST027410,198,1,173.02,3,2,1,Needs Attention
CUST027412,790,1,288.16,1,2,1,Lost
CUST027413,752,1,1287.87,1,2,3,Lost
CUST027414,245,4,2516.74,2,4,4,At Risk
CUST027415,212,1,349.46,2,2,1,Lost
CUST027417,215,3,1308.43,2,4,3,At Risk
CUST027421,523,1,1147.66,1,2,3,Lost
CUST027422,285,5,2555.41,2,5,4,At Risk
CUST027423,50,3,3258.2,4,4,5,Champion
CUST027424,72,7,5006.44,4,5,5,Champion
CUST027425,75,6,2917.74,4,5,5,Champion
CUST027426,97,1,631.24,4,2,2,Needs Attention
CUST027427,89,4,1933.25,4,4,4,Champion
CUST027428,68,5,3057.27,4,5,5,Champion
CUST027429,18,10,5165.22,5,5,5,Champion
CUST027431,76,6,2951.6800000000003,4,5,5,Champion
CUST027435,52,5,1691.65,4,5,4,Champion
CUST027438,895,1,407.91,1,2,1,Lost
CUST027440,197,3,1352.75,3,4,3,Loyal Customer
CUST027441,530,2,1122.07,1,3,3,At Risk
CUST027442,944,1,120.53,1,2,1,Lost
CUST027445,104,2,318.19,3,3,1,Loyal Customer
CUST027446,196,6,3745.56,3,5,5,Loyal Customer
CUST027448,39,1,791.61,5,2,2,Needs Attention
CUST027449,754,1,330.29,1,2,1,Lost
CUST027450,131,3,696.24,3,4,2,Loyal Customer
CUST027451,14,1,320.33,5,2,1,Needs Attention
CUST027454,11,4,1707.47,5,4,4,Champion
CUST027455,206,5,2984.91,2,5,5,At Risk
CUST027457,29,5,3004.4700000000003,5,5,5,Champion
CUST027461,326,9,3468.67,2,5,5,At Risk
CUST027462,228,2,987.91,2,3,3,At Risk
CUST027463,847,1,894.86,1,2,3,Lost
CUST027465,732,1,369.27,1,2,1,Lost
CUST027468,337,2,627.0799999999999,2,3,2,At Risk
CUST027470,396,1,1985.66,1,2,4,Lost
CUST027471,495,1,532.94,1,2,2,Lost
CUST027473,22,12,9112.47,5,5,5,Champion
CUST027474,56,6,2899.7400000000002,4,5,4,Champion
CUST027475,82,1,201.08,4,2,1,Needs Attention
CUST027478,70,1,374.75,4,2,1,Needs Attention
CUST027479,8,5,6005.67,5,5,5,Champion
CUST027480,1,3,2183.21,5,4,4,Champion
CUST027481,401,1,788.48,1,2,2,Lost
CUST027482,239,2,989.4,2,3,3,At Risk
CUST027483,513,2,652.1,1,3,2,At Risk
CUST027486,89,1,333.33,4,2,1,Needs Attention
CUST027488,148,2,456.0,3,3,2,Loyal Customer
CUST027489,483,3,997.3100000000001,1,4,3,At Risk
CUST027492,25,5,1934.0100000000002,5,5,4,Champion
CUST027494,74,5,1617.8500000000001,4,5,4,Champion
CUST027496,15,3,2162.21,5,4,4,Champion
CUST027497,31,10,6142.33,5,5,5,Champion
CUST027498,52,5,3431.5699999999997,4,5,5,Champion
CUST027499,395,2,442.1,1,3,2,At Risk
CUST027500,105,6,3835.61,3,5,5,Loyal Customer
CUST027501,506,2,235.47,1,3,1,At Risk
CUST027502,264,1,836.5,2,2,2,Lost
CUST027503,117,2,865.7,3,3,2,Loyal Customer
CUST027504,138,3,1523.8400000000001,3,4,3,Loyal Customer
CUST027505,521,1,301.4,1,2,1,Lost
CUST027506,50,4,2041.3400000000001,4,4,4,Champion
CUST027507,291,2,2119.73,2,3,4,At Risk
CUST027508,367,1,255.33,2,2,1,Lost
CUST027509,253,2,178.35,2,3,1,At Risk
CUST027512,128,14,9061.42,3,5,5,Loyal Customer
CUST027513,53,1,344.6,4,2,1,Needs Attention
CUST027515,262,2,159.75,2,3,1,At Risk
CUST027516,97,3,783.19,4,4,2,Loyal Customer
CUST027519,171,5,2293.64,3,5,4,Loyal Customer
CUST027520,62,6,2692.22,4,5,4,Champion
CUST027522,131,5,4950.87,3,5,5,Loyal Customer
CUST027523,336,2,1462.85,2,3,3,At Risk
CUST027524,127,1,74.83,3,2,1,Needs Attention
CUST027525,36,12,8008.79,5,5,5,Champion
CUST027526,26,3,1148.8000000000002,5,4,3,Loyal Customer
CUST027530,30,8,5502.26,5,5,5,Champion
CUST027532,93,1,1550.43,4,2,3,Needs Attention
CUST027533,14,2,1162.05,5,3,3,Loyal Customer
CUST027535,469,1,368.15,1,2,1,Lost
CUST027538,69,15,11942.11,4,5,5,Champion
CUST027539,162,2,263.38,3,3,1,Loyal Customer
CUST027540,93,1,198.93,4,2,1,Needs Attention
CUST027541,13,4,1394.57,5,4,3,Loyal Customer
CUST027544,8,4,2937.04,5,4,5,Champion
CUST027547,238,2,740.09,2,3,2,At Risk
CUST027548,27,6,2857.9,5,5,4,Champion
CUST027549,651,1,902.18,1,2,3,Lost
CUST027552,125,2,2374.5499999999997,3,3,4,Loyal Customer
CUST027553,34,7,3371.6000000000004,5,5,5,Champion
CUST027554,107,2,1322.79,3,3,3,Loyal Customer
CUST027556,149,7,2971.6,3,5,5,Loyal Customer
CUST027557,115,2,1732.17,3,3,4,Loyal Customer
CUST027558,44,5,4544.42,4,5,5,Champion
CUST027559,210,2,598.53,2,3,2,At Risk
CUST027560,322,1,1592.92,2,2,4,Lost
CUST027561,107,5,3065.94,3,5,5,Loyal Customer
CUST027562,173,1,278.59,3,2,1,Needs Attention
CUST027564,149,3,2208.29,3,4,4,Loyal Customer
CUST027565,373,5,3836.17,2,5,5,At Risk
CUST027568,194,4,1828.5,3,4,4,Loyal Customer
CUST027570,98,2,677.29,4,3,2,Loyal Customer
CUST027573,63,9,2654.81,4,5,4,Champion
CUST027574,41,4,3126.62,4,4,5,Champion
CUST027580,126,7,3935.94,3,5,5,Loyal Customer
CUST027581,359,3,1337.26,2,4,3,At Risk
CUST027582,128,3,2176.95,3,4,4,Loyal Customer
CUST027583,32,3,1444.19,5,4,3,Loyal Customer
CUST027584,447,1,149.71,1,2,1,Lost
CUST027585,25,2,1014.99,5,3,3,Loyal Customer
CUST027586,15,7,2707.59,5,5,4,Champion
CUST027587,413,1,112.93,1,2,1,Lost
CUST027588,247,3,1254.63,2,4,3,At Risk
CUST027589,57,2,1699.98,4,3,4,Loyal Customer
CUST027591,52,12,4624.33,4,5,5,Champion
CUST027593,606,1,661.78,1,2,2,Lost
CUST027595,101,7,2396.94,4,5,4,Champion
CUST027596,13,10,4933.5,5,5,5,Champion
CUST027598,258,1,319.97,2,2,1,Lost
CUST027600,449,1,139.03,1,2,1,Lost
CUST027603,92,4,2345.77,4,4,4,Champion
CUST027604,49,4,1365.01,4,4,3,Loyal Customer
CUST027605,491,1,848.53,1,2,2,Lost
CUST027608,800,1,460.33,1,2,2,Lost
CUST027609,205,1,1803.98,2,2,4,Lost
CUST027612,45,7,3290.17,4,5,5,Champion
CUST027614,178,3,1810.89,3,4,4,Loyal Customer
CUST027615,164,2,434.21000000000004,3,3,1,Loyal Customer
CUST027616,289,3,2175.03,2,4,4,At Risk
CUST027617,114,5,4128.55,3,5,5,Loyal Customer
CUST027619,5,8,6148.18,5,5,5,Champion
CUST027621,104,1,380.25,3,2,1,Needs Attention
CUST027622,358,1,1218.29,2,2,3,Lost
CUST027624,225,1,539.02,2,2,2,Lost
CUST027625,9,4,1595.32,5,4,4,Champion
CUST027627,327,2,2257.6,2,3,4,At Risk
CUST027628,37,7,4056.69,5,5,5,Champion
CUST027629,103,3,1936.1499999999999,3,4,4,Loyal Customer
CUST027631,88,13,5580.61,4,5,5,Champion
CUST027632,139,5,2015.02,3,5,4,Loyal Customer
CUST027633,29,6,2946.02,5,5,5,Champion
CUST027635,185,1,241.34,3,2,1,Needs Attention
CUST027637,55,6,4017.99,4,5,5,Champion
CUST027638,5,13,6973.71,5,5,5,Champion
CUST027641,207,1,661.78,2,2,2,Lost
CUST027642,29,2,1417.73,5,3,3,Loyal Customer
CUST027644,434,2,533.62,1,3,2,At Risk
CUST027646,34,5,2410.55,5,5,4,Champion
CUST027647,660,1,687.44,1,2,2,Lost
CUST027648,128,2,336.85,3,3,1,Loyal Customer
CUST027652,437,3,1311.2,1,4,3,At Risk
CUST027653,8,5,2722.4,5,5,4,Champion
CUST027655,128,3,1988.2400000000002,3,4,4,Loyal Customer
CUST027657,265,5,2464.53,2,5,4,At Risk
CUST027658,53,1,284.2,4,2,1,Needs Attention
CUST027661,51,7,3857.08,4,5,5,Champion
CUST027664,113,10,7286.84,3,5,5,Loyal Customer
CUST027665,356,2,812.14,2,3,2,At Risk
CUST027666,76,4,2049.5499999999997,4,4,4,Champion
CUST027668,473,5,3119.93,1,5,5,At Risk
CUST027669,8,2,341.53999999999996,5,3,1,Loyal Customer
CUST027670,156,3,1860.68,3,4,4,Loyal Customer
CUST027672,622,1,498.24,1,2,2,Lost
CUST027674,329,1,146.76,2,2,1,Lost
CUST027675,244,1,368.15,2,2,1,Lost
CUST027676,1,3,2547.4399999999996,5,4,4,Champion
CUST027678,116,4,1970.69,3,4,4,Loyal Customer
CUST027679,103,1,102.72,3,2,1,Needs Attention
CUST027680,1,2,253.29999999999998,5,3,1,Loyal Customer
CUST027682,218,5,3171.83,2,5,5,At Risk
CUST027683,242,7,4304.63,2,5,5,At Risk
CUST027684,340,2,1621.28,2,3,4,At Risk
CUST027685,259,3,2326.27,2,4,4,At Risk
CUST027687,216,3,2471.02,2,4,4,At Risk
CUST027689,16,24,14044.51,5,5,5,Champion
CUST027690,327,2,1315.28,2,3,3,At Risk
CUST027692,191,2,1547.18,3,3,3,Loyal Customer
CUST027693,814,1,78.37,1,2,1,Lost
CUST027694,110,5,4104.73,3,5,5,Loyal Customer
CUST027697,96,4,1921.93,4,4,4,Champion
CUST027698,20,3,2691.71,5,4,4,Champion
CUST027701,74,3,1213.5500000000002,4,4,3,Loyal Customer
CUST027704,652,1,768.02,1,2,2,Lost
CUST027705,66,5,2376.48,4,5,4,Champion
CUST027707,206,2,565.94,2,3,2,At Risk
CUST027709,56,3,846.06,4,4,2,Loyal Customer
CUST027710,30,3,1438.6000000000001,5,4,3,Loyal Customer
CUST027711,231,2,1058.46,2,3,3,At Risk
CUST027712,174,2,852.52,3,3,2,Loyal Customer
CUST027713,164,2,668.93,3,3,2,Loyal Customer
CUST027714,273,1,472.95,2,2,2,Lost
CUST027715,288,1,286.26,2,2,1,Lost
CUST027716,106,2,805.39,3,3,2,Loyal Customer
CUST027718,442,3,2180.02,1,4,4,At Risk
CUST027719,94,2,1371.13,4,3,3,Loyal Customer
CUST027720,244,3,2498.87,2,4,4,At Risk
CUST027721,209,2,1188.85,2,3,3,At Risk
CUST027722,524,3,1365.3,1,4,3,At Risk
CUST027724,431,1,586.32,1,2,2,Lost
CUST027728,8,9,5798.23,5,5,5,Champion
CUST027730,371,2,4461.01,2,3,5,At Risk
CUST027731,156,4,2921.21,3,4,5,Loyal Customer
CUST027733,498,1,655.47,1,2,2,Lost
CUST027736,657,1,253.4,1,2,1,Lost
CUST027737,270,1,839.97,2,2,2,Lost
CUST027738,341,4,1583.9299999999998,2,4,4,At Risk
CUST027740,1,11,4376.21,5,5,5,Champion
CUST027741,191,5,3263.38,3,5,5,Loyal Customer
CUST027742,757,1,474.04,1,2,2,Lost
CUST027743,300,1,1635.91,2,2,4,Lost
CUST027744,12,4,2676.02,5,4,4,Champion
CUST027745,508,4,2438.03,1,4,4,At Risk
CUST027746,923,1,381.3,1,2,1,Lost
CUST027747,188,2,781.96,3,3,2,Loyal Customer
CUST027749,106,2,1048.96,3,3,3,Loyal Customer
CUST027750,63,6,2324.49,4,5,4,Champion
CUST027751,175,1,445.19,3,2,2,Needs Attention
CUST027756,208,5,1991.75,2,5,4,At Risk
CUST027757,505,1,419.65,1,2,1,Lost
CUST027758,396,5,5358.129999999999,1,5,5,At Risk
CUST027762,53,2,704.04,4,3,2,Loyal Customer
CUST027763,9,32,15798.77,5,5,5,Champion
CUST027767,9,13,8391.84,5,5,5,Champion
CUST027770,151,1,243.27,3,2,1,Needs Attention
CUST027771,383,1,862.96,2,2,2,Lost
CUST027774,337,2,471.54999999999995,2,3,2,At Risk
CUST027776,476,3,2085.79,1,4,4,At Risk
CUST027778,97,4,2564.38,4,4,4,Champion
CUST027779,276,2,1697.26,2,3,4,At Risk
CUST027782,11,3,1552.1399999999999,5,4,3,Loyal Customer
CUST027783,24,28,14903.630000000001,5,5,5,Champion
CUST027785,49,3,2563.5699999999997,4,4,4,Champion
CUST027786,184,4,1820.3899999999999,3,4,4,Loyal Customer
CUST027787,13,8,3424.76,5,5,5,Champion
CUST027788,202,4,1958.63,3,4,4,Loyal Customer
CUST027791,6,4,2595.05,5,4,4,Champion
CUST027792,241,1,242.8,2,2,1,Lost
CUST027795,170,7,4465.5199999999995,3,5,5,Loyal Customer
CUST027797,33,4,1973.49,5,4,4,Champion
CUST027800,903,1,450.86,1,2,2,Lost
CUST027801,2,5,5940.93,5,5,5,Champion
CUST027802,189,5,1222.38,3,5,3,Loyal Customer
CUST027803,171,4,2940.51,3,4,5,Loyal Customer
CUST027804,174,1,2678.14,3,2,4,Needs Attention
CUST027806,88,5,939.57,4,5,3,Loyal Customer
CUST027807,34,4,5192.379999999999,5,4,5,Champion
CUST027808,743,1,188.5,1,2,1,Lost
CUST027810,762,1,53.8,1,2,1,Lost
CUST027811,525,3,2899.6,1,4,4,At Risk
CUST027812,134,3,1464.73,3,4,3,Loyal Customer
CUST027813,44,2,960.1199999999999,4,3,3,Loyal Customer
CUST027814,223,2,4204.16,2,3,5,At Risk
CUST027815,9,2,1280.46,5,3,3,Loyal Customer
CUST027817,4,1,293.86,5,2,1,Needs Attention
CUST027818,70,3,572.73,4,4,2,Loyal Customer
CUST027820,59,8,4383.29,4,5,5,Champion
CUST027821,159,4,1496.32,3,4,3,Loyal Customer
CUST027822,67,6,2648.71,4,5,4,Champion
CUST027824,271,1,705.88,2,2,2,Lost
CUST027826,151,2,1675.09,3,3,4,Loyal Customer
CUST027828,196,1,517.57,3,2,2,Needs Attention
CUST027830,465,1,330.26,1,2,1,Lost
CUST027831,596,1,102.49,1,2,1,Lost
CUST027834,150,4,1395.88,3,4,3,Loyal Customer
CUST027835,281,1,51.05,2,2,1,Lost
CUST027840,223,1,655.71,2,2,2,Lost
CUST027841,1,10,4259.69,5,5,5,Champion
CUST027842,9,1,258.93,5,2,1,Needs Attention
CUST027843,165,3,1588.3,3,4,4,Loyal Customer
CUST027844,196,7,4873.4,3,5,5,Loyal Customer
CUST027845,597,1,298.28,1,2,1,Lost
CUST027847,34,4,1575.06,5,4,4,Champion
CUST027848,71,2,942.21,4,3,3,Loyal Customer
CUST027849,83,1,81.69,4,2,1,Needs Attention
CUST027850,497,1,1012.1,1,2,3,Lost
CUST027851,134,2,2238.35,3,3,4,Loyal Customer
CUST027852,21,3,1328.2,5,4,3,Loyal Customer
CUST027854,63,1,376.08,4,2,1,Needs Attention
CUST027855,584,1,250.42,1,2,1,Lost
CUST027856,239,2,2005.25,2,3,4,At Risk
CUST027857,104,1,635.71,3,2,2,Needs Attention
CUST027858,583,1,1628.77,1,2,4,Lost
CUST027860,2,27,15640.35,5,5,5,Champion
CUST027864,48,11,4724.59,4,5,5,Champion
CUST027865,46,3,1566.3,4,4,4,Champion
CUST027867,166,6,5737.4,3,5,5,Loyal Customer
CUST027868,25,4,1422.2599999999998,5,4,3,Loyal Customer
CUST027870,124,1,560.46,3,2,2,Needs Attention
CUST027871,85,6,4148.93,4,5,5,Champion
CUST027873,214,3,1725.41,2,4,4,At Risk
CUST027874,106,4,2722.84,3,4,4,Loyal Customer
CUST027875,683,1,709.92,1,2,2,Lost
CUST027878,70,1,54.58,4,2,1,Needs Attention
CUST027880,66,8,4110.200000000001,4,5,5,Champion
CUST027881,215,1,1016.78,2,2,3,Lost
CUST027884,129,1,589.74,3,2,2,Needs Attention
CUST027887,171,2,1267.6599999999999,3,3,3,Loyal Customer
CUST027888,399,1,722.43,1,2,2,Lost
CUST027889,37,2,762.71,5,3,2,Loyal Customer
CUST027891,134,2,173.44,3,3,1,Loyal Customer
CUST027892,299,2,1249.09,2,3,3,At Risk
CUST027895,31,2,3018.12,5,3,5,Loyal Customer
CUST027899,37,7,4308.54,5,5,5,Champion
CUST027900,849,1,317.93,1,2,1,Lost
CUST027902,71,1,80.54,4,2,1,Needs Attention
CUST027903,396,6,2753.52,1,5,4,At Risk
CUST027904,24,15,6646.68,5,5,5,Champion
CUST027906,620,1,13.32,1,2,1,Lost
CUST027908,89,2,1251.43,4,3,3,Loyal Customer
CUST027909,220,3,1044.67,2,4,3,At Risk
CUST027913,76,7,2486.88,4,5,4,Champion
CUST027914,55,3,1142.33,4,4,3,Loyal Customer
CUST027916,366,2,989.39,2,3,3,At Risk
CUST027917,204,1,599.46,2,2,2,Lost
CUST027918,257,2,1462.4,2,3,3,At Risk
CUST027919,15,5,2721.1099999999997,5,5,4,Champion
CUST027921,409,1,424.28,1,2,1,Lost
CUST027922,10,7,2956.69,5,5,5,Champion
CUST027923,151,3,1100.69,3,4,3,Loyal Customer
CUST027924,254,2,811.29,2,3,2,At Risk
CUST027925,168,4,1469.6499999999999,3,4,3,Loyal Customer
CUST027926,35,6,2193.2599999999998,5,5,4,Champion
CUST027927,449,1,156.65,1,2,1,Lost
CUST027930,47,5,2014.3700000000001,4,5,4,Champion
CUST027933,701,1,646.54,1,2,2,Lost
CUST027935,276,3,1574.7400000000002,2,4,4,At Risk
CUST027937,40,4,1487.6799999999998,4,4,3,Loyal Customer
CUST027939,27,30,14079.12,5,5,5,Champion
CUST027940,249,3,3339.48,2,4,5,At Risk
CUST027942,26,5,4275.13,5,5,5,Champion
CUST027943,187,2,1303.45,3,3,3,Loyal Customer
CUST027944,208,1,1070.0,2,2,3,Lost
CUST027945,133,8,3919.26,3,5,5,Loyal Customer
CUST027946,220,3,2103.32,2,4,4,At Risk
CUST027947,697,1,985.37,1,2,3,Lost
CUST027949,2,3,1458.5,5,4,3,Loyal Customer
CUST027950,739,1,1127.06,1,2,3,Lost
CUST027951,114,3,1329.51,3,4,3,Loyal Customer
CUST027954,246,6,4603.26,2,5,5,At Risk
CUST027956,252,1,199.36,2,2,1,Lost
CUST027957,381,2,1479.69,2,3,3,At Risk
CUST027958,12,14,7255.77,5,5,5,Champion
CUST027959,11,2,2180.87,5,3,4,Loyal Customer
CUST027961,23,3,1918.25,5,4,4,Champion
CUST027963,14,29,11528.29,5,5,5,Champion
CUST027964,200,2,881.45,3,3,3,Loyal Customer
CUST027965,444,1,359.28,1,2,1,Lost
CUST027967,140,2,371.2,3,3,1,Loyal Customer
CUST027968,109,3,4156.96,3,4,5,Loyal Customer
CUST027971,37,2,216.63,5,3,1,Loyal Customer
CUST027972,985,1,812.6,1,2,2,Lost
CUST027975,442,4,706.42,1,4,2,At Risk
CUST027977,296,3,865.4399999999999,2,4,2,At Risk
CUST027978,127,7,3717.9,3,5,5,Loyal Customer
CUST027979,30,4,2119.3199999999997,5,4,4,Champion
CUST027982,106,16,9726.33,3,5,5,Loyal Customer
CUST027983,80,4,2308.0,4,4,4,Champion
CUST027984,122,12,9627.79,3,5,5,Loyal Customer
CUST027985,1,31,19278.53,5,5,5,Champion
CUST027988,82,3,1051.06,4,4,3,Loyal Customer
CUST027996,252,1,518.35,2,2,2,Lost
CUST027998,21,2,266.47,5,3,1,Loyal Customer
CUST027999,5,9,1881.93,5,5,4,Champion
CUST028002,62,1,571.72,4,2,2,Needs Attention
CUST028003,163,4,3038.22,3,4,5,Loyal Customer
CUST028004,342,1,1288.29,2,2,3,Lost
CUST028006,163,1,1325.05,3,2,3,Needs Attention
CUST028008,1,4,2707.47,5,4,4,Champion
CUST028009,518,1,103.32,1,2,1,Lost
CUST028010,222,1,60.2,2,2,1,Lost
CUST028011,870,1,80.54,1,2,1,Lost
CUST028013,167,1,86.21,3,2,1,Needs Attention
CUST028014,244,1,372.7,2,2,1,Lost
CUST028017,49,2,1189.35,4,3,3,Loyal Customer
CUST028019,192,1,94.96,3,2,1,Needs Attention
CUST028020,82,7,2183.4,4,5,4,Champion
CUST028023,51,3,1303.23,4,4,3,Loyal Customer
CUST028024,136,2,790.09,3,3,2,Loyal Customer
CUST028025,87,6,2883.6,4,5,4,Champion
CUST028026,219,2,1050.01,2,3,3,At Risk
CUST028027,132,2,2415.32,3,3,4,Loyal Customer
CUST028028,146,3,1106.5500000000002,3,4,3,Loyal Customer
CUST028029,306,1,191.27,2,2,1,Lost
CUST028030,692,1,286.26,1,2,1,Lost
CUST028031,191,2,77.85,3,3,1,Loyal Customer
CUST028034,502,1,184.56,1,2,1,Lost
CUST028036,217,1,119.95,2,2,1,Lost
CUST028038,513,2,2614.11,1,3,4,At Risk
CUST028042,287,2,1469.46,2,3,3,At Risk
CUST028043,491,1,825.99,1,2,2,Lost
CUST028044,505,1,49.03,1,2,1,Lost
CUST028046,10,5,1601.6100000000001,5,5,4,Champion
CUST028047,376,1,410.76,2,2,1,Lost
CUST028049,556,3,1776.4,1,4,4,At Risk
CUST028051,76,2,686.96,4,3,2,Loyal Customer
CUST028052,83,1,687.24,4,2,2,Needs Attention
CUST028055,159,8,4813.389999999999,3,5,5,Loyal Customer
CUST028057,27,7,6715.81,5,5,5,Champion
CUST028058,58,5,3751.13,4,5,5,Champion
CUST028059,293,4,3505.12,2,4,5,At Risk
CUST028062,27,18,9246.91,5,5,5,Champion
CUST028063,1,8,3032.11,5,5,5,Champion
CUST028065,455,1,488.29,1,2,2,Lost
CUST028066,632,2,666.6,1,3,2,At Risk
CUST028067,349,3,4398.52,2,4,5,At Risk
CUST028068,354,1,870.47,2,2,2,Lost
CUST028069,253,1,716.17,2,2,2,Lost
CUST028070,195,4,2094.99,3,4,4,Loyal Customer
CUST028071,47,2,1275.3400000000001,4,3,3,Loyal Customer
CUST028073,392,2,841.36,1,3,2,At Risk
CUST028074,158,13,6035.81,3,5,5,Loyal Customer
CUST028075,969,2,1703.48,1,3,4,At Risk
CUST028076,53,5,3763.33,4,5,5,Champion
CUST028078,20,2,904.08,5,3,3,Loyal Customer
CUST028079,181,3,2230.81,3,4,4,Loyal Customer
CUST028080,72,5,3330.54,4,5,5,Champion
CUST028081,147,11,6351.57,3,5,5,Loyal Customer
CUST028083,93,7,3876.3199999999997,4,5,5,Champion
CUST028084,193,1,562.2,3,2,2,Needs Attention
CUST028085,713,1,262.11,1,2,1,Lost
CUST028086,92,3,969.75,4,4,3,Loyal Customer
CUST028087,420,2,1868.6399999999999,1,3,4,At Risk
CUST028088,106,10,3600.24,3,5,5,Loyal Customer
CUST028090,186,3,2027.6899999999998,3,4,4,Loyal Customer
CUST028094,155,2,633.61,3,3,2,Loyal Customer
CUST028095,12,2,660.87,5,3,2,Loyal Customer
CUST028098,279,1,1200.69,2,2,3,Lost
CUST028099,68,2,1740.98,4,3,4,Loyal Customer
CUST028100,8,11,8017.950000000001,5,5,5,Champion
CUST028101,263,2,567.6600000000001,2,3,2,At Risk
CUST028103,40,8,5606.34,4,5,5,Champion
CUST028104,69,9,7008.32,4,5,5,Champion
CUST028106,219,2,1112.24,2,3,3,At Risk
CUST028107,43,2,1081.43,4,3,3,Loyal Customer
CUST028108,58,2,3339.3599999999997,4,3,5,Loyal Customer
CUST028109,163,3,829.53,3,4,2,Loyal Customer
CUST028110,342,2,1435.56,2,3,3,At Risk
CUST028111,166,3,2888.25,3,4,4,Loyal Customer
CUST028112,138,2,273.46,3,3,1,Loyal Customer
CUST028113,87,1,1539.41,4,2,3,Needs Attention
CUST028116,14,4,2566.5099999999998,5,4,4,Champion
CUST028117,79,1,195.55,4,2,1,Needs Attention
CUST028118,223,1,358.72,2,2,1,Lost
CUST028120,50,4,2423.1800000000003,4,4,4,Champion
CUST028121,179,1,319.52,3,2,1,Needs Attention
CUST028122,237,4,1898.4099999999999,2,4,4,At Risk
CUST028124,156,2,276.73,3,3,1,Loyal Customer
CUST028125,352,1,1167.19,2,2,3,Lost
CUST028126,130,2,1271.19,3,3,3,Loyal Customer
CUST028128,299,2,1312.98,2,3,3,At Risk
CUST028130,37,1,1314.34,5,2,3,Needs Attention
CUST028132,365,2,838.8599999999999,2,3,2,At Risk
CUST028133,41,5,3302.62,4,5,5,Champion
CUST028134,529,1,457.04,1,2,2,Lost
CUST028137,160,2,1668.4,3,3,4,Loyal Customer
CUST028138,119,7,4762.610000000001,3,5,5,Loyal Customer
CUST028139,11,3,2010.94,5,4,4,Champion
CUST028140,212,3,831.75,2,4,2,At Risk
CUST028141,5,10,5921.73,5,5,5,Champion
CUST028143,5,3,1101.4299999999998,5,4,3,Loyal Customer
CUST028144,142,1,850.48,3,2,2,Needs Attention
CUST028145,88,13,6034.13,4,5,5,Champion
CUST028147,772,1,823.43,1,2,2,Lost
CUST028149,466,1,704.1,1,2,2,Lost
CUST028150,868,1,616.65,1,2,2,Lost
CUST028154,191,1,294.54,3,2,1,Needs Attention
CUST028155,184,2,796.19,3,3,2,Loyal Customer
CUST028159,4,8,4621.58,5,5,5,Champion
CUST028160,268,2,855.0,2,3,2,At Risk
CUST028161,36,2,1556.8400000000001,5,3,3,Loyal Customer
CUST028162,120,1,1795.8,3,2,4,Needs Attention
CUST028165,74,2,969.9,4,3,3,Loyal Customer
CUST028166,131,1,89.59,3,2,1,Needs Attention
CUST028167,224,2,1077.67,2,3,3,At Risk
CUST028168,117,2,827.52,3,3,2,Loyal Customer
CUST028169,105,1,274.98,3,2,1,Needs Attention
CUST028170,262,4,1898.5,2,4,4,At Risk
CUST028171,285,1,1451.31,2,2,3,Lost
CUST028173,308,1,1195.95,2,2,3,Lost
CUST028175,359,2,1854.6799999999998,2,3,4,At Risk
CUST028178,84,5,2881.42,4,5,4,Champion
CUST028179,50,1,1380.2,4,2,3,Needs Attention
CUST028180,523,1,120.24,1,2,1,Lost
CUST028181,421,1,2203.79,1,2,4,Lost
CUST028182,66,1,1176.06,4,2,3,Needs Attention
CUST028185,49,5,3116.59,4,5,5,Champion
CUST028186,380,7,3864.54,2,5,5,At Risk
CUST028187,89,3,1638.5300000000002,4,4,4,Champion
CUST028188,597,1,612.68,1,2,2,Lost
CUST028189,518,1,243.07,1,2,1,Lost
CUST028190,568,2,431.55999999999995,1,3,1,At Risk
CUST028192,185,3,1935.39,3,4,4,Loyal Customer
CUST028194,472,1,237.9,1,2,1,Lost
CUST028195,985,1,539.75,1,2,2,Lost
CUST028197,334,2,864.01,2,3,2,At Risk
CUST028198,169,7,4090.86,3,5,5,Loyal Customer
CUST028200,20,3,1459.8600000000001,5,4,3,Loyal Customer
CUST028201,425,2,2739.83,1,3,4,At Risk
CUST028204,981,1,1033.54,1,2,3,Lost
CUST028205,99,1,389.51,4,2,1,Needs Attention
CUST028207,108,1,262.1,3,2,1,Needs Attention
CUST028209,140,3,2064.52,3,4,4,Loyal Customer
CUST028211,233,4,833.79,2,4,2,At Risk
CUST028212,48,7,3972.22,4,5,5,Champion
CUST028213,113,1,497.45,3,2,2,Needs Attention
CUST028215,56,3,1155.5,4,4,3,Loyal Customer
CUST028216,52,2,819.62,4,3,2,Loyal Customer
CUST028217,276,2,740.46,2,3,2,At Risk
CUST028218,547,1,551.07,1,2,2,Lost
CUST028221,6,13,4700.26,5,5,5,Champion
CUST028223,73,4,2354.04,4,4,4,Champion
CUST028224,11,2,528.98,5,3,2,Loyal Customer
CUST028226,76,1,275.33,4,2,1,Needs Attention
CUST028227,61,2,604.87,4,3,2,Loyal Customer
CUST028228,40,1,661.83,4,2,2,Needs Attention
CUST028230,164,5,4731.05,3,5,5,Loyal Customer
CUST028232,367,1,1071.39,2,2,3,Lost
CUST028233,236,2,632.72,2,3,2,At Risk
CUST028234,22,10,4981.76,5,5,5,Champion
CUST028237,827,1,118.61,1,2,1,Lost
CUST028238,6,5,2336.88,5,5,4,Champion
CUST028239,495,1,939.84,1,2,3,Lost
CUST028240,758,1,425.72,1,2,1,Lost
CUST028241,76,11,4793.69,4,5,5,Champion
CUST028242,93,2,2212.02,4,3,4,Loyal Customer
CUST028243,146,1,1523.05,3,2,3,Needs Attention
CUST028244,22,2,2048.45,5,3,4,Loyal Customer
CUST028245,408,2,861.31,1,3,2,At Risk
CUST028246,944,1,418.39,1,2,1,Lost
CUST028248,12,74,36590.92,5,5,5,Champion
CUST028251,6,1,1362.38,5,2,3,Needs Attention
CUST028254,46,5,721.94,4,5,2,Loyal Customer
CUST028255,469,1,695.06,1,2,2,Lost
CUST028256,26,7,4668.53,5,5,5,Champion
CUST028260,45,2,214.56,4,3,1,Loyal Customer
CUST028262,57,4,1212.82,4,4,3,Loyal Customer
CUST028263,124,2,354.27,3,3,1,Loyal Customer
CUST028264,193,3,2488.18,3,4,4,Loyal Customer
CUST028265,21,11,9088.56,5,5,5,Champion
CUST028266,134,1,62.0,3,2,1,Needs Attention
CUST028268,7,1,897.21,5,2,3,Needs Attention
CUST028269,126,1,382.64,3,2,1,Needs Attention
CUST028270,161,2,1117.3799999999999,3,3,3,Loyal Customer
CUST028272,193,3,2988.02,3,4,5,Loyal Customer
CUST028273,353,3,1344.8,2,4,3,At Risk
CUST028276,132,2,1103.8,3,3,3,Loyal Customer
CUST028277,71,13,8914.279999999999,4,5,5,Champion
CUST028279,382,2,926.5899999999999,2,3,3,At Risk
CUST028280,197,2,640.71,3,3,2,Loyal Customer
CUST028282,69,4,2666.36,4,4,4,Champion
CUST028283,224,1,286.31,2,2,1,Lost
CUST028284,320,2,1008.9499999999999,2,3,3,At Risk
CUST028285,435,1,448.13,1,2,2,Lost
CUST028286,82,1,1107.57,4,2,3,Needs Attention
CUST028288,48,7,2116.5499999999997,4,5,4,Champion
CUST028289,234,6,3617.1000000000004,2,5,5,At Risk
CUST028290,39,5,3988.06,5,5,5,Champion
CUST028291,125,2,780.6400000000001,3,3,2,Loyal Customer
CUST028293,84,1,972.26,4,2,3,Needs Attention
CUST028294,153,1,69.48,3,2,1,Needs Attention
CUST028295,150,1,533.44,3,2,2,Needs Attention
CUST028296,375,1,439.5,2,2,2,Lost
CUST028300,79,3,991.62,4,4,3,Loyal Customer
CUST028301,148,9,7986.89,3,5,5,Loyal Customer
CUST028302,81,4,2507.92,4,4,4,Champion
CUST028303,35,4,2352.7,5,4,4,Champion
CUST028307,167,2,636.4200000000001,3,3,2,Loyal Customer
CUST028308,732,1,260.37,1,2,1,Lost
CUST028309,20,1,45.87,5,2,1,Needs Attention
CUST028310,90,5,1951.08,4,5,4,Champion
CUST028311,255,3,2832.9,2,4,4,At Risk
CUST028313,31,4,1999.3000000000002,5,4,4,Champion
CUST028314,6,23,10775.97,5,5,5,Champion
CUST028315,120,2,1096.55,3,3,3,Loyal Customer
CUST028318,557,2,954.9000000000001,1,3,3,At Risk
CUST028319,705,1,675.4,1,2,2,Lost
CUST028321,48,10,5922.13,4,5,5,Champion
CUST028322,48,10,4694.26,4,5,5,Champion
CUST028323,65,4,1351.78,4,4,3,Loyal Customer
CUST028324,33,12,5033.74,5,5,5,Champion
CUST028328,262,5,1940.95,2,5,4,At Risk
CUST028329,70,6,2064.83,4,5,4,Champion
CUST028331,114,2,1087.13,3,3,3,Loyal Customer
CUST028335,67,3,1791.38,4,4,4,Champion
CUST028336,687,1,97.79,1,2,1,Lost
CUST028338,375,1,645.1,2,2,2,Lost
CUST028340,47,2,1396.46,4,3,3,Loyal Customer
CUST028341,296,2,1881.78,2,3,4,At Risk
CUST028342,133,1,413.08,3,2,1,Needs Attention
CUST028343,196,2,2497.8599999999997,3,3,4,Loyal Customer
CUST028344,79,2,659.34,4,3,2,Loyal Customer
CUST028345,230,6,4741.03,2,5,5,At Risk
CUST028346,51,4,2219.29,4,4,4,Champion
CUST028347,149,1,1760.6,3,2,4,Needs Attention
CUST028349,162,3,2049.83,3,4,4,Loyal Customer
CUST028351,68,3,1817.24,4,4,4,Champion
CUST028352,42,4,2722.13,4,4,4,Champion
CUST028355,62,2,1670.71,4,3,4,Loyal Customer
CUST028356,805,1,584.39,1,2,2,Lost
CUST028357,11,6,3288.4,5,5,5,Champion
CUST028358,245,2,1979.4,2,3,4,At Risk
CUST028359,195,3,1081.52,3,4,3,Loyal Customer
CUST028362,51,1,2470.05,4,2,4,Needs Attention
CUST028364,79,2,1018.16,4,3,3,Loyal Customer
CUST028366,463,1,341.09,1,2,1,Lost
CUST028369,281,2,1714.4299999999998,2,3,4,At Risk
CUST028370,748,1,566.95,1,2,2,Lost
CUST028371,521,1,586.2,1,2,2,Lost
CUST028372,134,2,336.65,3,3,1,Loyal Customer
CUST028373,134,1,95.77,3,2,1,Needs Attention
CUST028374,9,33,14432.31,5,5,5,Champion
CUST028376,93,1,817.16,4,2,2,Needs Attention
CUST028377,73,9,4938.67,4,5,5,Champion
CUST028379,81,1,198.97,4,2,1,Needs Attention
CUST028380,146,4,2702.5899999999997,3,4,4,Loyal Customer
CUST028381,53,5,3260.19,4,5,5,Champion
CUST028383,29,2,837.34,5,3,2,Loyal Customer
CUST028384,276,1,988.36,2,2,3,Lost
CUST028385,27,4,2647.45,5,4,4,Champion
CUST028387,304,1,310.88,2,2,1,Lost
CUST028390,322,1,320.33,2,2,1,Lost
CUST028392,93,5,2104.59,4,5,4,Champion
CUST028393,346,2,1611.1399999999999,2,3,4,At Risk
CUST028395,446,2,703.89,1,3,2,At Risk
CUST028396,611,1,225.93,1,2,1,Lost
CUST028397,36,5,3771.73,5,5,5,Champion
CUST028399,812,2,1237.1999999999998,1,3,3,At Risk
CUST028400,345,1,565.01,2,2,2,Lost
CUST028401,532,1,157.98,1,2,1,Lost
CUST028403,359,4,1193.08,2,4,3,At Risk
CUST028404,188,1,231.19,3,2,1,Needs Attention
CUST028405,163,2,393.9,3,3,1,Loyal Customer
CUST028408,346,1,725.3,2,2,2,Lost
CUST028409,30,2,1129.5,5,3,3,Loyal Customer
CUST028410,743,1,226.57,1,2,1,Lost
CUST028411,32,2,747.89,5,3,2,Loyal Customer
CUST028412,85,4,1914.71,4,4,4,Champion
CUST028413,176,2,770.8299999999999,3,3,2,Loyal Customer
CUST028416,305,1,911.58,2,2,3,Lost
CUST028417,231,2,1629.57,2,3,4,At Risk
CUST028418,20,1,380.02,5,2,1,Needs Attention
CUST028419,765,1,316.56,1,2,1,Lost
CUST028420,45,30,15616.39,4,5,5,Champion
CUST028422,291,1,480.35,2,2,2,Lost
CUST028424,362,2,989.0300000000001,2,3,3,At Risk
CUST028426,635,1,2325.46,1,2,4,Lost
CUST028427,717,1,1376.3,1,2,3,Lost
CUST028428,215,11,7468.93,2,5,5,At Risk
CUST028430,501,1,371.7,1,2,1,Lost
CUST028432,184,4,3550.46,3,4,5,Loyal Customer
CUST028434,153,5,2805.81,3,5,4,Loyal Customer
CUST028435,443,1,508.15,1,2,2,Lost
CUST028441,693,1,1215.08,1,2,3,Lost
CUST028443,559,1,332.25,1,2,1,Lost
CUST028444,5,5,2408.6,5,5,4,Champion
CUST028445,148,2,1135.3200000000002,3,3,3,Loyal Customer
CUST028447,463,1,952.54,1,2,3,Lost
CUST028448,24,6,3708.55,5,5,5,Champion
CUST028449,297,1,538.83,2,2,2,Lost
CUST028450,112,2,1355.1599999999999,3,3,3,Loyal Customer
CUST028452,4,4,2155.68,5,4,4,Champion
CUST028453,85,2,1337.22,4,3,3,Loyal Customer
CUST028454,22,1,412.92,5,2,1,Needs Attention
CUST028455,130,2,310.84000000000003,3,3,1,Loyal Customer
CUST028456,28,2,718.12,5,3,2,Loyal Customer
CUST028460,262,4,1939.2,2,4,4,At Risk
CUST028462,15,15,7979.92,5,5,5,Champion
CUST028463,64,12,6080.61,4,5,5,Champion
CUST028464,652,1,330.29,1,2,1,Lost
CUST028465,133,3,1438.53,3,4,3,Loyal Customer
CUST028467,40,5,2860.71,4,5,4,Champion
CUST028468,692,1,133.8,1,2,1,Lost
CUST028469,50,3,1491.71,4,4,3,Loyal Customer
CUST028470,6,3,3156.67,5,4,5,Champion
CUST028471,245,5,6290.11,2,5,5,At Risk
CUST028472,81,4,1279.96,4,4,3,Loyal Customer
CUST028473,157,2,826.88,3,3,2,Loyal Customer
CUST028474,113,5,1748.45,3,5,4,Loyal Customer
CUST028475,433,1,52.71,1,2,1,Lost
CUST028476,101,2,1309.44,4,3,3,Loyal Customer
CUST028477,14,13,7595.4400000000005,5,5,5,Champion
CUST028478,213,1,293.19,2,2,1,Lost
CUST028480,534,3,1905.0100000000002,1,4,4,At Risk
CUST028481,702,1,1340.84,1,2,3,Lost
CUST028484,284,3,1969.44,2,4,4,At Risk
CUST028485,390,2,1107.84,2,3,3,At Risk
CUST028486,14,1,1117.89,5,2,3,Needs Attention
CUST028487,268,3,1796.4299999999998,2,4,4,At Risk
CUST028488,41,4,1671.5,4,4,4,Champion
CUST028489,54,6,1586.72,4,5,4,Champion
CUST028491,420,2,612.3,1,3,2,At Risk
CUST028492,80,3,2755.06,4,4,4,Champion
CUST028493,429,1,495.51,1,2,2,Lost
CUST028494,2,7,2550.01,5,5,4,Champion
CUST028495,132,1,519.62,3,2,2,Needs Attention
CUST028496,48,1,1228.36,4,2,3,Needs Attention
CUST028497,363,1,1031.22,2,2,3,Lost
CUST028498,361,1,108.71,2,2,1,Lost
CUST028499,105,1,267.64,3,2,1,Needs Attention
CUST028501,351,1,463.34,2,2,2,Lost
CUST028502,210,1,701.72,2,2,2,Lost
CUST028505,61,3,2069.6,4,4,4,Champion
CUST028506,194,1,40.89,3,2,1,Needs Attention
CUST028507,329,2,787.26,2,3,2,At Risk
CUST028509,292,1,496.42,2,2,2,Lost
CUST028511,32,3,789.62,5,4,2,Loyal Customer
CUST028514,206,4,1088.23,2,4,3,At Risk
CUST028515,42,6,3133.2999999999997,4,5,5,Champion
CUST028518,16,3,1372.05,5,4,3,Loyal Customer
CUST028519,25,8,5412.63,5,5,5,Champion
CUST028521,15,9,6319.85,5,5,5,Champion
CUST028523,33,2,2129.88,5,3,4,Loyal Customer
CUST028525,39,4,2670.69,5,4,4,Champion
CUST028527,508,1,204.97,1,2,1,Lost
CUST028528,20,1,55.1,5,2,1,Needs Attention
CUST028529,544,1,308.26,1,2,1,Lost
CUST028530,28,3,1913.87,5,4,4,Champion
CUST028531,66,12,6025.49,4,5,5,Champion
CUST028532,28,24,9683.4,5,5,5,Champion
CUST028533,59,2,448.63,4,3,2,Loyal Customer
CUST028534,41,6,2446.17,4,5,4,Champion
CUST028535,43,7,3835.6000000000004,4,5,5,Champion
CUST028539,760,1,40.89,1,2,1,Lost
CUST028540,98,12,6611.62,4,5,5,Champion
CUST028542,40,4,2247.36,4,4,4,Champion
CUST028543,163,5,1844.9099999999999,3,5,4,Loyal Customer
CUST028544,185,6,4234.15,3,5,5,Loyal Customer
CUST028545,254,4,3236.08,2,4,5,At Risk
CUST028546,92,6,2451.05,4,5,4,Champion
CUST028547,240,2,1227.49,2,3,3,At Risk
CUST028548,500,1,354.15,1,2,1,Lost
CUST028549,246,1,1486.61,2,2,3,Lost
CUST028552,129,5,2350.62,3,5,4,Loyal Customer
CUST028553,71,1,946.67,4,2,3,Needs Attention
CUST028556,5,9,6382.06,5,5,5,Champion
CUST028557,57,3,2156.2,4,4,4,Champion
CUST028559,19,1,126.87,5,2,1,Needs Attention
CUST028560,4,110,51518.25,5,5,5,Champion
CUST028561,31,17,9387.6,5,5,5,Champion
CUST028562,178,1,237.44,3,2,1,Needs Attention
CUST028563,436,1,316.56,1,2,1,Lost
CUST028564,501,3,2365.5,1,4,4,At Risk
CUST028565,30,4,2301.83,5,4,4,Champion
CUST028566,280,8,4162.400000000001,2,5,5,At Risk
CUST028568,20,19,10837.5,5,5,5,Champion
CUST028569,242,2,953.7,2,3,3,At Risk
CUST028570,52,2,565.08,4,3,2,Loyal Customer
CUST028572,140,1,353.99,3,2,1,Needs Attention
CUST028573,171,5,4062.78,3,5,5,Loyal Customer
CUST028575,946,1,148.73,1,2,1,Lost
CUST028576,628,1,1260.47,1,2,3,Lost
CUST028577,26,9,4951.01,5,5,5,Champion
CUST028581,33,4,1944.09,5,4,4,Champion
CUST028582,279,1,545.04,2,2,2,Lost
CUST028585,37,10,7130.38,5,5,5,Champion
CUST028586,72,10,5743.11,4,5,5,Champion
CUST028589,663,1,313.69,1,2,1,Lost
CUST028590,453,1,586.77,1,2,2,Lost
CUST028591,74,1,466.05,4,2,2,Needs Attention
CUST028594,351,1,675.77,2,2,2,Lost
CUST028595,174,2,1759.7800000000002,3,3,4,Loyal Customer
CUST028597,71,3,2088.22,4,4,4,Champion
CUST028598,161,1,566.95,3,2,2,Needs Attention
CUST028599,72,5,1770.24,4,5,4,Champion
CUST028601,21,1,86.21,5,2,1,Needs Attention
CUST028602,111,2,389.33,3,3,1,Loyal Customer
CUST028603,472,1,390.7,1,2,1,Lost
CUST028606,29,12,5082.76,5,5,5,Champion
CUST028607,414,2,1849.7399999999998,1,3,4,At Risk
CUST028608,18,2,565.4300000000001,5,3,2,Loyal Customer
CUST028609,355,1,387.17,2,2,1,Lost
CUST028612,556,1,1741.17,1,2,4,Lost
CUST028613,227,1,1321.98,2,2,3,Lost
CUST028614,126,3,1996.1499999999999,3,4,4,Loyal Customer
CUST028617,680,1,288.9,1,2,1,Lost
CUST028618,467,2,1110.2,1,3,3,At Risk
CUST028619,196,1,1337.99,3,2,3,Needs Attention
CUST028621,110,1,291.02,3,2,1,Needs Attention
CUST028622,314,1,1051.34,2,2,3,Lost
CUST028625,346,1,346.14,2,2,1,Lost
CUST028628,17,10,3379.9100000000003,5,5,5,Champion
CUST028630,6,6,2413.25,5,5,4,Champion
CUST028631,526,1,1828.36,1,2,4,Lost
CUST028635,210,4,1928.8,2,4,4,At Risk
CUST028636,16,2,765.22,5,3,2,Loyal Customer
CUST028637,79,3,1583.48,4,4,4,Champion
CUST028640,443,1,56.77,1,2,1,Lost
CUST028641,198,2,1294.44,3,3,3,Loyal Customer
CUST028647,100,2,367.51,4,3,1,Loyal Customer
CUST028648,268,1,298.45,2,2,1,Lost
CUST028652,770,1,372.7,1,2,1,Lost
CUST028653,101,1,1002.35,4,2,3,Needs Attention
CUST028654,641,1,639.56,1,2,2,Lost
CUST028659,907,1,1768.21,1,2,4,Lost
CUST028661,635,1,268.65,1,2,1,Lost
CUST028662,115,4,1596.82,3,4,4,Loyal Customer
CUST028663,30,4,2676.66,5,4,4,Champion
CUST028664,16,2,506.29,5,3,2,Loyal Customer
CUST028669,174,3,2537.7200000000003,3,4,4,Loyal Customer
CUST028670,125,2,1654.0,3,3,4,Loyal Customer
CUST028671,27,5,2106.81,5,5,4,Champion
CUST028672,133,8,4647.77,3,5,5,Loyal Customer
CUST028673,178,4,1251.49,3,4,3,Loyal Customer
CUST028674,2,4,3223.28,5,4,5,Champion
CUST028676,295,1,604.51,2,2,2,Lost
CUST028678,84,12,4818.38,4,5,5,Champion
CUST028681,58,2,991.78,4,3,3,Loyal Customer
CUST028684,74,3,2890.52,4,4,4,Champion
CUST028686,711,1,1500.33,1,2,3,Lost
CUST028688,108,2,541.86,3,3,2,Loyal Customer
CUST028690,336,4,2034.9499999999998,2,4,4,At Risk
CUST028693,261,1,737.25,2,2,2,Lost
CUST028694,375,1,176.52,2,2,1,Lost
CUST028695,105,5,4122.68,3,5,5,Loyal Customer
CUST028696,193,2,791.98,3,3,2,Loyal Customer
CUST028697,314,4,1339.9599999999998,2,4,3,At Risk
CUST028698,269,1,424.4,2,2,1,Lost
CUST028701,64,1,637.65,4,2,2,Needs Attention
CUST028702,456,1,574.35,1,2,2,Lost
CUST028703,446,1,99.33,1,2,1,Lost
CUST028704,35,1,486.13,5,2,2,Needs Attention
CUST028709,10,31,14953.33,5,5,5,Champion
CUST028710,47,6,2988.71,4,5,5,Champion
CUST028711,566,3,3925.1800000000003,1,4,5,At Risk
CUST028712,394,2,616.14,1,3,2,At Risk
CUST028713,364,2,1394.08,2,3,3,At Risk
CUST028715,418,1,148.73,1,2,1,Lost
CUST028716,42,2,1837.3799999999999,4,3,4,Loyal Customer
CUST028719,49,2,558.95,4,3,2,Loyal Customer
CUST028720,88,1,258.19,4,2,1,Needs Attention
CUST028722,647,1,1921.84,1,2,4,Lost
CUST028723,13,6,2762.54,5,5,4,Champion
CUST028724,41,3,2550.85,4,4,4,Champion
CUST028725,163,1,2132.1,3,2,4,Needs Attention
CUST028726,517,1,85.96,1,2,1,Lost
CUST028727,28,6,3154.3199999999997,5,5,5,Champion
CUST028728,86,1,1282.83,4,2,3,Needs Attention
CUST028730,347,4,2029.3500000000001,2,4,4,At Risk
CUST028731,67,1,547.84,4,2,2,Needs Attention
CUST028732,16,11,6144.22,5,5,5,Champion
CUST028733,46,3,2005.96,4,4,4,Champion
CUST028734,416,1,107.64,1,2,1,Lost
CUST028735,76,11,7844.51,4,5,5,Champion
CUST028736,154,1,947.19,3,2,3,Needs Attention
CUST028737,21,2,303.86,5,3,1,Loyal Customer
CUST028738,156,3,2713.77,3,4,4,Loyal Customer
CUST028739,653,2,955.03,1,3,3,At Risk
CUST028740,356,2,1522.63,2,3,3,At Risk
CUST028743,126,9,3131.42,3,5,5,Loyal Customer
CUST028746,195,4,1298.2,3,4,3,Loyal Customer
CUST028748,636,1,935.57,1,2,3,Lost
CUST028749,60,4,1713.98,4,4,4,Champion
CUST028751,346,2,545.91,2,3,2,At Risk
CUST028752,209,2,313.63,2,3,1,At Risk
CUST028755,413,1,353.63,1,2,1,Lost
CUST028757,33,2,799.2,5,3,2,Loyal Customer
CUST028758,175,2,889.9000000000001,3,3,3,Loyal Customer
CUST028759,210,3,2513.52,2,4,4,At Risk
CUST028760,71,2,449.76,4,3,2,Loyal Customer
CUST028761,167,6,2493.2200000000003,3,5,4,Loyal Customer
CUST028762,65,4,2575.53,4,4,4,Champion
CUST028763,36,5,2753.87,5,5,4,Champion
CUST028764,274,3,834.65,2,4,2,At Risk
CUST028765,297,1,1266.87,2,2,3,Lost
CUST028769,1062,1,264.33,1,2,1,Lost
CUST028770,26,3,3111.9300000000003,5,4,5,Champion
CUST028771,65,1,525.97,4,2,2,Needs Attention
CUST028772,154,6,1832.1200000000001,3,5,4,Loyal Customer
CUST028774,110,6,4794.63,3,5,5,Loyal Customer
CUST028775,159,1,541.59,3,2,2,Needs Attention
CUST028777,110,2,1173.38,3,3,3,Loyal Customer
CUST028778,155,1,85.29,3,2,1,Needs Attention
CUST028780,136,1,496.57,3,2,2,Needs Attention
CUST028783,583,1,244.32,1,2,1,Lost
CUST028784,5,5,3430.6800000000003,5,5,5,Champion
CUST028785,319,1,47.22,2,2,1,Lost
CUST028786,46,1,167.31,4,2,1,Needs Attention
CUST028787,413,1,977.46,1,2,3,Lost
CUST028788,160,3,799.85,3,4,2,Loyal Customer
CUST028790,598,1,607.1,1,2,2,Lost
CUST028793,595,2,400.73,1,3,1,At Risk
CUST028794,864,2,935.27,1,3,3,At Risk
CUST028795,43,4,3620.68,4,4,5,Champion
CUST028797,23,19,9488.36,5,5,5,Champion
CUST028798,46,5,3387.8599999999997,4,5,5,Champion
CUST028799,19,1,362.71,5,2,1,Needs Attention
CUST028800,32,1,296.51,5,2,1,Needs Attention
CUST028801,192,1,319.45,3,2,1,Needs Attention
CUST028803,76,1,293.94,4,2,1,Needs Attention
CUST028804,4,2,1106.1100000000001,5,3,3,Loyal Customer
CUST028808,406,2,684.88,1,3,2,At Risk
CUST028811,52,3,1164.77,4,4,3,Loyal Customer
CUST028812,112,1,89.46,3,2,1,Needs Attention
CUST028813,106,2,1795.6299999999999,3,3,4,Loyal Customer
CUST028814,273,1,425.72,2,2,1,Lost
CUST028815,120,3,2600.74,3,4,4,Loyal Customer
CUST028816,28,7,4485.0599999999995,5,5,5,Champion
CUST028818,746,1,189.51,1,2,1,Lost
CUST028819,537,1,231.53,1,2,1,Lost
CUST028820,59,4,1565.5,4,4,4,Champion
CUST028822,414,1,217.92,1,2,1,Lost
CUST028823,58,2,772.9699999999999,4,3,2,Loyal Customer
CUST028824,97,7,3104.08,4,5,5,Champion
CUST028825,22,4,2022.4299999999998,5,4,4,Champion
CUST028826,429,1,1033.92,1,2,3,Lost
CUST028827,82,3,3738.42,4,4,5,Champion
CUST028831,171,2,3944.95,3,3,5,Loyal Customer
CUST028833,40,3,3346.0699999999997,4,4,5,Champion
CUST028834,19,3,3541.6,5,4,5,Champion
CUST028836,696,1,1459.41,1,2,3,Lost
CUST028838,185,1,228.78,3,2,1,Needs Attention
CUST028839,583,1,391.08,1,2,1,Lost
CUST028840,264,1,474.76,2,2,2,Lost
CUST028842,692,1,783.27,1,2,2,Lost
CUST028843,203,2,1984.37,3,3,4,Loyal Customer
CUST028845,89,9,3163.6400000000003,4,5,5,Champion
CUST028846,125,2,1004.11,3,3,3,Loyal Customer
CUST028850,78,2,924.26,4,3,3,Loyal Customer
CUST028853,545,2,1825.33,1,3,4,At Risk
CUST028854,199,1,310.58,3,2,1,Needs Attention
CUST028855,28,4,2634.99,5,4,4,Champion
CUST028856,205,1,1765.17,2,2,4,Lost
CUST028858,22,4,3232.1099999999997,5,4,5,Champion
CUST028859,170,3,2380.38,3,4,4,Loyal Customer
CUST028860,187,3,2501.6400000000003,3,4,4,Loyal Customer
CUST028862,85,1,226.94,4,2,1,Needs Attention
CUST028863,6,15,11050.83,5,5,5,Champion
CUST028864,77,4,2172.45,4,4,4,Champion
CUST028866,454,2,914.3,1,3,3,At Risk
CUST028869,619,1,74.91,1,2,1,Lost
CUST028871,306,3,1688.12,2,4,4,At Risk
CUST028872,124,1,890.25,3,2,3,Needs Attention
CUST028873,4,32,17973.65,5,5,5,Champion
CUST028874,90,1,990.87,4,2,3,Needs Attention
CUST028876,22,12,4607.820000000001,5,5,5,Champion
CUST028877,855,1,302.27,1,2,1,Lost
CUST028881,66,3,1304.6100000000001,4,4,3,Loyal Customer
CUST028886,740,1,412.04,1,2,1,Lost
CUST028888,42,9,4714.3,4,5,5,Champion
CUST028893,38,1,995.56,5,2,3,Needs Attention
CUST028894,428,1,265.39,1,2,1,Lost
CUST028896,35,2,2269.33,5,3,4,Loyal Customer
CUST028897,441,1,115.09,1,2,1,Lost
CUST028898,43,1,102.49,4,2,1,Needs Attention
CUST028899,280,3,1482.29,2,4,3,At Risk
CUST028900,142,2,1771.5300000000002,3,3,4,Loyal Customer
CUST028902,416,2,1818.6000000000001,1,3,4,At Risk
CUST028903,583,2,1129.91,1,3,3,At Risk
CUST028905,115,1,1281.57,3,2,3,Needs Attention
CUST028906,155,2,682.12,3,3,2,Loyal Customer
CUST028907,669,1,411.18,1,2,1,Lost
CUST028908,342,1,543.09,2,2,2,Lost
CUST028909,267,2,343.08,2,3,1,At Risk
CUST028911,130,8,5649.51,3,5,5,Loyal Customer
CUST028913,131,2,921.12,3,3,3,Loyal Customer
CUST028914,10,25,18653.26,5,5,5,Champion
CUST028916,5,1,320.28,5,2,1,Needs Attention
CUST028918,22,4,1722.8000000000002,5,4,4,Champion
CUST028921,158,8,3525.54,3,5,5,Loyal Customer
CUST028923,353,1,358.91,2,2,1,Lost
CUST028926,95,2,498.76,4,3,2,Loyal Customer
CUST028929,113,4,893.76,3,4,3,Loyal Customer
CUST028930,38,1,566.51,5,2,2,Needs Attention
CUST028931,590,3,3149.32,1,4,5,At Risk
CUST028932,105,3,1288.02,3,4,3,Loyal Customer
CUST028933,213,3,1075.62,2,4,3,At Risk
CUST028935,121,2,1446.21,3,3,3,Loyal Customer
CUST028936,27,3,2334.29,5,4,4,Champion
CUST028937,73,3,2150.08,4,4,4,Champion
CUST028939,228,1,431.57,2,2,1,Lost
CUST028940,18,4,6711.77,5,4,5,Champion
CUST028941,49,7,3682.4,4,5,5,Champion
CUST028942,114,1,1509.3,3,2,3,Needs Attention
CUST028943,37,9,5225.53,5,5,5,Champion
CUST028944,405,2,1296.54,1,3,3,At Risk
CUST028945,584,1,280.51,1,2,1,Lost
CUST028946,226,1,150.63,2,2,1,Lost
CUST028947,75,7,4412.76,4,5,5,Champion
CUST028948,387,2,1539.4099999999999,2,3,3,At Risk
CUST028949,883,1,130.42,1,2,1,Lost
CUST028951,508,1,458.06,1,2,2,Lost
CUST028953,511,1,672.8,1,2,2,Lost
CUST028956,181,2,486.19,3,3,2,Loyal Customer
CUST028958,290,1,81.44,2,2,1,Lost
CUST028959,260,2,1081.71,2,3,3,At Risk
CUST028960,54,12,7387.18,4,5,5,Champion
CUST028961,228,1,703.44,2,2,2,Lost
CUST028962,125,2,752.98,3,3,2,Loyal Customer
CUST028963,18,3,1824.4700000000003,5,4,4,Champion
CUST028964,699,1,793.59,1,2,2,Lost
CUST028965,560,1,400.97,1,2,1,Lost
CUST028966,33,2,1084.5,5,3,3,Loyal Customer
CUST028967,81,12,8663.82,4,5,5,Champion
CUST028969,64,3,1125.09,4,4,3,Loyal Customer
CUST028970,260,3,1539.02,2,4,3,At Risk
CUST028971,62,3,2813.06,4,4,4,Champion
CUST028972,292,1,114.45,2,2,1,Lost
CUST028973,74,7,5033.61,4,5,5,Champion
CUST028974,233,2,1911.06,2,3,4,At Risk
CUST028977,380,1,3283.99,2,2,5,Lost
CUST028979,117,3,2309.46,3,4,4,Loyal Customer
CUST028980,17,1,1972.26,5,2,4,Needs Attention
CUST028981,474,2,327.2,1,3,1,At Risk
CUST028982,223,1,476.41,2,2,2,Lost
CUST028983,149,1,352.72,3,2,1,Needs Attention
CUST028984,99,3,458.84999999999997,4,4,2,Loyal Customer
CUST028986,204,1,266.72,2,2,1,Lost
CUST028989,331,3,2538.1400000000003,2,4,4,At Risk
CUST028990,125,1,1817.67,3,2,4,Needs Attention
CUST028991,29,2,1107.93,5,3,3,Loyal Customer
CUST028992,16,9,3259.9900000000002,5,5,5,Champion
CUST028993,59,3,2768.84,4,4,4,Champion
CUST028994,24,7,2984.49,5,5,5,Champion
CUST028995,649,1,854.35,1,2,2,Lost
CUST028997,161,8,4878.49,3,5,5,Loyal Customer
CUST029000,199,2,1807.7,3,3,4,Loyal Customer
CUST029003,169,1,817.62,3,2,2,Needs Attention
CUST029004,87,5,2922.02,4,5,5,Champion
CUST029007,8,4,2955.37,5,4,5,Champion
CUST029008,225,1,343.15,2,2,1,Lost
CUST029009,1,9,4150.63,5,5,5,Champion
CUST029010,216,1,155.47,2,2,1,Lost
CUST029011,116,7,3183.4900000000002,3,5,5,Loyal Customer
CUST029012,320,1,1453.98,2,2,3,Lost
CUST029013,269,2,667.56,2,3,2,At Risk
CUST029014,156,6,2908.2200000000003,3,5,5,Loyal Customer
CUST029015,83,7,3537.95,4,5,5,Champion
CUST029016,88,3,895.69,4,4,3,Loyal Customer
CUST029017,30,5,3530.91,5,5,5,Champion
CUST029018,136,1,307.14,3,2,1,Needs Attention
CUST029019,182,2,821.31,3,3,2,Loyal Customer
CUST029020,91,4,1912.67,4,4,4,Champion
CUST029022,383,2,1424.79,2,3,3,At Risk
CUST029023,275,1,315.32,2,2,1,Lost
CUST029024,433,1,287.09,1,2,1,Lost
CUST029028,826,1,1357.88,1,2,3,Lost
CUST029034,738,1,47.62,1,2,1,Lost
CUST029035,61,3,2416.7700000000004,4,4,4,Champion
CUST029037,220,9,6718.8099999999995,2,5,5,At Risk
CUST029039,291,1,608.18,2,2,2,Lost
CUST029040,28,3,973.79,5,4,3,Loyal Customer
CUST029043,261,1,96.43,2,2,1,Lost
CUST029044,105,4,2868.98,3,4,4,Loyal Customer
CUST029045,215,1,959.26,2,2,3,Lost
CUST029047,443,3,2431.08,1,4,4,At Risk
CUST029048,672,1,273.26,1,2,1,Lost
CUST029049,23,3,2777.7900000000004,5,4,4,Champion
CUST029050,204,1,473.44,2,2,2,Lost
CUST029051,310,2,831.84,2,3,2,At Risk
CUST029052,116,2,753.1800000000001,3,3,2,Loyal Customer
CUST029053,44,3,1211.88,4,4,3,Loyal Customer
CUST029054,27,3,5777.1900000000005,5,4,5,Champion
CUST029055,596,1,360.5,1,2,1,Lost
CUST029057,594,1,441.02,1,2,2,Lost
CUST029058,175,4,1088.3700000000001,3,4,3,Loyal Customer
CUST029060,103,3,2444.57,3,4,4,Loyal Customer
CUST029062,176,3,1265.24,3,4,3,Loyal Customer
CUST029065,121,2,605.72,3,3,2,Loyal Customer
CUST029067,449,1,243.13,1,2,1,Lost
CUST029068,20,7,7587.64,5,5,5,Champion
CUST029070,973,1,645.06,1,2,2,Lost
CUST029071,826,1,1263.84,1,2,3,Lost
CUST029073,372,1,265.84,2,2,1,Lost
CUST029074,242,1,361.7,2,2,1,Lost
CUST029075,44,2,2113.3199999999997,4,3,4,Loyal Customer
CUST029077,255,2,966.15,2,3,3,At Risk
CUST029078,73,3,935.61,4,4,3,Loyal Customer
CUST029079,289,1,1089.32,2,2,3,Lost
CUST029082,307,2,649.3,2,3,2,At Risk
CUST029084,2,7,4583.92,5,5,5,Champion
CUST029085,53,3,1241.1,4,4,3,Loyal Customer
CUST029086,41,11,5752.46,4,5,5,Champion
CUST029089,117,3,2217.87,3,4,4,Loyal Customer
CUST029093,404,3,1066.7,1,4,3,At Risk
CUST029095,281,3,2799.36,2,4,4,At Risk
CUST029096,267,1,719.5,2,2,2,Lost
CUST029097,335,1,1100.18,2,2,3,Lost
CUST029099,979,1,215.53,1,2,1,Lost
CUST029100,504,2,1444.0,1,3,3,At Risk
CUST029102,253,2,2443.85,2,3,4,At Risk
CUST029103,44,6,4975.01,4,5,5,Champion
CUST029105,204,2,772.46,2,3,2,At Risk
CUST029106,73,3,1330.71,4,4,3,Loyal Customer
CUST029107,35,4,1973.0500000000002,5,4,4,Champion
CUST029108,528,1,717.3,1,2,2,Lost
CUST029109,395,1,81.44,1,2,1,Lost
CUST029112,379,2,1653.56,2,3,4,At Risk
CUST029113,75,2,1601.8700000000001,4,3,4,Loyal Customer
CUST029115,210,2,862.78,2,3,2,At Risk
CUST029116,81,10,5502.76,4,5,5,Champion
CUST029117,182,5,1382.1100000000001,3,5,3,Loyal Customer
CUST029119,412,1,370.96,1,2,1,Lost
CUST029121,829,1,11.76,1,2,1,Lost
CUST029124,288,2,1241.42,2,3,3,At Risk
CUST029125,252,1,2126.99,2,2,4,Lost
CUST029126,246,3,1318.93,2,4,3,At Risk
CUST029130,213,4,1121.1299999999999,2,4,3,At Risk
CUST029131,565,1,99.33,1,2,1,Lost
CUST029132,1,7,6142.7,5,5,5,Champion
CUST029133,142,4,3101.3999999999996,3,4,5,Loyal Customer
CUST029134,55,1,368.81,4,2,1,Needs Attention
CUST029135,64,1,140.31,4,2,1,Needs Attention
CUST029137,403,1,973.97,1,2,3,Lost
CUST029139,267,2,1196.26,2,3,3,At Risk
CUST029140,193,4,3537.6099999999997,3,4,5,Loyal Customer
CUST029141,541,1,223.07,1,2,1,Lost
CUST029142,140,3,1064.29,3,4,3,Loyal Customer
CUST029143,175,1,166.07,3,2,1,Needs Attention
CUST029146,802,1,890.0,1,2,3,Lost
CUST029147,44,2,1678.3,4,3,4,Loyal Customer
CUST029149,121,5,2846.8900000000003,3,5,4,Loyal Customer
CUST029151,2,27,13187.1,5,5,5,Champion
CUST029152,53,5,3216.57,4,5,5,Champion
CUST029153,14,2,1280.99,5,3,3,Loyal Customer
CUST029154,688,1,313.99,1,2,1,Lost
CUST029155,777,1,383.52,1,2,1,Lost
CUST029159,324,1,1652.82,2,2,4,Lost
CUST029160,219,3,2251.18,2,4,4,At Risk
CUST029161,42,3,2431.79,4,4,4,Champion
CUST029162,113,6,2526.84,3,5,4,Loyal Customer
CUST029164,134,5,3972.59,3,5,5,Loyal Customer
CUST029168,206,1,288.9,2,2,1,Lost
CUST029171,9,10,6256.91,5,5,5,Champion
CUST029172,133,4,2482.65,3,4,4,Loyal Customer
CUST029174,24,4,1040.62,5,4,3,Loyal Customer
CUST029175,40,7,2077.72,4,5,4,Champion
CUST029177,57,9,6407.7,4,5,5,Champion
CUST029178,7,52,35388.13,5,5,5,Champion
CUST029179,34,5,2252.5299999999997,5,5,4,Champion
CUST029181,31,1,748.88,5,2,2,Needs Attention
CUST029182,301,2,1893.9099999999999,2,3,4,At Risk
CUST029183,1,29,18836.29,5,5,5,Champion
CUST029185,20,2,1257.66,5,3,3,Loyal Customer
CUST029188,53,5,2252.48,4,5,4,Champion
CUST029189,147,3,2319.78,3,4,4,Loyal Customer
CUST029191,123,10,4823.46,3,5,5,Loyal Customer
CUST029192,116,2,320.53,3,3,1,Loyal Customer
CUST029193,105,6,2317.76,3,5,4,Loyal Customer
CUST029194,375,1,1105.79,2,2,3,Lost
CUST029195,57,8,4911.72,4,5,5,Champion
CUST029196,157,4,1633.75,3,4,4,Loyal Customer
CUST029197,52,9,8298.199999999999,4,5,5,Champion
CUST029199,239,3,3881.79,2,4,5,At Risk
CUST029200,26,1,124.12,5,2,1,Needs Attention
CUST029202,175,3,669.1600000000001,3,4,2,Loyal Customer
CUST029203,40,11,5674.24,4,5,5,Champion
CUST029204,64,3,4457.679999999999,4,4,5,Champion
CUST029208,388,1,308.24,2,2,1,Lost
CUST029210,41,2,940.8,4,3,3,Loyal Customer
CUST029212,19,5,4558.69,5,5,5,Champion
CUST029215,346,2,839.02,2,3,2,At Risk
CUST029217,176,2,1503.59,3,3,3,Loyal Customer
CUST029219,24,1,437.22,5,2,2,Needs Attention
CUST029221,87,9,5094.62,4,5,5,Champion
CUST029223,231,3,1807.87,2,4,4,At Risk
CUST029224,220,3,1471.9,2,4,3,At Risk
CUST029225,452,1,453.13,1,2,2,Lost
CUST029227,532,2,1105.56,1,3,3,At Risk
CUST029228,368,5,1690.72,2,5,4,At Risk
CUST029229,650,1,1336.74,1,2,3,Lost
CUST029230,164,2,1691.5,3,3,4,Loyal Customer
CUST029234,39,6,3385.28,5,5,5,Champion
CUST029235,23,2,2327.42,5,3,4,Loyal Customer
CUST029236,31,1,512.02,5,2,2,Needs Attention
CUST029237,462,2,1464.37,1,3,3,At Risk
CUST029238,200,1,948.89,3,2,3,Needs Attention
CUST029239,173,1,1074.72,3,2,3,Needs Attention
CUST029243,535,2,1350.42,1,3,3,At Risk
CUST029244,376,2,623.21,2,3,2,At Risk
CUST029246,305,3,1083.06,2,4,3,At Risk
CUST029248,45,4,2329.16,4,4,4,Champion
CUST029249,48,1,465.55,4,2,2,Needs Attention
CUST029252,291,4,1552.02,2,4,3,At Risk
CUST029253,174,2,626.06,3,3,2,Loyal Customer
CUST029256,271,1,765.44,2,2,2,Lost
CUST029258,234,4,4811.8099999999995,2,4,5,At Risk
CUST029259,4,4,1003.72,5,4,3,Loyal Customer
CUST029260,91,1,357.13,4,2,1,Needs Attention
CUST029261,293,1,800.32,2,2,2,Lost
CUST029264,307,1,626.15,2,2,2,Lost
CUST029266,6,56,33477.86,5,5,5,Champion
CUST029268,519,1,118.61,1,2,1,Lost
CUST029269,47,4,1030.18,4,4,3,Loyal Customer
CUST029271,133,2,1076.8600000000001,3,3,3,Loyal Customer
CUST029272,395,2,1047.8400000000001,1,3,3,At Risk
CUST029273,14,78,42840.04,5,5,5,Champion
CUST029274,747,1,167.18,1,2,1,Lost
CUST029277,632,2,697.3499999999999,1,3,2,At Risk
CUST029279,132,3,729.04,3,4,2,Loyal Customer
CUST029280,185,1,531.4,3,2,2,Needs Attention
CUST029282,56,4,2450.99,4,4,4,Champion
CUST029283,22,4,1589.52,5,4,4,Champion
CUST029284,6,4,2150.73,5,4,4,Champion
CUST029285,327,2,829.38,2,3,2,At Risk
CUST029286,23,4,861.3399999999999,5,4,2,Loyal Customer
CUST029287,785,1,194.47,1,2,1,Lost
CUST029288,181,7,3083.7200000000003,3,5,5,Loyal Customer
CUST029289,199,2,1406.72,3,3,3,Loyal Customer
CUST029290,46,18,8412.8,4,5,5,Champion
CUST029292,19,5,2958.87,5,5,5,Champion
CUST029295,575,1,312.46,1,2,1,Lost
CUST029297,682,2,1545.46,1,3,3,At Risk
CUST029302,7,3,3194.1800000000003,5,4,5,Champion
CUST029303,36,4,2437.95,5,4,4,Champion
CUST029304,89,3,1510.48,4,4,3,Loyal Customer
CUST029305,846,1,250.19,1,2,1,Lost
CUST029306,154,4,3124.98,3,4,5,Loyal Customer
CUST029309,104,9,5407.73,3,5,5,Loyal Customer
CUST029310,24,3,1263.96,5,4,3,Loyal Customer
CUST029311,75,8,4022.82,4,5,5,Champion
CUST029312,142,2,1450.49,3,3,3,Loyal Customer
CUST029313,258,7,2908.21,2,5,5,At Risk
CUST029314,209,1,585.87,2,2,2,Lost
CUST029315,25,3,1348.48,5,4,3,Loyal Customer
CUST029317,204,1,745.57,2,2,2,Lost
CUST029318,735,1,271.59,1,2,1,Lost
CUST029320,73,1,1501.1,4,2,3,Needs Attention
CUST029321,294,9,4702.61,2,5,5,At Risk
CUST029322,13,4,3016.21,5,4,5,Champion
CUST029323,81,2,1503.3,4,3,3,Loyal Customer
CUST029324,37,2,2403.04,5,3,4,Loyal Customer
CUST029325,20,7,2348.0,5,5,4,Champion
CUST029326,106,2,538.4,3,3,2,Loyal Customer
CUST029327,138,5,1901.22,3,5,4,Loyal Customer
CUST029328,193,7,4675.18,3,5,5,Loyal Customer
CUST029331,775,1,423.73,1,2,1,Lost
CUST029333,224,1,839.23,2,2,2,Lost
CUST029334,482,2,2812.29,1,3,4,At Risk
CUST029335,183,3,1464.96,3,4,3,Loyal Customer
CUST029336,358,1,242.05,2,2,1,Lost
CUST029337,49,12,4685.23,4,5,5,Champion
CUST029340,200,1,92.28,3,2,1,Needs Attention
CUST029342,184,1,1186.52,3,2,3,Needs Attention
CUST029345,23,3,1008.0,5,4,3,Loyal Customer
CUST029346,148,4,1448.17,3,4,3,Loyal Customer
CUST029347,31,6,2699.75,5,5,4,Champion
CUST029348,114,6,5628.1,3,5,5,Loyal Customer
CUST029352,45,9,6383.75,4,5,5,Champion
CUST029356,18,3,1742.9499999999998,5,4,4,Champion
CUST029358,184,6,3084.3900000000003,3,5,5,Loyal Customer
CUST029359,576,2,1569.72,1,3,4,At Risk
CUST029362,319,1,909.49,2,2,3,Lost
CUST029364,144,1,978.26,3,2,3,Needs Attention
CUST029366,390,2,1034.4,2,3,3,At Risk
CUST029368,39,1,627.16,5,2,2,Needs Attention
CUST029370,212,2,285.1,2,3,1,At Risk
CUST029371,1021,1,88.56,1,2,1,Lost
CUST029372,336,1,196.89,2,2,1,Lost
CUST029373,189,5,2766.3500000000004,3,5,4,Loyal Customer
CUST029375,641,1,193.94,1,2,1,Lost
CUST029376,70,12,8229.119999999999,4,5,5,Champion
CUST029378,17,7,3802.24,5,5,5,Champion
CUST029380,499,2,879.07,1,3,3,At Risk
CUST029381,378,2,1589.42,2,3,4,At Risk
CUST029382,336,1,579.24,2,2,2,Lost
CUST029383,123,1,678.71,3,2,2,Needs Attention
CUST029384,140,4,2992.4700000000003,3,4,5,Loyal Customer
CUST029385,65,2,1265.1799999999998,4,3,3,Loyal Customer
CUST029386,154,2,579.2,3,3,2,Loyal Customer
CUST029388,276,1,1532.46,2,2,3,Lost
CUST029389,205,3,1000.97,2,4,3,At Risk
CUST029391,88,2,928.54,4,3,3,Loyal Customer
CUST029395,138,2,405.02000000000004,3,3,1,Loyal Customer
CUST029397,830,1,725.85,1,2,2,Lost
CUST029398,12,4,3057.5099999999998,5,4,5,Champion
CUST029401,2,1,279.55,5,2,1,Needs Attention
CUST029402,8,4,1169.25,5,4,3,Loyal Customer
CUST029405,193,1,301.39,3,2,1,Needs Attention
CUST029406,987,1,61.85,1,2,1,Lost
CUST029407,776,2,1584.6599999999999,1,3,4,At Risk
CUST029410,96,2,1995.8300000000002,4,3,4,Loyal Customer
CUST029411,66,2,2443.6800000000003,4,3,4,Loyal Customer
CUST029412,295,1,102.72,2,2,1,Lost
CUST029414,452,1,466.33,1,2,2,Lost
CUST029415,173,1,552.01,3,2,2,Needs Attention
CUST029416,926,1,826.94,1,2,2,Lost
CUST029418,10,9,5787.09,5,5,5,Champion
CUST029419,155,9,9215.95,3,5,5,Loyal Customer
CUST029420,451,1,242.05,1,2,1,Lost
CUST029424,662,1,196.63,1,2,1,Lost
CUST029425,12,4,2411.17,5,4,4,Champion
CUST029428,274,1,643.95,2,2,2,Lost
CUST029430,11,30,19400.84,5,5,5,Champion
CUST029431,76,2,221.45,4,3,1,Loyal Customer
CUST029433,169,2,513.5799999999999,3,3,2,Loyal Customer
CUST029434,60,3,3358.9399999999996,4,4,5,Champion
CUST029435,101,1,478.06,4,2,2,Needs Attention
CUST029436,239,2,1441.04,2,3,3,At Risk
CUST029442,220,2,705.67,2,3,2,At Risk
CUST029443,561,1,749.65,1,2,2,Lost
CUST029444,28,7,6184.04,5,5,5,Champion
CUST029445,88,2,2520.62,4,3,4,Loyal Customer
CUST029449,466,1,330.47,1,2,1,Lost
CUST029450,218,2,479.45,2,3,2,At Risk
CUST029452,584,1,342.21,1,2,1,Lost
CUST029453,74,3,1618.49,4,4,4,Champion
CUST029455,19,4,2577.25,5,4,4,Champion
CUST029460,238,2,80.88,2,3,1,At Risk
CUST029461,306,1,220.97,2,2,1,Lost
CUST029463,196,1,361.7,3,2,1,Needs Attention
CUST029465,55,8,4425.3099999999995,4,5,5,Champion
CUST029466,517,1,581.68,1,2,2,Lost
CUST029467,85,7,2958.79,4,5,5,Champion
CUST029470,79,2,830.4200000000001,4,3,2,Loyal Customer
CUST029471,308,1,251.21,2,2,1,Lost
CUST029474,612,1,839.3,1,2,2,Lost
CUST029475,66,2,962.03,4,3,3,Loyal Customer
CUST029476,565,1,297.64,1,2,1,Lost
CUST029477,514,1,724.57,1,2,2,Lost
CUST029478,91,3,1136.8,4,4,3,Loyal Customer
CUST029479,676,2,583.0,1,3,2,At Risk
CUST029480,112,3,2196.52,3,4,4,Loyal Customer
CUST029482,36,8,5655.81,5,5,5,Champion
CUST029484,82,2,1096.59,4,3,3,Loyal Customer
CUST029485,43,6,2526.79,4,5,4,Champion
CUST029486,159,1,677.84,3,2,2,Needs Attention
CUST029487,205,4,2388.61,2,4,4,At Risk
CUST029489,495,1,333.33,1,2,1,Lost
CUST029491,45,2,2352.13,4,3,4,Loyal Customer
CUST029493,236,3,736.69,2,4,2,At Risk
CUST029495,185,2,1128.04,3,3,3,Loyal Customer
CUST029497,75,11,2552.9,4,5,4,Champion
CUST029498,313,5,2993.31,2,5,5,At Risk
CUST029499,243,1,311.04,2,2,1,Lost
CUST029500,2,4,795.2,5,4,2,Loyal Customer
CUST029501,117,9,4154.37,3,5,5,Loyal Customer
CUST029504,478,1,532.64,1,2,2,Lost
CUST029505,225,1,674.35,2,2,2,Lost
CUST029506,170,1,192.72,3,2,1,Needs Attention
CUST029507,75,7,3975.71,4,5,5,Champion
CUST029508,436,1,180.24,1,2,1,Lost
CUST029509,4,6,4067.36,5,5,5,Champion
CUST029510,29,8,3850.95,5,5,5,Champion
CUST029511,71,2,396.7,4,3,1,Loyal Customer
CUST029512,57,1,93.35,4,2,1,Needs Attention
CUST029513,167,1,270.59,3,2,1,Needs Attention
CUST029514,149,2,750.71,3,3,2,Loyal Customer
CUST029516,513,3,840.28,1,4,2,At Risk
CUST029518,126,1,37.3,3,2,1,Needs Attention
CUST029519,125,3,1713.55,3,4,4,Loyal Customer
CUST029521,180,4,2275.58,3,4,4,Loyal Customer
CUST029522,3,3,2202.27,5,4,4,Champion
CUST029523,982,1,692.23,1,2,2,Lost
CUST029524,275,1,243.07,2,2,1,Lost
CUST029525,528,1,494.31,1,2,2,Lost
CUST029526,428,2,622.03,1,3,2,At Risk
CUST029527,145,2,1045.4,3,3,3,Loyal Customer
CUST029529,430,1,281.99,1,2,1,Lost
CUST029530,31,5,2176.66,5,5,4,Champion
CUST029531,298,2,456.51,2,3,2,At Risk
CUST029533,548,1,442.04,1,2,2,Lost
CUST029534,209,2,531.73,2,3,2,At Risk
CUST029535,606,2,996.21,1,3,3,At Risk
CUST029536,320,2,1029.85,2,3,3,At Risk
CUST029537,410,1,555.11,1,2,2,Lost
CUST029539,200,1,276.86,3,2,1,Needs Attention
CUST029540,66,1,985.14,4,2,3,Needs Attention
CUST029542,653,1,166.32,1,2,1,Lost
CUST029543,50,1,575.52,4,2,2,Needs Attention
CUST029546,597,1,201.84,1,2,1,Lost
CUST029548,32,4,3398.75,5,4,5,Champion
CUST029549,477,1,799.84,1,2,2,Lost
CUST029550,324,1,278.35,2,2,1,Lost
CUST029551,436,3,3071.92,1,4,5,At Risk
CUST029552,217,4,1318.56,2,4,3,At Risk
CUST029553,20,4,2640.69,5,4,4,Champion
CUST029554,440,1,960.31,1,2,3,Lost
CUST029555,6,31,17981.0,5,5,5,Champion
CUST029558,373,5,2054.04,2,5,4,At Risk
CUST029559,79,3,1376.72,4,4,3,Loyal Customer
CUST029560,112,5,1620.45,3,5,4,Loyal Customer
CUST029561,106,4,2075.9300000000003,3,4,4,Loyal Customer
CUST029562,626,2,1017.8199999999999,1,3,3,At Risk
CUST029563,244,9,5664.18,2,5,5,At Risk
CUST029565,86,5,2001.92,4,5,4,Champion
CUST029568,122,8,3649.8,3,5,5,Loyal Customer
CUST029571,132,1,382.64,3,2,1,Needs Attention
CUST029573,2,6,3753.26,5,5,5,Champion
CUST029574,514,2,904.4,1,3,3,At Risk
CUST029575,9,12,7003.98,5,5,5,Champion
CUST029577,282,5,1470.3400000000001,2,5,3,At Risk
CUST029578,23,12,4021.1800000000003,5,5,5,Champion
CUST029579,215,1,575.77,2,2,2,Lost
CUST029581,79,1,66.52,4,2,1,Needs Attention
CUST029582,62,8,4090.12,4,5,5,Champion
CUST029586,142,5,3053.13,3,5,5,Loyal Customer
CUST029587,673,1,436.12,1,2,1,Lost
CUST029589,20,5,2164.39,5,5,4,Champion
CUST029590,62,17,8067.1900000000005,4,5,5,Champion
CUST029593,35,5,2017.55,5,5,4,Champion
CUST029594,213,1,617.83,2,2,2,Lost
CUST029595,32,21,10730.33,5,5,5,Champion
CUST029596,132,6,2944.44,3,5,5,Loyal Customer
CUST029597,686,1,1355.68,1,2,3,Lost
CUST029598,297,1,158.18,2,2,1,Lost
CUST029599,204,4,1294.66,2,4,3,At Risk
CUST029602,135,2,482.79999999999995,3,3,2,Loyal Customer
CUST029605,469,1,631.01,1,2,2,Lost
CUST029606,218,1,949.4,2,2,3,Lost
CUST029608,3,7,3985.8500000000004,5,5,5,Champion
CUST029610,93,4,1992.41,4,4,4,Champion
CUST029611,535,1,312.15,1,2,1,Lost
CUST029614,402,3,610.79,1,4,2,At Risk
CUST029615,423,1,833.84,1,2,2,Lost
CUST029616,175,3,2040.0,3,4,4,Loyal Customer
CUST029617,85,5,2257.95,4,5,4,Champion
CUST029618,532,1,202.0,1,2,1,Lost
CUST029619,71,3,1318.6599999999999,4,4,3,Loyal Customer
CUST029620,17,8,5258.76,5,5,5,Champion
CUST029621,169,2,873.39,3,3,3,Loyal Customer
CUST029622,18,12,5496.84,5,5,5,Champion
CUST029623,74,1,717.39,4,2,2,Needs Attention
CUST029624,39,6,1986.54,5,5,4,Champion
CUST029625,679,1,879.96,1,2,3,Lost
CUST029626,260,3,1403.13,2,4,3,At Risk
CUST029629,391,2,1065.85,2,3,3,At Risk
CUST029630,5,7,4932.89,5,5,5,Champion
CUST029632,16,6,6488.04,5,5,5,Champion
CUST029636,357,2,1554.04,2,3,3,At Risk
CUST029638,123,1,137.25,3,2,1,Needs Attention
CUST029639,364,1,1016.42,2,2,3,Lost
CUST029642,289,1,166.07,2,2,1,Lost
CUST029644,727,1,191.27,1,2,1,Lost
CUST029645,26,3,1428.75,5,4,3,Loyal Customer
CUST029646,100,13,7971.389999999999,4,5,5,Champion
CUST029647,699,2,990.4399999999999,1,3,3,At Risk
CUST029648,11,3,1983.13,5,4,4,Champion
CUST029651,541,2,994.75,1,3,3,At Risk
CUST029652,56,11,4664.2,4,5,5,Champion
CUST029656,16,15,7775.219999999999,5,5,5,Champion
CUST029657,379,1,776.92,2,2,2,Lost
CUST029658,160,1,448.47,3,2,2,Needs Attention
CUST029660,167,2,655.5,3,3,2,Loyal Customer
CUST029662,374,1,131.16,2,2,1,Lost
CUST029664,137,2,1519.39,3,3,3,Loyal Customer
CUST029665,639,2,1376.99,1,3,3,At Risk
CUST029667,376,1,824.12,2,2,2,Lost
CUST029670,64,11,8644.83,4,5,5,Champion
CUST029671,162,1,1025.91,3,2,3,Needs Attention
CUST029672,13,5,2304.46,5,5,4,Champion
CUST029677,526,1,292.49,1,2,1,Lost
CUST029679,63,1,485.97,4,2,2,Needs Attention
CUST029680,45,4,2093.18,4,4,4,Champion
CUST029681,57,9,7005.860000000001,4,5,5,Champion
CUST029682,104,2,1118.29,3,3,3,Loyal Customer
CUST029685,174,5,3354.92,3,5,5,Loyal Customer
CUST029686,151,9,3856.02,3,5,5,Loyal Customer
CUST029687,60,2,2882.2200000000003,4,3,4,Loyal Customer
CUST029688,114,3,1112.4,3,4,3,Loyal Customer
CUST029689,26,2,4000.65,5,3,5,Loyal Customer
CUST029690,212,10,5931.58,2,5,5,At Risk
CUST029691,26,3,3184.66,5,4,5,Champion
CUST029694,122,1,329.91,3,2,1,Needs Attention
CUST029695,335,1,571.1,2,2,2,Lost
CUST029697,33,8,4518.67,5,5,5,Champion
CUST029698,21,1,122.97,5,2,1,Needs Attention
CUST029699,118,2,865.19,3,3,2,Loyal Customer
CUST029701,57,4,793.05,4,4,2,Loyal Customer
CUST029702,31,4,3022.61,5,4,5,Champion
CUST029703,172,2,1267.1699999999998,3,3,3,Loyal Customer
CUST029704,35,15,9289.73,5,5,5,Champion
CUST029706,3,2,918.98,5,3,3,Loyal Customer
CUST029707,121,1,272.88,3,2,1,Needs Attention
CUST029709,347,1,382.72,2,2,1,Lost
CUST029710,72,7,4787.58,4,5,5,Champion
CUST029712,212,4,1066.98,2,4,3,At Risk
CUST029714,69,4,988.53,4,4,3,Loyal Customer
CUST029715,242,2,556.64,2,3,2,At Risk
CUST029717,178,2,1306.18,3,3,3,Loyal Customer
CUST029718,692,1,153.5,1,2,1,Lost
CUST029723,253,2,1034.88,2,3,3,At Risk
CUST029724,320,1,910.24,2,2,3,Lost
CUST029728,136,1,573.35,3,2,2,Needs Attention
CUST029730,86,1,439.5,4,2,2,Needs Attention
CUST029731,207,1,1238.3,2,2,3,Lost
CUST029733,591,1,159.75,1,2,1,Lost
CUST029734,94,3,1077.69,4,4,3,Loyal Customer
CUST029735,57,1,1115.7,4,2,3,Needs Attention
CUST029736,94,2,547.79,4,3,2,Loyal Customer
CUST029737,31,4,3123.36,5,4,5,Champion
CUST029739,129,3,2920.29,3,4,5,Loyal Customer
CUST029740,118,4,4391.97,3,4,5,Loyal Customer
CUST029741,161,2,695.22,3,3,2,Loyal Customer
CUST029744,146,1,869.43,3,2,2,Needs Attention
CUST029747,72,4,1999.99,4,4,4,Champion
CUST029749,166,1,136.1,3,2,1,Needs Attention
CUST029750,229,2,1616.5700000000002,2,3,4,At Risk
CUST029753,138,3,499.53,3,4,2,Loyal Customer
CUST029754,9,9,2497.0299999999997,5,5,4,Champion
CUST029755,56,5,3652.9700000000003,4,5,5,Champion
CUST029756,435,1,119.95,1,2,1,Lost
CUST029757,211,1,217.92,2,2,1,Lost
CUST029758,551,1,201.84,1,2,1,Lost
CUST029760,1,4,1565.5500000000002,5,4,4,Champion
CUST029762,274,1,725.06,2,2,2,Lost
CUST029763,92,3,3075.48,4,4,5,Champion
CUST029766,380,2,2403.38,2,3,4,At Risk
CUST029767,690,1,324.94,1,2,1,Lost
CUST029768,4,4,2437.29,5,4,4,Champion
CUST029771,451,3,2893.88,1,4,4,At Risk
CUST029773,311,1,289.19,2,2,1,Lost
CUST029774,203,3,2147.1299999999997,3,4,4,Loyal Customer
CUST029775,199,3,926.8599999999999,3,4,3,Loyal Customer
CUST029776,307,1,433.62,2,2,1,Lost
CUST029777,46,8,3363.2000000000003,4,5,5,Champion
CUST029778,90,2,658.15,4,3,2,Loyal Customer
CUST029779,16,8,5293.46,5,5,5,Champion
CUST029780,470,2,567.11,1,3,2,At Risk
CUST029781,191,1,1773.28,3,2,4,Needs Attention
CUST029782,35,4,4195.58,5,4,5,Champion
CUST029783,36,26,20855.45,5,5,5,Champion
CUST029785,346,1,672.51,2,2,2,Lost
CUST029786,60,3,1830.79,4,4,4,Champion
CUST029788,50,6,3471.15,4,5,5,Champion
CUST029789,147,1,633.08,3,2,2,Needs Attention
CUST029790,12,2,442.82,5,3,2,Loyal Customer
CUST029793,224,3,1222.62,2,4,3,At Risk
CUST029794,152,2,1386.71,3,3,3,Loyal Customer
CUST029795,96,2,1392.85,4,3,3,Loyal Customer
CUST029797,201,1,418.56,3,2,1,Needs Attention
CUST029798,283,2,471.45,2,3,2,At Risk
CUST029799,501,3,838.5999999999999,1,4,2,At Risk
CUST029800,440,1,133.16,1,2,1,Lost
CUST029801,12,9,4197.61,5,5,5,Champion
CUST029803,30,4,2514.99,5,4,4,Champion
CUST029804,10,13,6000.07,5,5,5,Champion
CUST029805,118,2,295.5,3,3,1,Loyal Customer
CUST029807,107,6,3536.84,3,5,5,Loyal Customer
CUST029809,216,1,1177.88,2,2,3,Lost
CUST029810,19,25,14537.29,5,5,5,Champion
CUST029811,380,3,976.89,2,4,3,At Risk
CUST029812,678,2,1037.96,1,3,3,At Risk
CUST029814,489,1,399.06,1,2,1,Lost
CUST029816,199,4,2325.4,3,4,4,Loyal Customer
CUST029818,121,2,1195.24,3,3,3,Loyal Customer
CUST029827,35,8,3395.52,5,5,5,Champion
CUST029828,86,1,1096.24,4,2,3,Needs Attention
CUST029829,8,1,447.97,5,2,2,Needs Attention
CUST029831,86,3,1727.86,4,4,4,Champion
CUST029832,69,2,365.0,4,3,1,Loyal Customer
CUST029834,160,3,1064.4,3,4,3,Loyal Customer
CUST029836,31,1,1889.78,5,2,4,Needs Attention
CUST029837,170,1,1827.17,3,2,4,Needs Attention
CUST029838,563,1,167.68,1,2,1,Lost
CUST029839,449,2,300.40999999999997,1,3,1,At Risk
CUST029841,180,3,2380.41,3,4,4,Loyal Customer
CUST029842,179,2,533.24,3,3,2,Loyal Customer
CUST029843,81,3,2938.25,4,4,5,Champion
CUST029844,117,1,60.2,3,2,1,Needs Attention
CUST029845,96,1,93.7,4,2,1,Needs Attention
CUST029846,193,1,600.06,3,2,2,Needs Attention
CUST029847,54,8,3749.82,4,5,5,Champion
CUST029848,353,1,303.42,2,2,1,Lost
CUST029849,366,2,424.3,2,3,1,At Risk
CUST029851,18,2,1033.59,5,3,3,Loyal Customer
CUST029852,7,67,40976.73,5,5,5,Champion
CUST029855,6,13,7336.13,5,5,5,Champion
CUST029858,474,4,836.73,1,4,2,At Risk
CUST029859,182,1,75.12,3,2,1,Needs Attention
CUST029860,235,1,541.27,2,2,2,Lost
CUST029861,500,1,559.71,1,2,2,Lost
CUST029862,228,2,1688.35,2,3,4,At Risk
CUST029863,70,3,3267.59,4,4,5,Champion
CUST029864,310,2,981.96,2,3,3,At Risk
CUST029867,488,1,346.92,1,2,1,Lost
CUST029868,54,5,3937.06,4,5,5,Champion
CUST029869,165,2,1163.93,3,3,3,Loyal Customer
CUST029870,65,1,558.42,4,2,2,Needs Attention
CUST029872,294,2,1632.06,2,3,4,At Risk
CUST029877,778,3,726.11,1,4,2,At Risk
CUST029878,95,3,1236.22,4,4,3,Loyal Customer
CUST029879,206,2,558.5,2,3,2,At Risk
CUST029880,445,3,1458.31,1,4,3,At Risk
CUST029882,259,1,341.06,2,2,1,Lost
CUST029883,495,2,610.85,1,3,2,At Risk
CUST029886,138,3,349.54,3,4,1,Loyal Customer
CUST029891,46,4,1133.2,4,4,3,Loyal Customer
CUST029892,183,1,1294.62,3,2,3,Needs Attention
CUST029894,2,4,3762.73,5,4,5,Champion
CUST029896,14,6,4319.18,5,5,5,Champion
CUST029897,490,1,167.18,1,2,1,Lost
CUST029898,27,6,4247.3099999999995,5,5,5,Champion
CUST029899,789,1,1320.8,1,2,3,Lost
CUST029901,119,2,1590.81,3,3,4,Loyal Customer
CUST029902,200,2,631.6700000000001,3,3,2,Loyal Customer
CUST029904,24,1,474.71,5,2,2,Needs Attention
CUST029905,1,1,1527.1,5,2,3,Needs Attention
CUST029906,234,6,2456.19,2,5,4,At Risk
CUST029907,535,1,1043.0,1,2,3,Lost
CUST029908,48,2,1385.62,4,3,3,Loyal Customer
CUST029913,393,1,299.63,1,2,1,Lost
CUST029914,271,2,1520.83,2,3,3,At Risk
CUST029915,304,2,382.97,2,3,1,At Risk
CUST029916,64,6,3352.91,4,5,5,Champion
CUST029918,5,56,25949.48,5,5,5,Champion
CUST029919,150,3,1299.85,3,4,3,Loyal Customer
CUST029920,173,3,2616.55,3,4,4,Loyal Customer
CUST029921,132,1,411.84,3,2,1,Needs Attention
CUST029923,4,2,810.5,5,3,2,Loyal Customer
CUST029924,665,1,77.77,1,2,1,Lost
CUST029927,22,7,2935.35,5,5,5,Champion
CUST029928,83,6,4248.52,4,5,5,Champion
CUST029929,666,1,711.06,1,2,2,Lost
CUST029930,40,12,6804.39,4,5,5,Champion
CUST029931,46,6,1681.7,4,5,4,Champion
CUST029932,138,2,869.01,3,3,2,Loyal Customer
CUST029934,24,14,7484.5199999999995,5,5,5,Champion
CUST029935,13,7,4400.8,5,5,5,Champion
CUST029938,56,4,3155.6,4,4,5,Champion
CUST029942,21,3,1626.58,5,4,4,Champion
CUST029944,46,2,2364.02,4,3,4,Loyal Customer
CUST029945,122,2,1505.24,3,3,3,Loyal Customer
CUST029947,199,2,768.93,3,3,2,Loyal Customer
CUST029948,149,7,3815.08,3,5,5,Loyal Customer
CUST029949,114,2,1402.19,3,3,3,Loyal Customer
CUST029950,137,3,704.61,3,4,2,Loyal Customer
CUST029951,313,2,1151.37,2,3,3,At Risk
CUST029952,320,2,880.31,2,3,3,At Risk
CUST029957,95,3,1096.21,4,4,3,Loyal Customer
CUST029959,51,19,7917.61,4,5,5,Champion
CUST029961,587,1,149.71,1,2,1,Lost
CUST029962,21,10,5782.280000000001,5,5,5,Champion
CUST029963,124,1,45.86,3,2,1,Needs Attention
CUST029964,36,2,644.92,5,3,2,Loyal Customer
CUST029965,200,8,4528.58,3,5,5,Loyal Customer
CUST029967,61,7,3150.66,4,5,5,Champion
CUST029968,142,1,227.99,3,2,1,Needs Attention
CUST029969,571,2,971.72,1,3,3,At Risk
CUST029971,2,3,1488.14,5,4,3,Loyal Customer
CUST029973,36,2,1372.3899999999999,5,3,3,Loyal Customer
CUST029977,199,2,679.11,3,3,2,Loyal Customer
CUST029979,243,1,350.79,2,2,1,Lost
CUST029980,48,2,589.32,4,3,2,Loyal Customer
CUST029981,761,1,1107.8,1,2,3,Lost
CUST029982,188,1,626.59,3,2,2,Needs Attention
CUST029983,66,2,204.04000000000002,4,3,1,Loyal Customer
CUST029984,14,5,3378.2,5,5,5,Champion
CUST029985,23,24,13331.16,5,5,5,Champion
CUST029986,148,3,2453.5,3,4,4,Loyal Customer
CUST029987,60,1,568.4,4,2,2,Needs Attention
CUST029988,27,2,670.6800000000001,5,3,2,Loyal Customer
CUST029991,436,2,1051.45,1,3,3,At Risk
CUST029992,64,17,12560.11,4,5,5,Champion
CUST029993,235,4,2306.37,2,4,4,At Risk
CUST029995,16,6,3984.87,5,5,5,Champion
CUST029998,120,4,4393.88,3,4,5,Loyal Customer
CUST029999,101,2,1510.45,4,3,3,Loyal Customer
CUST030005,660,2,1050.58,1,3,3,At Risk
CUST030009,1,25,15249.19,5,5,5,Champion
CUST030010,777,1,534.08,1,2,2,Lost
CUST030011,58,3,1514.3600000000001,4,4,3,Loyal Customer
CUST030012,15,2,1608.8899999999999,5,3,4,Loyal Customer
CUST030013,33,25,14628.76,5,5,5,Champion
CUST030017,399,1,448.13,1,2,2,Lost
CUST030018,15,4,2506.88,5,4,4,Champion
CUST030020,34,3,968.56,5,4,3,Loyal Customer
CUST030021,396,1,278.1,1,2,1,Lost
CUST030024,407,3,1806.6,1,4,4,At Risk
CUST030025,95,1,334.79,4,2,1,Needs Attention
CUST030026,166,4,3609.6,3,4,5,Loyal Customer
CUST030028,185,3,1298.02,3,4,3,Loyal Customer
CUST030029,30,1,394.26,5,2,1,Needs Attention
CUST030031,952,1,192.83,1,2,1,Lost
CUST030032,2,2,670.71,5,3,2,Loyal Customer
CUST030033,117,2,1430.0300000000002,3,3,3,Loyal Customer
CUST030035,20,6,2175.83,5,5,4,Champion
CUST030038,147,2,3067.67,3,3,5,Loyal Customer
CUST030041,64,4,2654.98,4,4,4,Champion
CUST030042,4,5,2107.38,5,5,4,Champion
CUST030043,27,1,734.16,5,2,2,Needs Attention
CUST030044,42,8,3362.25,4,5,5,Champion
CUST030046,280,1,244.18,2,2,1,Lost
CUST030049,440,1,440.23,1,2,2,Lost
CUST030052,66,3,1374.56,4,4,3,Loyal Customer
CUST030053,153,1,458.41,3,2,2,Needs Attention
CUST030056,96,1,505.97,4,2,2,Needs Attention
CUST030057,13,2,789.35,5,3,2,Loyal Customer
CUST030058,62,2,634.01,4,3,2,Loyal Customer
CUST030059,146,2,630.8,3,3,2,Loyal Customer
CUST030061,109,2,1303.47,3,3,3,Loyal Customer
CUST030062,519,2,1234.48,1,3,3,At Risk
CUST030063,263,4,2177.79,2,4,4,At Risk
CUST030064,166,1,1980.14,3,2,4,Needs Attention
CUST030065,568,1,246.08,1,2,1,Lost
CUST030066,288,2,369.04,2,3,1,At Risk
CUST030072,329,1,167.18,2,2,1,Lost
CUST030075,322,1,1218.58,2,2,3,Lost
CUST030077,515,1,44.62,1,2,1,Lost
CUST030078,346,2,684.7,2,3,2,At Risk
CUST030079,698,1,235.33,1,2,1,Lost
CUST030082,136,2,770.5699999999999,3,3,2,Loyal Customer
CUST030083,434,2,595.59,1,3,2,At Risk
CUST030084,528,1,1503.95,1,2,3,Lost
CUST030087,35,1,865.78,5,2,2,Needs Attention
CUST030089,91,9,2939.46,4,5,5,Champion
CUST030090,371,4,1534.04,2,4,3,At Risk
CUST030091,114,1,390.71,3,2,1,Needs Attention
CUST030093,3,10,8170.56,5,5,5,Champion
CUST030094,34,2,232.1,5,3,1,Loyal Customer
CUST030096,366,1,467.89,2,2,2,Lost
CUST030098,17,1,1275.9,5,2,3,Needs Attention
CUST030103,134,2,1180.97,3,3,3,Loyal Customer
CUST030104,212,5,2251.0899999999997,2,5,4,At Risk
CUST030105,47,3,1007.5899999999999,4,4,3,Loyal Customer
CUST030106,87,2,1731.88,4,3,4,Loyal Customer
CUST030107,52,1,739.64,4,2,2,Needs Attention
CUST030108,66,2,980.25,4,3,3,Loyal Customer
CUST030111,139,3,528.27,3,4,2,Loyal Customer
CUST030113,93,1,1739.06,4,2,4,Needs Attention
CUST030114,164,6,3409.16,3,5,5,Loyal Customer
CUST030116,848,1,233.2,1,2,1,Lost
CUST030117,207,1,661.43,2,2,2,Lost
CUST030118,4,27,14411.47,5,5,5,Champion
CUST030119,122,5,3030.26,3,5,5,Loyal Customer
CUST030120,29,14,7590.4800000000005,5,5,5,Champion
CUST030121,17,1,78.0,5,2,1,Needs Attention
CUST030122,180,1,156.1,3,2,1,Needs Attention
CUST030123,19,8,4740.99,5,5,5,Champion
CUST030124,34,3,2071.79,5,4,4,Champion
CUST030125,12,2,990.4100000000001,5,3,3,Loyal Customer
CUST030128,128,2,608.86,3,3,2,Loyal Customer
CUST030130,14,8,2762.95,5,5,4,Champion
CUST030132,621,1,619.47,1,2,2,Lost
CUST030133,15,6,3010.77,5,5,5,Champion
CUST030134,584,1,176.26,1,2,1,Lost
CUST030135,336,1,750.67,2,2,2,Lost
CUST030137,15,4,2351.03,5,4,4,Champion
CUST030139,32,12,7093.21,5,5,5,Champion
CUST030140,64,2,855.36,4,3,2,Loyal Customer
CUST030141,356,1,624.94,2,2,2,Lost
CUST030142,257,7,5121.06,2,5,5,At Risk
CUST030144,728,1,686.43,1,2,2,Lost
CUST030145,268,2,1418.2,2,3,3,At Risk
CUST030147,138,6,2612.95,3,5,4,Loyal Customer
CUST030148,161,1,103.18,3,2,1,Needs Attention
CUST030149,103,3,1723.4099999999999,3,4,4,Loyal Customer
CUST030150,46,11,7409.3,4,5,5,Champion
CUST030152,50,4,3945.3799999999997,4,4,5,Champion
CUST030153,15,2,777.8900000000001,5,3,2,Loyal Customer
CUST030154,44,19,10408.390000000001,4,5,5,Champion
CUST030157,33,1,376.55,5,2,1,Needs Attention
CUST030158,489,1,382.76,1,2,1,Lost
CUST030159,202,1,560.55,3,2,2,Needs Attention
CUST030162,368,1,888.97,2,2,3,Lost
CUST030163,311,1,469.91,2,2,2,Lost
CUST030168,864,1,239.45,1,2,1,Lost
CUST030170,862,1,585.64,1,2,2,Lost
CUST030171,9,1,278.48,5,2,1,Needs Attention
CUST030172,421,1,270.2,1,2,1,Lost
CUST030173,3,8,6569.26,5,5,5,Champion
CUST030176,10,19,10901.78,5,5,5,Champion
CUST030177,553,1,111.28,1,2,1,Lost
CUST030179,31,5,3265.59,5,5,5,Champion
CUST030180,374,1,330.47,2,2,1,Lost
CUST030184,692,2,318.3,1,3,1,At Risk
CUST030186,19,4,1661.29,5,4,4,Champion
CUST030187,147,3,1805.4899999999998,3,4,4,Loyal Customer
CUST030188,28,2,750.14,5,3,2,Loyal Customer
CUST030189,56,3,730.53,4,4,2,Loyal Customer
CUST030190,28,2,2114.99,5,3,4,Loyal Customer
CUST030191,80,2,416.96000000000004,4,3,1,Loyal Customer
CUST030193,273,2,765.53,2,3,2,At Risk
CUST030194,99,10,5490.5,4,5,5,Champion
CUST030196,20,7,5101.360000000001,5,5,5,Champion
CUST030197,173,2,927.1600000000001,3,3,3,Loyal Customer
CUST030198,282,2,1278.1100000000001,2,3,3,At Risk
CUST030202,205,4,1396.22,2,4,3,At Risk
CUST030203,77,4,2304.5299999999997,4,4,4,Champion
CUST030204,248,1,246.87,2,2,1,Lost
CUST030205,712,1,978.6,1,2,3,Lost
CUST030206,579,1,310.74,1,2,1,Lost
CUST030207,343,3,1850.22,2,4,4,At Risk
CUST030208,439,2,557.03,1,3,2,At Risk
CUST030209,157,1,804.42,3,2,2,Needs Attention
CUST030211,27,12,7510.36,5,5,5,Champion
CUST030212,216,2,859.4000000000001,2,3,2,At Risk
CUST030215,6,16,8504.01,5,5,5,Champion
CUST030216,406,1,1484.82,1,2,3,Lost
CUST030220,86,7,3873.9500000000003,4,5,5,Champion
CUST030221,57,2,2043.6499999999999,4,3,4,Loyal Customer
CUST030223,527,1,1178.34,1,2,3,Lost
CUST030226,257,3,2158.71,2,4,4,At Risk
CUST030227,131,6,4467.98,3,5,5,Loyal Customer
CUST030229,163,2,189.45000000000002,3,3,1,Loyal Customer
CUST030231,120,1,51.56,3,2,1,Needs Attention
CUST030233,446,1,1301.42,1,2,3,Lost
CUST030236,260,2,428.28,2,3,1,At Risk
CUST030237,54,4,2771.75,4,4,4,Champion
CUST030239,71,4,2348.99,4,4,4,Champion
CUST030242,178,2,1328.8799999999999,3,3,3,Loyal Customer
CUST030244,109,6,3153.94,3,5,5,Loyal Customer
CUST030245,106,2,2301.35,3,3,4,Loyal Customer
CUST030246,127,5,3040.82,3,5,5,Loyal Customer
CUST030249,130,1,963.03,3,2,3,Needs Attention
CUST030251,51,3,1147.6599999999999,4,4,3,Loyal Customer
CUST030253,168,4,2427.0,3,4,4,Loyal Customer
CUST030255,34,3,1604.2,5,4,4,Champion
CUST030256,144,1,1478.94,3,2,3,Needs Attention
CUST030257,100,3,2009.35,4,4,4,Champion
CUST030260,47,3,1204.8400000000001,4,4,3,Loyal Customer
CUST030261,47,7,2606.15,4,5,4,Champion
CUST030262,131,4,2099.7200000000003,3,4,4,Loyal Customer
CUST030264,8,31,15571.15,5,5,5,Champion
CUST030265,138,2,1228.27,3,3,3,Loyal Customer
CUST030267,5,45,27057.010000000002,5,5,5,Champion
CUST030268,29,18,10744.880000000001,5,5,5,Champion
CUST030269,396,3,1195.6299999999999,1,4,3,At Risk
CUST030272,402,1,202.0,1,2,1,Lost
CUST030273,39,2,953.1700000000001,5,3,3,Loyal Customer
CUST030275,13,1,135.38,5,2,1,Needs Attention
CUST030276,416,1,289.5,1,2,1,Lost
CUST030277,3,3,1526.98,5,4,3,Loyal Customer
CUST030279,19,15,4694.14,5,5,5,Champion
CUST030280,191,2,1724.79,3,3,4,Loyal Customer
CUST030282,387,1,1257.76,2,2,3,Lost
CUST030284,163,1,553.91,3,2,2,Needs Attention
CUST030285,141,2,1017.94,3,3,3,Loyal Customer
CUST030286,752,1,51.05,1,2,1,Lost
CUST030287,62,5,1299.97,4,5,3,Loyal Customer
CUST030289,377,1,1272.28,2,2,3,Lost
CUST030290,354,1,377.74,2,2,1,Lost
CUST030292,202,2,2546.3700000000003,3,3,4,Loyal Customer
CUST030293,449,1,215.84,1,2,1,Lost
CUST030294,351,1,78.32,2,2,1,Lost
CUST030295,50,2,893.66,4,3,3,Loyal Customer
CUST030296,134,2,1025.03,3,3,3,Loyal Customer
CUST030297,28,1,782.84,5,2,2,Needs Attention
CUST030302,113,4,2503.45,3,4,4,Loyal Customer
CUST030303,73,3,2044.67,4,4,4,Champion
CUST030304,9,4,1814.03,5,4,4,Champion
CUST030305,246,6,3478.34,2,5,5,At Risk
CUST030307,9,24,12155.3,5,5,5,Champion
CUST030309,270,1,693.16,2,2,2,Lost
CUST030312,72,2,590.0,4,3,2,Loyal Customer
CUST030314,29,1,652.5,5,2,2,Needs Attention
CUST030315,611,1,335.56,1,2,1,Lost
CUST030316,426,2,193.09,1,3,1,At Risk
CUST030317,70,4,3246.8199999999997,4,4,5,Champion
CUST030318,285,2,1308.62,2,3,3,At Risk
CUST030319,1,1,431.49,5,2,1,Needs Attention
CUST030320,78,5,1803.66,4,5,4,Champion
CUST030321,288,2,1724.1499999999999,2,3,4,At Risk
CUST030323,6,16,11588.41,5,5,5,Champion
CUST030326,106,2,1277.5700000000002,3,3,3,Loyal Customer
CUST030329,35,3,869.73,5,4,2,Loyal Customer
CUST030331,296,1,826.51,2,2,2,Lost
CUST030334,108,3,1307.65,3,4,3,Loyal Customer
CUST030336,48,4,3298.4900000000002,4,4,5,Champion
CUST030340,48,5,3285.39,4,5,5,Champion
CUST030341,1042,1,164.01,1,2,1,Lost
CUST030342,56,2,2121.4,4,3,4,Loyal Customer
CUST030345,855,1,486.47,1,2,2,Lost
CUST030346,243,2,2637.98,2,3,4,At Risk
CUST030349,325,3,1689.63,2,4,4,At Risk
CUST030350,730,1,247.0,1,2,1,Lost
CUST030351,80,8,4247.47,4,5,5,Champion
CUST030352,1,4,2313.9300000000003,5,4,4,Champion
CUST030355,189,2,125.82,3,3,1,Loyal Customer
CUST030356,8,3,3121.1499999999996,5,4,5,Champion
CUST030357,249,4,879.6099999999999,2,4,3,At Risk
CUST030358,1060,1,2347.64,1,2,4,Lost
CUST030361,8,7,3302.45,5,5,5,Champion
CUST030363,251,2,1621.31,2,3,4,At Risk
CUST030364,619,1,721.09,1,2,2,Lost
CUST030366,189,4,1265.47,3,4,3,Loyal Customer
CUST030372,114,1,404.27,3,2,1,Needs Attention
CUST030373,97,5,2071.81,4,5,4,Champion
CUST030374,300,3,1951.48,2,4,4,At Risk
CUST030376,55,1,20.71,4,2,1,Needs Attention
CUST030379,19,3,2371.95,5,4,4,Champion
CUST030380,90,2,540.97,4,3,2,Loyal Customer
CUST030382,99,1,540.04,4,2,2,Needs Attention
CUST030383,164,4,1720.22,3,4,4,Loyal Customer
CUST030384,255,2,1236.3,2,3,3,At Risk
CUST030388,687,1,730.74,1,2,2,Lost
CUST030391,2,83,44472.47,5,5,5,Champion
CUST030392,614,1,690.92,1,2,2,Lost
CUST030393,280,1,266.44,2,2,1,Lost
CUST030394,118,2,1425.3799999999999,3,3,3,Loyal Customer
CUST030395,52,8,4935.41,4,5,5,Champion
CUST030396,108,2,2093.91,3,3,4,Loyal Customer
CUST030397,880,1,262.97,1,2,1,Lost
CUST030398,564,1,1010.76,1,2,3,Lost
CUST030399,116,5,1440.74,3,5,3,Loyal Customer
CUST030403,135,2,545.83,3,3,2,Loyal Customer
CUST030405,27,7,4021.65,5,5,5,Champion
CUST030406,74,1,103.7,4,2,1,Needs Attention
CUST030407,285,3,2804.7599999999998,2,4,4,At Risk
CUST030408,722,3,648.4100000000001,1,4,2,At Risk
CUST030410,154,8,4420.19,3,5,5,Loyal Customer
CUST030411,128,1,900.03,3,2,3,Needs Attention
CUST030412,652,1,424.94,1,2,1,Lost
CUST030413,193,1,310.88,3,2,1,Needs Attention
CUST030414,306,2,2925.18,2,3,5,At Risk
CUST030419,13,2,556.11,5,3,2,Loyal Customer
CUST030422,876,1,520.47,1,2,2,Lost
CUST030423,150,2,3939.96,3,3,5,Loyal Customer
CUST030425,253,2,1327.6799999999998,2,3,3,At Risk
CUST030426,24,2,795.72,5,3,2,Loyal Customer
CUST030427,58,5,3242.71,4,5,5,Champion
CUST030430,465,1,1749.1,1,2,4,Lost
CUST030431,88,2,1587.51,4,3,4,Loyal Customer
CUST030432,115,7,4156.32,3,5,5,Loyal Customer
CUST030434,56,1,432.79,4,2,1,Needs Attention
CUST030435,108,1,783.27,3,2,2,Needs Attention
CUST030436,1,90,49439.34,5,5,5,Champion
CUST030437,69,10,5150.04,4,5,5,Champion
CUST030438,19,33,20582.5,5,5,5,Champion
CUST030440,505,1,350.37,1,2,1,Lost
CUST030441,242,5,2292.11,2,5,4,At Risk
CUST030442,140,8,3905.51,3,5,5,Loyal Customer
CUST030444,458,3,2996.4700000000003,1,4,5,At Risk
CUST030445,36,8,4147.93,5,5,5,Champion
CUST030446,192,5,4050.31,3,5,5,Loyal Customer
CUST030447,223,5,3803.33,2,5,5,At Risk
CUST030448,269,1,889.29,2,2,3,Lost
CUST030449,10,2,1372.04,5,3,3,Loyal Customer
CUST030450,49,3,1345.58,4,4,3,Loyal Customer
CUST030451,363,1,172.61,2,2,1,Lost
CUST030453,83,1,459.37,4,2,2,Needs Attention
CUST030454,476,1,2387.05,1,2,4,Lost
CUST030455,288,3,642.89,2,4,2,At Risk
CUST030457,227,2,1322.17,2,3,3,At Risk
CUST030458,39,1,637.03,5,2,2,Needs Attention
CUST030459,84,5,3068.36,4,5,5,Champion
CUST030460,350,1,354.15,2,2,1,Lost
CUST030461,168,2,2563.63,3,3,4,Loyal Customer
CUST030464,625,1,1670.67,1,2,4,Lost
CUST030465,579,1,247.0,1,2,1,Lost
CUST030466,179,2,418.14,3,3,1,Loyal Customer
CUST030467,351,1,47.22,2,2,1,Lost
CUST030468,89,5,1596.34,4,5,4,Champion
CUST030469,601,1,180.24,1,2,1,Lost
CUST030470,524,1,257.95,1,2,1,Lost
CUST030472,287,1,478.06,2,2,2,Lost
CUST030474,21,14,10962.5,5,5,5,Champion
CUST030477,771,1,604.33,1,2,2,Lost
CUST030478,937,1,132.06,1,2,1,Lost
CUST030479,39,18,11403.71,5,5,5,Champion
CUST030480,57,7,2660.44,4,5,4,Champion
CUST030481,269,2,1425.1,2,3,3,At Risk
CUST030482,17,1,629.68,5,2,2,Needs Attention
CUST030483,50,2,1809.3600000000001,4,3,4,Loyal Customer
CUST030485,80,2,907.4399999999999,4,3,3,Loyal Customer
CUST030488,13,6,3365.05,5,5,5,Champion
CUST030489,100,10,5286.22,4,5,5,Champion
CUST030490,158,4,2961.12,3,4,5,Loyal Customer
CUST030492,18,1,385.34,5,2,1,Needs Attention
CUST030493,18,5,1908.24,5,5,4,Champion
CUST030495,186,3,3625.11,3,4,5,Loyal Customer
CUST030498,4,6,4184.57,5,5,5,Champion
CUST030499,138,1,1066.91,3,2,3,Needs Attention
CUST030500,190,1,544.38,3,2,2,Needs Attention
CUST030501,301,2,815.69,2,3,2,At Risk
CUST030504,398,1,974.88,1,2,3,Lost
CUST030505,18,21,9094.64,5,5,5,Champion
CUST030506,9,7,4588.65,5,5,5,Champion
CUST030507,214,3,636.64,2,4,2,At Risk
CUST030508,276,2,1934.4299999999998,2,3,4,At Risk
CUST030509,215,1,1715.97,2,2,4,Lost
CUST030510,66,1,540.04,4,2,2,Needs Attention
CUST030511,1044,1,579.29,1,2,2,Lost
CUST030512,67,6,3572.26,4,5,5,Champion
CUST030513,861,1,1222.18,1,2,3,Lost
CUST030515,49,2,390.73,4,3,1,Loyal Customer
CUST030516,125,1,108.99,3,2,1,Needs Attention
CUST030517,79,3,579.15,4,4,2,Loyal Customer
CUST030518,295,2,1521.5,2,3,3,At Risk
CUST030519,79,6,2569.59,4,5,4,Champion
CUST030521,39,13,5995.37,5,5,5,Champion
CUST030522,424,1,331.32,1,2,1,Lost
CUST030523,147,3,1063.3600000000001,3,4,3,Loyal Customer
CUST030526,219,4,1259.99,2,4,3,At Risk
CUST030528,242,1,864.56,2,2,2,Lost
CUST030530,28,2,513.49,5,3,2,Loyal Customer
CUST030531,303,1,203.88,2,2,1,Lost
CUST030532,409,1,560.46,1,2,2,Lost
CUST030535,223,3,1684.28,2,4,4,At Risk
CUST030536,153,3,2554.94,3,4,4,Loyal Customer
CUST030538,165,1,1091.62,3,2,3,Needs Attention
CUST030539,304,2,587.05,2,3,2,At Risk
CUST030542,70,4,1700.54,4,4,4,Champion
CUST030544,458,1,1062.31,1,2,3,Lost
CUST030545,150,1,405.72,3,2,1,Needs Attention
CUST030548,76,1,264.29,4,2,1,Needs Attention
CUST030549,125,2,975.49,3,3,3,Loyal Customer
CUST030550,100,6,4035.33,4,5,5,Champion
CUST030551,87,12,8456.93,4,5,5,Champion
CUST030552,24,9,6558.38,5,5,5,Champion
CUST030554,491,1,44.62,1,2,1,Lost
CUST030555,195,1,545.06,3,2,2,Needs Attention
CUST030556,43,6,4517.15,4,5,5,Champion
CUST030557,258,4,1818.73,2,4,4,At Risk
CUST030558,803,1,489.28,1,2,2,Lost
CUST030561,28,5,4148.45,5,5,5,Champion
CUST030562,156,1,148.9,3,2,1,Needs Attention
CUST030567,774,1,1076.62,1,2,3,Lost
CUST030568,3,3,452.5,5,4,2,Loyal Customer
CUST030569,114,3,1386.47,3,4,3,Loyal Customer
CUST030570,47,2,1077.83,4,3,3,Loyal Customer
CUST030571,39,4,1589.66,5,4,4,Champion
CUST030573,31,2,606.92,5,3,2,Loyal Customer
CUST030574,16,6,3505.42,5,5,5,Champion
CUST030579,6,1,713.52,5,2,2,Needs Attention
CUST030581,206,1,378.32,2,2,1,Lost
CUST030582,148,2,513.66,3,3,2,Loyal Customer
CUST030584,2,17,11691.89,5,5,5,Champion
CUST030585,133,2,220.23000000000002,3,3,1,Loyal Customer
CUST030586,167,1,649.88,3,2,2,Needs Attention
CUST030589,151,5,4464.75,3,5,5,Loyal Customer
CUST030590,861,1,259.12,1,2,1,Lost
CUST030593,318,1,218.04,2,2,1,Lost
CUST030594,590,1,492.63,1,2,2,Lost
CUST030595,172,3,1992.28,3,4,4,Loyal Customer
CUST030596,50,3,1692.42,4,4,4,Champion
CUST030597,103,2,1185.5900000000001,3,3,3,Loyal Customer
CUST030598,19,6,3628.81,5,5,5,Champion
CUST030599,371,3,1688.37,2,4,4,At Risk
CUST030601,42,1,1326.2,4,2,3,Needs Attention
CUST030603,344,4,2345.61,2,4,4,At Risk
CUST030604,207,3,1029.42,2,4,3,At Risk
CUST030605,94,7,5033.07,4,5,5,Champion
CUST030606,349,1,200.47,2,2,1,Lost
CUST030607,70,1,86.21,4,2,1,Needs Attention
CUST030608,867,1,1499.67,1,2,3,Lost
CUST030609,267,2,2560.46,2,3,4,At Risk
CUST030610,107,2,507.27,3,3,2,Loyal Customer
CUST030613,428,2,392.71000000000004,1,3,1,At Risk
CUST030614,502,1,464.69,1,2,2,Lost
CUST030615,34,6,3562.5400000000004,5,5,5,Champion
CUST030617,677,2,1279.55,1,3,3,At Risk
CUST030618,16,3,985.71,5,4,3,Loyal Customer
CUST030619,82,1,366.87,4,2,1,Needs Attention
CUST030621,406,1,1636.59,1,2,4,Lost
CUST030622,389,1,167.29,2,2,1,Lost
CUST030623,155,8,6638.05,3,5,5,Loyal Customer
CUST030624,117,3,2404.58,3,4,4,Loyal Customer
CUST030626,153,1,1533.3,3,2,3,Needs Attention
CUST030628,147,3,1426.84,3,4,3,Loyal Customer
CUST030629,116,1,96.43,3,2,1,Needs Attention
CUST030630,171,4,2818.4,3,4,4,Loyal Customer
CUST030631,254,1,16.68,2,2,1,Lost
CUST030634,123,2,664.01,3,3,2,Loyal Customer
CUST030635,281,2,290.03,2,3,1,At Risk
CUST030636,48,12,8946.73,4,5,5,Champion
CUST030637,480,1,612.28,1,2,2,Lost
CUST030638,420,1,690.06,1,2,2,Lost
CUST030640,368,3,925.01,2,4,3,At Risk
CUST030642,270,2,691.92,2,3,2,At Risk
CUST030643,501,1,639.56,1,2,2,Lost
CUST030644,196,1,331.89,3,2,1,Needs Attention
CUST030645,193,1,558.22,3,2,2,Needs Attention
CUST030646,132,1,196.63,3,2,1,Needs Attention
CUST030649,216,1,1617.57,2,2,4,Lost
CUST030656,645,1,343.69,1,2,1,Lost
CUST030658,303,2,670.84,2,3,2,At Risk
CUST030661,259,3,1511.93,2,4,3,At Risk
CUST030663,66,6,4419.51,4,5,5,Champion
CUST030664,554,3,1947.0300000000002,1,4,4,At Risk
CUST030665,224,2,1520.9,2,3,3,At Risk
CUST030667,106,7,4041.3199999999997,3,5,5,Loyal Customer
CUST030668,398,4,1764.53,1,4,4,At Risk
CUST030669,469,1,294.54,1,2,1,Lost
CUST030670,769,1,650.36,1,2,2,Lost
CUST030671,81,3,1928.22,4,4,4,Champion
CUST030674,457,1,184.83,1,2,1,Lost
CUST030675,73,5,1812.35,4,5,4,Champion
CUST030677,217,1,743.46,2,2,2,Lost
CUST030678,7,20,9533.58,5,5,5,Champion
CUST030679,239,2,2857.21,2,3,4,At Risk
CUST030683,183,2,1317.07,3,3,3,Loyal Customer
CUST030685,504,1,672.51,1,2,2,Lost
CUST030686,963,1,306.58,1,2,1,Lost
CUST030687,237,2,2485.27,2,3,4,At Risk
CUST030688,29,5,2832.33,5,5,4,Champion
CUST030689,28,9,6156.84,5,5,5,Champion
CUST030690,46,5,3327.34,4,5,5,Champion
CUST030693,593,1,976.5,1,2,3,Lost
CUST030695,116,1,1371.6,3,2,3,Needs Attention
CUST030696,40,5,2418.79,4,5,4,Champion
CUST030697,93,4,2034.52,4,4,4,Champion
CUST030699,15,2,875.48,5,3,3,Loyal Customer
CUST030700,312,2,319.33000000000004,2,3,1,At Risk
CUST030702,314,1,156.1,2,2,1,Lost
CUST030703,3,66,41462.479999999996,5,5,5,Champion
CUST030704,249,3,1756.82,2,4,4,At Risk
CUST030706,59,5,2342.9300000000003,4,5,4,Champion
CUST030708,298,1,571.35,2,2,2,Lost
CUST030709,159,3,795.35,3,4,2,Loyal Customer
CUST030710,57,3,2910.2799999999997,4,4,5,Champion
CUST030713,924,1,377.54,1,2,1,Lost
CUST030714,172,1,1085.42,3,2,3,Needs Attention
CUST030715,845,1,531.68,1,2,2,Lost
CUST030716,19,4,1248.71,5,4,3,Loyal Customer
CUST030717,40,1,530.75,4,2,2,Needs Attention
CUST030718,46,27,20047.66,4,5,5,Champion
CUST030719,6,25,12860.16,5,5,5,Champion
CUST030723,63,3,2016.52,4,4,4,Champion
CUST030724,599,1,445.19,1,2,2,Lost
CUST030725,31,2,821.3299999999999,5,3,2,Loyal Customer
CUST030726,379,1,691.99,2,2,2,Lost
CUST030727,131,2,1427.8600000000001,3,3,3,Loyal Customer
CUST030730,33,19,7419.09,5,5,5,Champion
CUST030731,838,1,345.2,1,2,1,Lost
CUST030733,64,1,252.0,4,2,1,Needs Attention
CUST030734,438,1,636.19,1,2,2,Lost
CUST030735,10,3,2110.22,5,4,4,Champion
CUST030736,7,1,1029.49,5,2,3,Needs Attention
CUST030737,264,3,1294.6200000000001,2,4,3,At Risk
CUST030738,129,4,810.4000000000001,3,4,2,Loyal Customer
CUST030740,168,3,1445.68,3,4,3,Loyal Customer
CUST030741,602,1,491.44,1,2,2,Lost
CUST030742,673,1,1723.05,1,2,4,Lost
CUST030743,43,8,3677.4100000000003,4,5,5,Champion
CUST030744,461,1,33.26,1,2,1,Lost
CUST030745,90,3,1112.81,4,4,3,Loyal Customer
CUST030746,435,2,2625.63,1,3,4,At Risk
CUST030748,167,1,268.93,3,2,1,Needs Attention
CUST030749,19,4,1211.0700000000002,5,4,3,Loyal Customer
CUST030751,7,1,704.1,5,2,2,Needs Attention
CUST030752,90,2,1575.32,4,3,4,Loyal Customer
CUST030753,19,3,1387.4099999999999,5,4,3,Loyal Customer
CUST030754,407,3,1725.8899999999999,1,4,4,At Risk
CUST030758,26,26,15477.68,5,5,5,Champion
CUST030759,13,84,42402.78,5,5,5,Champion
CUST030762,142,5,3398.21,3,5,5,Loyal Customer
CUST030767,23,7,5439.639999999999,5,5,5,Champion
CUST030768,61,1,633.12,4,2,2,Needs Attention
CUST030769,315,2,430.23999999999995,2,3,1,At Risk
CUST030770,92,3,1496.19,4,4,3,Loyal Customer
CUST030771,241,1,169.22,2,2,1,Lost
CUST030772,98,3,1963.21,4,4,4,Champion
CUST030773,101,5,4226.9,4,5,5,Champion
CUST030779,607,2,172.63,1,3,1,At Risk
CUST030781,197,3,2368.28,3,4,4,Loyal Customer
CUST030782,29,1,626.59,5,2,2,Needs Attention
CUST030784,177,2,382.65,3,3,1,Loyal Customer
CUST030785,55,1,70.5,4,2,1,Needs Attention
CUST030786,86,1,289.5,4,2,1,Needs Attention
CUST030787,35,3,2242.7,5,4,4,Champion
CUST030788,43,1,123.24,4,2,1,Needs Attention
CUST030790,558,1,173.59,1,2,1,Lost
CUST030791,440,2,746.6600000000001,1,3,2,At Risk
CUST030793,372,2,659.47,2,3,2,At Risk
CUST030794,128,1,311.21,3,2,1,Needs Attention
CUST030795,129,1,955.3,3,2,3,Needs Attention
CUST030796,827,1,602.34,1,2,2,Lost
CUST030797,57,2,1241.5,4,3,3,Loyal Customer
CUST030798,251,3,1288.27,2,4,3,At Risk
CUST030799,231,1,823.73,2,2,2,Lost
CUST030800,391,1,523.46,2,2,2,Lost
CUST030801,32,11,7978.54,5,5,5,Champion
CUST030802,315,3,1436.71,2,4,3,At Risk
CUST030803,58,7,3138.62,4,5,5,Champion
CUST030805,478,2,315.28,1,3,1,At Risk
CUST030808,172,2,691.96,3,3,2,Loyal Customer
CUST030809,366,2,554.0600000000001,2,3,2,At Risk
CUST030810,256,2,374.76,2,3,1,At Risk
CUST030811,146,4,2049.5499999999997,3,4,4,Loyal Customer
CUST030812,346,1,52.37,2,2,1,Lost
CUST030813,95,3,814.4899999999999,4,4,2,Loyal Customer
CUST030814,70,8,3465.86,4,5,5,Champion
CUST030815,298,3,1472.4299999999998,2,4,3,At Risk
CUST030818,30,1,460.54,5,2,2,Needs Attention
CUST030820,866,1,233.62,1,2,1,Lost
CUST030823,112,2,1053.83,3,3,3,Loyal Customer
CUST030824,396,1,461.74,1,2,2,Lost
CUST030825,101,1,1072.98,4,2,3,Needs Attention
CUST030827,257,1,268.75,2,2,1,Lost
CUST030828,365,2,310.49,2,3,1,At Risk
CUST030829,444,2,920.4499999999999,1,3,3,At Risk
CUST030830,19,2,1179.24,5,3,3,Loyal Customer
CUST030831,475,1,2995.08,1,2,5,Lost
CUST030833,283,1,636.97,2,2,2,Lost
CUST030834,305,2,877.23,2,3,3,At Risk
CUST030836,357,1,464.45,2,2,2,Lost
CUST030837,17,29,14895.29,5,5,5,Champion
CUST030838,278,1,1760.64,2,2,4,Lost
CUST030839,768,1,751.65,1,2,2,Lost
CUST030840,11,1,483.77,5,2,2,Needs Attention
CUST030842,56,1,591.43,4,2,2,Needs Attention
CUST030843,116,2,2764.66,3,3,4,Loyal Customer
CUST030844,652,1,1152.55,1,2,3,Lost
CUST030845,193,8,7005.07,3,5,5,Loyal Customer
CUST030847,220,3,2535.69,2,4,4,At Risk
CUST030848,48,1,620.38,4,2,2,Needs Attention
CUST030851,132,3,2052.8,3,4,4,Loyal Customer
CUST030854,355,1,207.83,2,2,1,Lost
CUST030855,12,17,10717.37,5,5,5,Champion
CUST030856,212,4,2254.86,2,4,4,At Risk
CUST030857,202,1,1268.64,3,2,3,Needs Attention
CUST030860,567,1,386.11,1,2,1,Lost
CUST030861,114,2,1310.59,3,3,3,Loyal Customer
CUST030863,58,4,3216.4700000000003,4,4,5,Champion
CUST030865,79,2,131.67000000000002,4,3,1,Loyal Customer
CUST030868,281,3,1056.91,2,4,3,At Risk
CUST030869,33,2,455.33000000000004,5,3,2,Loyal Customer
CUST030870,866,1,1451.94,1,2,3,Lost
CUST030871,260,3,2002.07,2,4,4,At Risk
CUST030873,196,1,577.99,3,2,2,Needs Attention
CUST030876,199,2,513.6700000000001,3,3,2,Loyal Customer
CUST030877,442,1,329.01,1,2,1,Lost
CUST030878,178,2,1134.07,3,3,3,Loyal Customer
CUST030879,237,5,3098.0099999999998,2,5,5,At Risk
CUST030880,61,6,4784.46,4,5,5,Champion
CUST030881,8,19,11129.279999999999,5,5,5,Champion
CUST030883,657,1,1029.45,1,2,3,Lost
CUST030886,76,3,920.9200000000001,4,4,3,Loyal Customer
CUST030887,33,2,1130.22,5,3,3,Loyal Customer
CUST030888,46,1,688.15,4,2,2,Needs Attention
CUST030890,164,4,3368.98,3,4,5,Loyal Customer
CUST030891,13,2,438.51,5,3,2,Loyal Customer
CUST030892,212,1,65.37,2,2,1,Lost
CUST030896,83,6,3429.2799999999997,4,5,5,Champion
CUST030897,54,2,424.52,4,3,1,Loyal Customer
CUST030898,122,1,1188.03,3,2,3,Needs Attention
CUST030899,840,1,168.07,1,2,1,Lost
CUST030900,324,2,576.2,2,3,2,At Risk
CUST030901,173,3,1805.92,3,4,4,Loyal Customer
CUST030902,56,4,2125.25,4,4,4,Champion
CUST030903,79,1,195.42,4,2,1,Needs Attention
CUST030904,231,10,7318.9800000000005,2,5,5,At Risk
CUST030905,122,1,351.47,3,2,1,Needs Attention
CUST030906,150,3,1937.6100000000001,3,4,4,Loyal Customer
CUST030908,554,1,577.8,1,2,2,Lost
CUST030910,115,1,1091.48,3,2,3,Needs Attention
CUST030911,138,2,730.22,3,3,2,Loyal Customer
CUST030912,185,3,3113.21,3,4,5,Loyal Customer
CUST030914,266,2,553.0699999999999,2,3,2,At Risk
CUST030915,288,4,1631.23,2,4,4,At Risk
CUST030916,123,5,1394.8,3,5,3,Loyal Customer
CUST030918,347,1,742.01,2,2,2,Lost
CUST030919,5,4,2330.2200000000003,5,4,4,Champion
CUST030921,242,2,1137.77,2,3,3,At Risk
CUST030922,34,3,1095.54,5,4,3,Loyal Customer
CUST030924,75,17,8905.970000000001,4,5,5,Champion
CUST030927,174,1,568.53,3,2,2,Needs Attention
CUST030929,1013,1,672.51,1,2,2,Lost
CUST030930,572,1,301.05,1,2,1,Lost
CUST030931,385,1,453.13,2,2,2,Lost
CUST030932,35,4,1262.4,5,4,3,Loyal Customer
CUST030933,873,1,343.15,1,2,1,Lost
CUST030934,372,1,2194.44,2,2,4,Lost
CUST030936,35,7,5660.05,5,5,5,Champion
CUST030937,253,6,2413.78,2,5,4,At Risk
CUST030939,194,5,1907.63,3,5,4,Loyal Customer
CUST030942,212,1,692.24,2,2,2,Lost
CUST030945,79,2,2342.68,4,3,4,Loyal Customer
CUST030946,3,12,4863.17,5,5,5,Champion
CUST030947,833,1,2378.53,1,2,4,Lost
CUST030948,20,2,1928.9099999999999,5,3,4,Loyal Customer
CUST030949,233,2,698.19,2,3,2,At Risk
CUST030950,198,3,393.65999999999997,3,4,1,Loyal Customer
CUST030951,536,3,1282.24,1,4,3,At Risk
CUST030953,175,2,1837.3,3,3,4,Loyal Customer
CUST030955,62,9,6534.26,4,5,5,Champion
CUST030956,252,1,570.56,2,2,2,Lost
CUST030958,199,1,20.34,3,2,1,Needs Attention
CUST030962,725,1,906.34,1,2,3,Lost
CUST030964,514,2,354.8,1,3,1,At Risk
CUST030965,41,2,484.03,4,3,2,Loyal Customer
CUST030966,213,7,4631.08,2,5,5,At Risk
CUST030967,562,1,323.19,1,2,1,Lost
CUST030969,174,3,1154.28,3,4,3,Loyal Customer
CUST030970,28,10,6716.09,5,5,5,Champion
CUST030972,511,1,355.74,1,2,1,Lost
CUST030973,124,10,5034.73,3,5,5,Loyal Customer
CUST030975,25,3,1583.65,5,4,4,Champion
CUST030976,105,1,169.22,3,2,1,Needs Attention
CUST030977,243,3,1425.5900000000001,2,4,3,At Risk
CUST030979,22,19,10196.57,5,5,5,Champion
CUST030980,19,2,729.9300000000001,5,3,2,Loyal Customer
CUST030981,35,1,317.48,5,2,1,Needs Attention
CUST030982,303,3,691.71,2,4,2,At Risk
CUST030983,104,4,2420.8799999999997,3,4,4,Loyal Customer
CUST030985,70,4,1883.98,4,4,4,Champion
CUST030987,315,1,682.26,2,2,2,Lost
CUST030989,98,5,2778.11,4,5,4,Champion
CUST030990,44,17,13345.27,4,5,5,Champion
CUST030991,409,4,2319.6499999999996,1,4,4,At Risk
CUST030993,121,6,5392.89,3,5,5,Loyal Customer
CUST030994,33,1,331.36,5,2,1,Needs Attention
CUST030997,9,73,46233.64,5,5,5,Champion
CUST030998,555,2,728.5,1,3,2,At Risk
CUST031005,123,2,1162.01,3,3,3,Loyal Customer
CUST031006,18,3,1886.29,5,4,4,Champion
CUST031007,313,1,783.75,2,2,2,Lost
CUST031008,79,4,2978.7400000000002,4,4,5,Champion
CUST031009,279,4,659.64,2,4,2,At Risk
CUST031012,716,1,536.63,1,2,2,Lost
CUST031013,356,1,890.83,2,2,3,Lost
CUST031015,330,1,400.15,2,2,1,Lost
CUST031016,772,1,1355.32,1,2,3,Lost
CUST031018,832,1,706.85,1,2,2,Lost
CUST031021,168,5,2132.9,3,5,4,Loyal Customer
CUST031022,139,3,1978.23,3,4,4,Loyal Customer
CUST031023,906,1,48.23,1,2,1,Lost
CUST031025,54,3,1577.8500000000001,4,4,4,Champion
CUST031026,141,1,402.42,3,2,1,Needs Attention
CUST031027,507,2,1702.61,1,3,4,At Risk
CUST031030,461,2,1062.6,1,3,3,At Risk
CUST031031,14,4,2430.97,5,4,4,Champion
CUST031034,260,2,237.58,2,3,1,At Risk
CUST031036,523,2,1699.37,1,3,4,At Risk
CUST031037,28,4,792.52,5,4,2,Loyal Customer
CUST031039,37,1,226.57,5,2,1,Needs Attention
CUST031040,46,1,268.75,4,2,1,Needs Attention
CUST031041,108,1,94.14,3,2,1,Needs Attention
CUST031044,16,16,10537.87,5,5,5,Champion
CUST031050,46,4,2639.2,4,4,4,Champion
CUST031051,223,3,1574.8799999999999,2,4,4,At Risk
CUST031053,564,2,2057.0699999999997,1,3,4,At Risk
CUST031054,617,2,662.03,1,3,2,At Risk
CUST031056,372,1,208.53,2,2,1,Lost
CUST031059,63,2,1750.4899999999998,4,3,4,Loyal Customer
CUST031060,246,3,1968.6599999999999,2,4,4,At Risk
CUST031062,232,1,232.13,2,2,1,Lost
CUST031064,325,1,131.16,2,2,1,Lost
CUST031065,381,2,978.68,2,3,3,At Risk
CUST031066,177,4,597.95,3,4,2,Loyal Customer
CUST031067,72,3,1542.9,4,4,3,Loyal Customer
CUST031068,206,3,2287.4399999999996,2,4,4,At Risk
CUST031070,87,5,1404.4,4,5,3,Loyal Customer
CUST031073,39,2,580.2,5,3,2,Loyal Customer
CUST031077,374,1,174.67,2,2,1,Lost
CUST031079,47,2,667.37,4,3,2,Loyal Customer
CUST031080,33,1,540.5,5,2,2,Needs Attention
CUST031081,398,1,48.03,1,2,1,Lost
CUST031082,101,2,1687.21,4,3,4,Loyal Customer
CUST031083,808,1,1217.81,1,2,3,Lost
CUST031084,61,5,3799.32,4,5,5,Champion
CUST031085,171,3,1338.2900000000002,3,4,3,Loyal Customer
CUST031087,273,2,2581.6,2,3,4,At Risk
CUST031088,321,2,1290.03,2,3,3,At Risk
CUST031089,405,1,454.24,1,2,2,Lost
CUST031090,176,7,4394.51,3,5,5,Loyal Customer
CUST031091,445,2,1987.04,1,3,4,At Risk
CUST031093,194,3,2684.29,3,4,4,Loyal Customer
CUST031095,35,14,6300.11,5,5,5,Champion
CUST031096,326,2,486.58,2,3,2,At Risk
CUST031097,414,2,1213.31,1,3,3,At Risk
CUST031099,435,1,1077.83,1,2,3,Lost
CUST031100,78,2,492.10999999999996,4,3,2,Loyal Customer
CUST031101,282,1,1201.4,2,2,3,Lost
CUST031102,350,3,1931.31,2,4,4,At Risk
CUST031103,224,1,437.86,2,2,2,Lost
CUST031105,417,1,509.05,1,2,2,Lost
CUST031106,67,2,1371.32,4,3,3,Loyal Customer
CUST031107,317,2,1460.12,2,3,3,At Risk
CUST031109,63,3,555.87,4,4,2,Loyal Customer
CUST031110,31,5,1829.9799999999998,5,5,4,Champion
CUST031111,105,3,2106.7799999999997,3,4,4,Loyal Customer
CUST031112,37,2,462.14,5,3,2,Loyal Customer
CUST031113,468,1,316.24,1,2,1,Lost
CUST031116,728,1,1460.45,1,2,3,Lost
CUST031117,243,1,202.98,2,2,1,Lost
CUST031118,25,4,428.51,5,4,1,Loyal Customer
CUST031120,126,1,250.35,3,2,1,Needs Attention
CUST031122,146,2,1658.24,3,3,4,Loyal Customer
CUST031125,544,4,1572.2,1,4,4,At Risk
CUST031126,551,1,126.1,1,2,1,Lost
CUST031127,332,4,2611.49,2,4,4,At Risk
CUST031129,74,2,826.3600000000001,4,3,2,Loyal Customer
CUST031131,828,1,854.23,1,2,2,Lost
CUST031133,431,4,1862.0499999999997,1,4,4,At Risk
CUST031134,309,1,476.52,2,2,2,Lost
CUST031136,20,2,630.54,5,3,2,Loyal Customer
CUST031137,224,2,1345.6599999999999,2,3,3,At Risk
CUST031138,69,2,1554.74,4,3,3,Loyal Customer
CUST031140,643,1,914.4,1,2,3,Lost
CUST031141,463,1,1124.21,1,2,3,Lost
CUST031142,19,4,2484.16,5,4,4,Champion
CUST031144,171,1,92.88,3,2,1,Needs Attention
CUST031145,297,2,701.9000000000001,2,3,2,At Risk
CUST031146,99,13,8461.2,4,5,5,Champion
CUST031147,631,1,398.55,1,2,1,Lost
CUST031148,117,8,5617.75,3,5,5,Loyal Customer
CUST031149,231,1,392.78,2,2,1,Lost
CUST031152,101,2,2648.74,4,3,4,Loyal Customer
CUST031153,478,3,2797.4300000000003,1,4,4,At Risk
CUST031154,77,4,1888.74,4,4,4,Champion
CUST031157,228,3,1239.95,2,4,3,At Risk
CUST031160,78,4,2235.5,4,4,4,Champion
CUST031162,44,8,7490.43,4,5,5,Champion
CUST031163,19,2,693.76,5,3,2,Loyal Customer
CUST031164,16,4,846.68,5,4,2,Loyal Customer
CUST031165,50,2,363.46000000000004,4,3,1,Loyal Customer
CUST031166,64,1,1837.61,4,2,4,Needs Attention
CUST031167,216,2,1930.16,2,3,4,At Risk
CUST031168,469,1,105.08,1,2,1,Lost
CUST031169,32,3,1759.9,5,4,4,Champion
CUST031170,435,1,408.61,1,2,1,Lost
CUST031172,16,5,3119.96,5,5,5,Champion
CUST031175,203,1,285.6,3,2,1,Needs Attention
CUST031176,15,5,2562.79,5,5,4,Champion
CUST031177,468,1,350.51,1,2,1,Lost
CUST031179,191,1,639.56,3,2,2,Needs Attention
CUST031180,110,2,563.38,3,3,2,Loyal Customer
CUST031181,353,1,33.53,2,2,1,Lost
CUST031182,312,3,2289.5,2,4,4,At Risk
CUST031183,139,3,884.58,3,4,3,Loyal Customer
CUST031184,137,4,2569.94,3,4,4,Loyal Customer
CUST031185,401,1,485.11,1,2,2,Lost
CUST031186,183,3,1806.53,3,4,4,Loyal Customer
CUST031189,124,1,881.58,3,2,3,Needs Attention
CUST031190,308,1,16.68,2,2,1,Lost
CUST031192,8,8,4182.9,5,5,5,Champion
CUST031193,399,1,1235.91,1,2,3,Lost
CUST031194,251,2,1738.41,2,3,4,At Risk
CUST031195,36,2,2637.77,5,3,4,Loyal Customer
CUST031197,47,4,2446.69,4,4,4,Champion
CUST031199,244,2,271.71,2,3,1,At Risk
CUST031201,38,1,3868.28,5,2,5,Needs Attention
CUST031204,430,2,674.27,1,3,2,At Risk
CUST031205,80,8,3050.07,4,5,5,Champion
CUST031207,349,2,715.84,2,3,2,At Risk
CUST031208,200,1,237.88,3,2,1,Needs Attention
CUST031209,43,2,643.3100000000001,4,3,2,Loyal Customer
CUST031210,280,3,1211.16,2,4,3,At Risk
CUST031212,186,2,1792.7,3,3,4,Loyal Customer
CUST031215,5,1,444.08,5,2,2,Needs Attention
CUST031216,10,6,5116.36,5,5,5,Champion
CUST031218,13,7,4738.29,5,5,5,Champion
CUST031219,61,9,3017.42,4,5,5,Champion
CUST031221,110,10,7788.09,3,5,5,Loyal Customer
CUST031222,293,1,599.41,2,2,2,Lost
CUST031225,46,5,1566.9,4,5,4,Champion
CUST031228,239,3,1115.45,2,4,3,At Risk
CUST031229,68,4,1783.83,4,4,4,Champion
CUST031230,503,1,2620.06,1,2,4,Lost
CUST031232,658,3,3345.58,1,4,5,At Risk
CUST031233,34,3,713.69,5,4,2,Loyal Customer
CUST031234,125,4,2381.6800000000003,3,4,4,Loyal Customer
CUST031235,268,2,218.92,2,3,1,At Risk
CUST031236,598,1,885.49,1,2,3,Lost
CUST031238,217,2,847.92,2,3,2,At Risk
CUST031239,49,3,2028.99,4,4,4,Champion
CUST031241,475,1,1306.96,1,2,3,Lost
CUST031242,703,1,349.26,1,2,1,Lost
CUST031244,368,1,1133.96,2,2,3,Lost
CUST031248,63,2,1403.37,4,3,3,Loyal Customer
CUST031249,491,1,93.24,1,2,1,Lost
CUST031251,29,9,5493.06,5,5,5,Champion
CUST031255,96,9,4426.34,4,5,5,Champion
CUST031258,234,3,1389.22,2,4,3,At Risk
CUST031259,225,1,76.69,2,2,1,Lost
CUST031260,111,8,4147.55,3,5,5,Loyal Customer
CUST031261,140,2,724.58,3,3,2,Loyal Customer
CUST031263,33,1,730.47,5,2,2,Needs Attention
CUST031264,231,2,999.76,2,3,3,At Risk
CUST031265,837,1,176.52,1,2,1,Lost
CUST031267,314,4,2043.5,2,4,4,At Risk
CUST031269,151,1,155.29,3,2,1,Needs Attention
CUST031271,14,18,10335.61,5,5,5,Champion
CUST031273,491,3,1781.31,1,4,4,At Risk
CUST031277,415,3,1953.1399999999999,1,4,4,At Risk
CUST031278,263,2,502.92,2,3,2,At Risk
CUST031279,44,3,1607.5900000000001,4,4,4,Champion
CUST031280,447,2,810.4100000000001,1,3,2,At Risk
CUST031281,73,1,1070.74,4,2,3,Needs Attention
CUST031282,119,1,104.42,3,2,1,Needs Attention
CUST031283,35,1,311.04,5,2,1,Needs Attention
CUST031284,9,1,148.36,5,2,1,Needs Attention
CUST031286,237,1,159.75,2,2,1,Lost
CUST031287,273,4,3785.52,2,4,5,At Risk
CUST031288,11,14,12297.6,5,5,5,Champion
CUST031289,46,1,46.44,4,2,1,Needs Attention
CUST031290,483,1,122.76,1,2,1,Lost
CUST031291,672,1,490.66,1,2,2,Lost
CUST031292,367,2,846.1800000000001,2,3,2,At Risk
CUST031294,18,17,9457.75,5,5,5,Champion
CUST031295,559,2,633.44,1,3,2,At Risk
CUST031296,1,3,1219.23,5,4,3,Loyal Customer
CUST031297,16,7,3779.87,5,5,5,Champion
CUST031298,333,2,546.57,2,3,2,At Risk
CUST031299,172,2,886.74,3,3,3,Loyal Customer
CUST031302,39,3,2521.31,5,4,4,Champion
CUST031303,32,7,5395.28,5,5,5,Champion
CUST031304,10,1,146.42,5,2,1,Needs Attention
CUST031308,224,2,2442.47,2,3,4,At Risk
CUST031309,291,3,1882.3,2,4,4,At Risk
CUST031311,161,3,4733.54,3,4,5,Loyal Customer
CUST031312,690,1,665.27,1,2,2,Lost
CUST031313,4,8,2654.59,5,5,4,Champion
CUST031314,361,2,1193.28,2,3,3,At Risk
CUST031316,378,2,233.3,2,3,1,At Risk
CUST031317,81,2,307.39,4,3,1,Loyal Customer
CUST031318,43,3,1659.49,4,4,4,Champion
CUST031321,430,1,191.92,1,2,1,Lost
CUST031323,122,1,168.28,3,2,1,Needs Attention
CUST031324,223,2,1095.25,2,3,3,At Risk
CUST031325,175,2,564.77,3,3,2,Loyal Customer
CUST031326,499,1,1323.42,1,2,3,Lost
CUST031327,153,3,2191.92,3,4,4,Loyal Customer
CUST031328,18,1,20.34,5,2,1,Needs Attention
CUST031329,22,3,870.31,5,4,2,Loyal Customer
CUST031330,240,2,626.5,2,3,2,At Risk
CUST031331,28,3,1802.9900000000002,5,4,4,Champion
CUST031332,50,4,2249.0,4,4,4,Champion
CUST031333,106,3,1340.6100000000001,3,4,3,Loyal Customer
CUST031334,82,3,1556.47,4,4,3,Loyal Customer
CUST031337,42,3,2359.6299999999997,4,4,4,Champion
CUST031339,55,1,636.19,4,2,2,Needs Attention
CUST031340,46,2,921.4399999999999,4,3,3,Loyal Customer
CUST031341,16,12,6091.93,5,5,5,Champion
CUST031342,280,3,1629.9,2,4,4,At Risk
CUST031343,124,7,4044.06,3,5,5,Loyal Customer
CUST031344,95,1,473.38,4,2,2,Needs Attention
CUST031345,119,2,487.9,3,3,2,Loyal Customer
CUST031346,329,1,574.18,2,2,2,Lost
CUST031347,73,6,2742.53,4,5,4,Champion
CUST031348,77,3,3646.8500000000004,4,4,5,Champion
CUST031349,136,13,5566.44,3,5,5,Loyal Customer
CUST031350,2,3,1097.12,5,4,3,Loyal Customer
CUST031353,3,9,5740.88,5,5,5,Champion
CUST031354,749,1,112.44,1,2,1,Lost
CUST031355,123,3,1453.72,3,4,3,Loyal Customer
CUST031356,23,1,403.88,5,2,1,Needs Attention
CUST031359,70,3,1609.27,4,4,4,Champion
CUST031360,316,1,350.37,2,2,1,Lost
CUST031362,2,2,2330.91,5,3,4,Loyal Customer
CUST031363,485,1,246.08,1,2,1,Lost
CUST031364,85,2,1589.03,4,3,4,Loyal Customer
CUST031367,352,3,1019.08,2,4,3,At Risk
CUST031368,21,7,2821.9900000000002,5,5,4,Champion
CUST031370,432,1,1287.25,1,2,3,Lost
CUST031371,14,8,4749.34,5,5,5,Champion
CUST031372,79,6,2799.4300000000003,4,5,4,Champion
CUST031373,5,6,4593.71,5,5,5,Champion
CUST031374,6,9,4778.8099999999995,5,5,5,Champion
CUST031375,63,4,2679.19,4,4,4,Champion
CUST031376,341,1,160.87,2,2,1,Lost
CUST031377,76,3,720.01,4,4,2,Loyal Customer
CUST031378,31,1,379.81,5,2,1,Needs Attention
CUST031379,87,1,354.15,4,2,1,Needs Attention
CUST031386,1033,1,478.08,1,2,2,Lost
CUST031387,276,2,798.9100000000001,2,3,2,At Risk
CUST031388,123,6,2352.82,3,5,4,Loyal Customer
CUST031389,231,1,2566.4,2,2,4,Lost
CUST031390,93,8,2428.52,4,5,4,Champion
CUST031391,162,5,3098.56,3,5,5,Loyal Customer
CUST031393,993,1,407.91,1,2,1,Lost
CUST031394,458,1,350.48,1,2,1,Lost
CUST031395,122,1,149.35,3,2,1,Needs Attention
CUST031396,65,2,1494.55,4,3,3,Loyal Customer
CUST031399,76,3,1373.1399999999999,4,4,3,Loyal Customer
CUST031400,86,5,1755.7,4,5,4,Champion
CUST031403,6,2,1275.88,5,3,3,Loyal Customer
CUST031404,9,9,4813.9,5,5,5,Champion
CUST031406,7,6,4097.7,5,5,5,Champion
CUST031409,629,1,1070.74,1,2,3,Lost
CUST031410,510,1,171.92,1,2,1,Lost
CUST031411,232,4,1528.23,2,4,3,At Risk
CUST031412,96,1,204.97,4,2,1,Needs Attention
CUST031413,916,1,437.54,1,2,2,Lost
CUST031414,42,1,683.58,4,2,2,Needs Attention
CUST031416,97,3,4599.47,4,4,5,Champion
CUST031419,109,2,2387.3199999999997,3,3,4,Loyal Customer
CUST031420,46,16,6482.35,4,5,5,Champion
CUST031421,537,1,560.38,1,2,2,Lost
CUST031422,253,2,892.42,2,3,3,At Risk
CUST031425,109,5,2244.21,3,5,4,Loyal Customer
CUST031426,205,1,250.35,2,2,1,Lost
CUST031428,2,4,2315.4,5,4,4,Champion
CUST031429,656,1,176.95,1,2,1,Lost
CUST031430,90,3,1828.29,4,4,4,Champion
CUST031431,360,1,166.5,2,2,1,Lost
CUST031432,512,1,553.72,1,2,2,Lost
CUST031434,22,1,291.25,5,2,1,Needs Attention
CUST031437,799,1,492.98,1,2,2,Lost
CUST031439,70,1,1389.32,4,2,3,Needs Attention
CUST031440,74,5,2099.95,4,5,4,Champion
CUST031441,382,1,909.86,2,2,3,Lost
CUST031442,29,8,5512.77,5,5,5,Champion
CUST031443,6,31,17226.63,5,5,5,Champion
CUST031444,37,7,3828.0299999999997,5,5,5,Champion
CUST031445,135,3,1103.09,3,4,3,Loyal Customer
CUST031446,537,2,1251.0200000000002,1,3,3,At Risk
CUST031448,611,1,774.29,1,2,2,Lost
CUST031449,458,1,455.54,1,2,2,Lost
CUST031450,464,3,1444.62,1,4,3,At Risk
CUST031453,19,4,3418.23,5,4,5,Champion
CUST031455,55,2,1082.42,4,3,3,Loyal Customer
CUST031456,356,1,168.19,2,2,1,Lost
CUST031458,36,2,796.5500000000001,5,3,2,Loyal Customer
CUST031459,283,2,409.08000000000004,2,3,1,At Risk
CUST031461,267,1,171.65,2,2,1,Lost
CUST031463,144,1,127.14,3,2,1,Needs Attention
CUST031465,182,1,180.6,3,2,1,Needs Attention
CUST031466,849,1,1448.17,1,2,3,Lost
CUST031467,32,3,1579.87,5,4,4,Champion
CUST031468,47,2,439.54,4,3,2,Loyal Customer
CUST031469,265,3,2700.71,2,4,4,At Risk
CUST031470,24,3,3231.9799999999996,5,4,5,Champion
CUST031471,115,4,2561.17,3,4,4,Loyal Customer
CUST031473,406,3,1137.25,1,4,3,At Risk
CUST031475,251,5,3240.9900000000002,2,5,5,At Risk
CUST031477,5,4,2265.81,5,4,4,Champion
CUST031478,44,4,1154.45,4,4,3,Loyal Customer
CUST031480,188,1,276.86,3,2,1,Needs Attention
CUST031481,141,4,1333.1100000000001,3,4,3,Loyal Customer
CUST031484,489,1,320.28,1,2,1,Lost
CUST031487,257,2,542.05,2,3,2,At Risk
CUST031488,328,3,1146.09,2,4,3,At Risk
CUST031491,129,1,633.84,3,2,2,Needs Attention
CUST031492,155,3,1924.0300000000002,3,4,4,Loyal Customer
CUST031493,85,1,205.77,4,2,1,Needs Attention
CUST031496,319,3,513.36,2,4,2,At Risk
CUST031497,419,1,604.38,1,2,2,Lost
CUST031498,9,10,8243.31,5,5,5,Champion
CUST031499,61,3,1470.44,4,4,3,Loyal Customer
CUST031500,5,4,1674.02,5,4,4,Champion
CUST031505,3,121,59277.58,5,5,5,Champion
CUST031508,44,9,3864.67,4,5,5,Champion
CUST031510,176,2,537.41,3,3,2,Loyal Customer
CUST031511,30,12,4825.9800000000005,5,5,5,Champion
CUST031512,476,1,635.71,1,2,2,Lost
CUST031513,45,4,1833.52,4,4,4,Champion
CUST031514,246,1,1156.5,2,2,3,Lost
CUST031515,76,3,2846.38,4,4,4,Champion
CUST031516,120,1,996.94,3,2,3,Needs Attention
CUST031517,240,2,423.43,2,3,1,At Risk
CUST031518,506,1,74.45,1,2,1,Lost
CUST031519,265,1,291.6,2,2,1,Lost
CUST031520,468,3,863.3,1,4,2,At Risk
CUST031522,115,3,891.4300000000001,3,4,3,Loyal Customer
CUST031523,294,2,625.72,2,3,2,At Risk
CUST031524,279,2,1173.63,2,3,3,At Risk
CUST031526,205,3,690.85,2,4,2,At Risk
CUST031529,115,2,678.0999999999999,3,3,2,Loyal Customer
CUST031530,627,1,2475.5,1,2,4,Lost
CUST031532,482,1,559.71,1,2,2,Lost
CUST031533,94,8,6535.6900000000005,4,5,5,Champion
CUST031537,831,1,1555.33,1,2,3,Lost
CUST031539,944,1,490.76,1,2,2,Lost
CUST031540,121,3,1379.69,3,4,3,Loyal Customer
CUST031541,39,3,2128.21,5,4,4,Champion
CUST031542,690,1,317.63,1,2,1,Lost
CUST031544,607,1,588.41,1,2,2,Lost
CUST031546,181,3,3966.01,3,4,5,Loyal Customer
CUST031547,51,5,2789.89,4,5,4,Champion
CUST031549,131,2,787.8,3,3,2,Loyal Customer
CUST031550,428,1,315.47,1,2,1,Lost
CUST031555,389,1,1710.66,2,2,4,Lost
CUST031560,251,2,1598.6200000000001,2,3,4,At Risk
CUST031562,410,2,1970.28,1,3,4,At Risk
CUST031563,82,1,1777.28,4,2,4,Needs Attention
CUST031564,698,1,1369.79,1,2,3,Lost
CUST031565,347,3,1828.52,2,4,4,At Risk
CUST031566,20,6,3021.76,5,5,5,Champion
CUST031567,63,2,1217.8400000000001,4,3,3,Loyal Customer
CUST031570,79,4,2122.1,4,4,4,Champion
CUST031572,67,17,8785.83,4,5,5,Champion
CUST031573,95,2,783.43,4,3,2,Loyal Customer
CUST031575,29,4,2441.7,5,4,4,Champion
CUST031576,28,20,10993.05,5,5,5,Champion
CUST031577,223,3,2759.63,2,4,4,At Risk
CUST031578,503,1,1605.13,1,2,4,Lost
CUST031579,69,1,583.19,4,2,2,Needs Attention
CUST031581,79,6,2670.88,4,5,4,Champion
CUST031582,41,2,1090.0,4,3,3,Loyal Customer
CUST031583,39,2,646.95,5,3,2,Loyal Customer
CUST031585,28,14,8162.33,5,5,5,Champion
CUST031587,54,2,2380.41,4,3,4,Loyal Customer
CUST031588,92,1,558.42,4,2,2,Needs Attention
CUST031590,93,7,3190.3900000000003,4,5,5,Champion
CUST031593,128,7,5153.66,3,5,5,Loyal Customer
CUST031594,160,1,490.76,3,2,2,Needs Attention
CUST031595,290,1,620.0,2,2,2,Lost
CUST031597,234,4,2483.92,2,4,4,At Risk
CUST031603,147,5,3048.9700000000003,3,5,5,Loyal Customer
CUST031604,294,3,1199.08,2,4,3,At Risk
CUST031605,203,2,1023.79,3,3,3,Loyal Customer
CUST031606,617,2,267.1,1,3,1,At Risk
CUST031607,272,2,1256.21,2,3,3,At Risk
CUST031608,17,2,735.86,5,3,2,Loyal Customer
CUST031609,119,3,605.53,3,4,2,Loyal Customer
CUST031610,124,1,167.95,3,2,1,Needs Attention
CUST031611,202,3,2785.14,3,4,4,Loyal Customer
CUST031612,31,5,2156.66,5,5,4,Champion
CUST031614,375,4,2906.99,2,4,5,At Risk
CUST031615,4,10,3551.98,5,5,5,Champion
CUST031616,342,1,78.32,2,2,1,Lost
CUST031617,241,2,1288.1299999999999,2,3,3,At Risk
CUST031619,214,3,2846.66,2,4,4,At Risk
CUST031620,109,2,2236.14,3,3,4,Loyal Customer
CUST031621,122,2,2053.91,3,3,4,Loyal Customer
CUST031623,690,2,397.73,1,3,1,At Risk
CUST031625,40,3,1753.6999999999998,4,4,4,Champion
CUST031626,397,1,460.51,1,2,2,Lost
CUST031629,698,1,444.08,1,2,2,Lost
CUST031630,67,3,1080.24,4,4,3,Loyal Customer
CUST031631,153,1,418.88,3,2,1,Needs Attention
CUST031632,241,2,2303.08,2,3,4,At Risk
CUST031633,122,1,956.29,3,2,3,Needs Attention
CUST031634,33,6,3105.18,5,5,5,Champion
CUST031636,201,1,352.72,3,2,1,Needs Attention
CUST031637,41,7,3324.0,4,5,5,Champion
CUST031638,441,1,307.88,1,2,1,Lost
CUST031639,48,3,483.15999999999997,4,4,2,Loyal Customer
CUST031640,215,3,1319.35,2,4,3,At Risk
CUST031641,11,38,21086.55,5,5,5,Champion
CUST031642,72,1,328.32,4,2,1,Needs Attention
CUST031643,521,2,179.03,1,3,1,At Risk
CUST031646,199,1,598.82,3,2,2,Needs Attention
CUST031649,65,6,3835.42,4,5,5,Champion
CUST031650,10,6,2352.31,5,5,4,Champion
CUST031651,89,3,3112.73,4,4,5,Champion
CUST031653,24,5,3779.79,5,5,5,Champion
CUST031654,119,2,513.9200000000001,3,3,2,Loyal Customer
CUST031656,109,1,35.97,3,2,1,Needs Attention
CUST031658,145,5,3312.2,3,5,5,Loyal Customer
CUST031660,174,3,670.0999999999999,3,4,2,Loyal Customer
CUST031665,93,2,870.97,4,3,3,Loyal Customer
CUST031666,60,6,2875.82,4,5,4,Champion
CUST031667,85,2,742.67,4,3,2,Loyal Customer
CUST031669,126,3,2061.86,3,4,4,Loyal Customer
CUST031671,125,1,256.41,3,2,1,Needs Attention
CUST031672,30,2,1216.6200000000001,5,3,3,Loyal Customer
CUST031673,437,2,1122.76,1,3,3,At Risk
CUST031675,29,7,4260.57,5,5,5,Champion
CUST031679,34,31,23470.88,5,5,5,Champion
CUST031681,163,6,2431.9700000000003,3,5,4,Loyal Customer
CUST031683,678,1,73.17,1,2,1,Lost
CUST031685,7,3,1347.69,5,4,3,Loyal Customer
CUST031686,165,3,1325.75,3,4,3,Loyal Customer
CUST031688,201,4,5350.59,3,4,5,Loyal Customer
CUST031689,183,1,1810.5,3,2,4,Needs Attention
CUST031693,855,1,544.71,1,2,2,Lost
CUST031694,191,1,842.25,3,2,2,Needs Attention
CUST031695,38,31,17244.3,5,5,5,Champion
CUST031696,205,1,1386.42,2,2,3,Lost
CUST031702,672,1,661.78,1,2,2,Lost
CUST031704,42,3,5527.76,4,4,5,Champion
CUST031706,33,3,879.8299999999999,5,4,3,Loyal Customer
CUST031707,202,5,4447.35,3,5,5,Loyal Customer
CUST031709,109,3,1203.07,3,4,3,Loyal Customer
CUST031711,348,1,620.0,2,2,2,Lost
CUST031712,135,1,147.8,3,2,1,Needs Attention
CUST031715,147,2,1707.9299999999998,3,3,4,Loyal Customer
CUST031716,125,4,2744.95,3,4,4,Loyal Customer
CUST031717,351,1,458.32,2,2,2,Lost
CUST031719,309,2,1011.35,2,3,3,At Risk
CUST031720,671,1,426.31,1,2,1,Lost
CUST031723,621,1,298.15,1,2,1,Lost
CUST031724,119,3,2035.75,3,4,4,Loyal Customer
CUST031725,138,1,92.28,3,2,1,Needs Attention
CUST031728,89,1,574.35,4,2,2,Needs Attention
CUST031729,194,1,213.28,3,2,1,Needs Attention
CUST031730,42,6,5113.76,4,5,5,Champion
CUST031733,544,1,93.15,1,2,1,Lost
CUST031735,143,4,1593.0500000000002,3,4,4,Loyal Customer
CUST031736,237,1,989.24,2,2,3,Lost
CUST031737,7,11,6492.02,5,5,5,Champion
CUST031740,85,5,1262.94,4,5,3,Loyal Customer
CUST031744,116,1,2407.49,3,2,4,Needs Attention
CUST031746,10,15,8121.17,5,5,5,Champion
CUST031747,514,1,130.42,1,2,1,Lost
CUST031749,803,1,261.56,1,2,1,Lost
CUST031750,75,1,203.14,4,2,1,Needs Attention
CUST031751,211,3,1589.8200000000002,2,4,4,At Risk
CUST031754,339,1,1362.1,2,2,3,Lost
CUST031756,377,1,251.49,2,2,1,Lost
CUST031757,23,6,4443.33,5,5,5,Champion
CUST031760,680,1,971.85,1,2,3,Lost
CUST031761,209,5,2583.84,2,5,4,At Risk
CUST031763,20,3,513.12,5,4,2,Loyal Customer
CUST031764,39,2,1021.98,5,3,3,Loyal Customer
CUST031766,135,2,980.24,3,3,3,Loyal Customer
CUST031768,157,1,650.75,3,2,2,Needs Attention
CUST031769,380,1,140.31,2,2,1,Lost
CUST031770,34,1,130.22,5,2,1,Needs Attention
CUST031777,260,8,4463.93,2,5,5,At Risk
CUST031778,568,2,521.13,1,3,2,At Risk
CUST031779,17,9,5471.52,5,5,5,Champion
CUST031781,54,3,1278.53,4,4,3,Loyal Customer
CUST031785,10,3,2120.84,5,4,4,Champion
CUST031787,88,1,660.92,4,2,2,Needs Attention
CUST031789,171,1,962.18,3,2,3,Needs Attention
CUST031791,385,2,1054.52,2,3,3,At Risk
CUST031792,263,1,250.35,2,2,1,Lost
CUST031793,509,3,3166.7,1,4,5,At Risk
CUST031794,765,1,85.59,1,2,1,Lost
CUST031795,536,1,316.24,1,2,1,Lost
CUST031797,73,2,648.55,4,3,2,Loyal Customer
CUST031798,12,5,3021.39,5,5,5,Champion
CUST031800,8,5,2428.06,5,5,4,Champion
CUST031801,318,1,209.06,2,2,1,Lost
CUST031802,98,5,5087.7,4,5,5,Champion
CUST031803,66,10,4838.25,4,5,5,Champion
CUST031804,346,2,1591.02,2,3,4,At Risk
CUST031806,821,1,69.48,1,2,1,Lost
CUST031809,725,1,147.87,1,2,1,Lost
CUST031810,17,1,128.0,5,2,1,Needs Attention
CUST031811,410,1,677.79,1,2,2,Lost
CUST031812,167,2,1595.88,3,3,4,Loyal Customer
CUST031813,80,1,148.36,4,2,1,Needs Attention
CUST031815,159,1,130.56,3,2,1,Needs Attention
CUST031816,38,1,835.41,5,2,2,Needs Attention
CUST031818,184,5,5165.77,3,5,5,Loyal Customer
CUST031819,54,4,2733.75,4,4,4,Champion
CUST031825,54,2,986.0899999999999,4,3,3,Loyal Customer
CUST031827,65,17,6532.79,4,5,5,Champion
CUST031829,6,42,20126.25,5,5,5,Champion
CUST031830,126,1,330.33,3,2,1,Needs Attention
CUST031831,13,1,712.56,5,2,2,Needs Attention
CUST031832,6,42,19879.399999999998,5,5,5,Champion
CUST031833,144,2,1243.86,3,3,3,Loyal Customer
CUST031834,785,1,22.72,1,2,1,Lost
CUST031835,758,1,500.4,1,2,2,Lost
CUST031836,45,2,1136.21,4,3,3,Loyal Customer
CUST031837,72,9,4486.780000000001,4,5,5,Champion
CUST031838,307,1,674.86,2,2,2,Lost
CUST031839,246,4,2775.2400000000002,2,4,4,At Risk
CUST031840,92,7,4287.26,4,5,5,Champion
CUST031841,147,3,993.79,3,4,3,Loyal Customer
CUST031842,157,1,246.08,3,2,1,Needs Attention
CUST031843,7,26,12250.86,5,5,5,Champion
CUST031845,60,5,3013.39,4,5,5,Champion
CUST031846,444,1,464.69,1,2,2,Lost
CUST031848,440,3,1559.47,1,4,4,At Risk
CUST031849,270,2,562.09,2,3,2,At Risk
CUST031850,138,1,425.09,3,2,1,Needs Attention
CUST031851,272,1,1749.65,2,2,4,Lost
CUST031852,458,1,738.62,1,2,2,Lost
CUST031854,401,1,353.99,1,2,1,Lost
CUST031858,57,2,1810.21,4,3,4,Loyal Customer
CUST031861,160,3,1655.0400000000002,3,4,4,Loyal Customer
CUST031864,128,2,1415.65,3,3,3,Loyal Customer
CUST031865,199,1,603.3,3,2,2,Needs Attention
CUST031868,20,24,12793.61,5,5,5,Champion
CUST031869,4,3,2333.86,5,4,4,Champion
CUST031870,131,1,1289.31,3,2,3,Needs Attention
CUST031872,176,4,3637.6800000000003,3,4,5,Loyal Customer
CUST031874,761,1,489.3,1,2,2,Lost
CUST031876,112,2,523.59,3,3,2,Loyal Customer
CUST031877,63,3,979.6,4,4,3,Loyal Customer
CUST031881,167,2,736.71,3,3,2,Loyal Customer
CUST031883,306,1,770.14,2,2,2,Lost
CUST031884,76,1,879.0,4,2,3,Needs Attention
CUST031886,46,1,167.95,4,2,1,Needs Attention
CUST031889,34,2,2882.3500000000004,5,3,4,Loyal Customer
CUST031892,134,2,436.94,3,3,2,Loyal Customer
CUST031893,12,4,1695.71,5,4,4,Champion
CUST031894,179,2,1326.01,3,3,3,Loyal Customer
CUST031895,656,1,879.0,1,2,3,Lost
CUST031897,17,23,13985.85,5,5,5,Champion
CUST031898,74,8,6080.78,4,5,5,Champion
CUST031900,43,2,474.82000000000005,4,3,2,Loyal Customer
CUST031901,249,3,1335.85,2,4,3,At Risk
CUST031904,210,6,2403.72,2,5,4,At Risk
CUST031906,82,2,745.45,4,3,2,Loyal Customer
CUST031907,145,6,3742.34,3,5,5,Loyal Customer
CUST031908,392,1,639.7,1,2,2,Lost
CUST031909,239,2,1285.33,2,3,3,At Risk
CUST031910,234,1,455.54,2,2,2,Lost
CUST031911,573,2,178.81,1,3,1,At Risk
CUST031912,233,1,421.7,2,2,1,Lost
CUST031914,478,2,486.92,1,3,2,At Risk
CUST031915,449,2,2122.59,1,3,4,At Risk
CUST031916,48,13,5926.42,4,5,5,Champion
CUST031918,257,1,103.32,2,2,1,Lost
CUST031919,615,1,1067.21,1,2,3,Lost
CUST031921,3,35,18330.37,5,5,5,Champion
CUST031922,16,4,1627.56,5,4,4,Champion
CUST031923,24,8,4128.61,5,5,5,Champion
CUST031924,62,3,1298.01,4,4,3,Loyal Customer
CUST031925,673,3,556.2,1,4,2,At Risk
CUST031929,277,3,1394.63,2,4,3,At Risk
CUST031930,115,2,910.26,3,3,3,Loyal Customer
CUST031932,60,1,490.73,4,2,2,Needs Attention
CUST031934,219,3,1804.5100000000002,2,4,4,At Risk
CUST031935,58,4,2169.1400000000003,4,4,4,Champion
CUST031937,195,2,315.27,3,3,1,Loyal Customer
CUST031938,164,1,560.55,3,2,2,Needs Attention
CUST031941,102,10,4747.17,3,5,5,Loyal Customer
CUST031943,124,2,293.86,3,3,1,Loyal Customer
CUST031944,74,2,1481.61,4,3,3,Loyal Customer
CUST031945,80,2,204.12,4,3,1,Loyal Customer
CUST031950,799,1,494.74,1,2,2,Lost
CUST031952,203,3,797.74,3,4,2,Loyal Customer
CUST031954,212,1,3047.24,2,2,5,Lost
CUST031955,117,2,1489.4099999999999,3,3,3,Loyal Customer
CUST031959,392,1,147.63,1,2,1,Lost
CUST031962,6,8,4070.95,5,5,5,Champion
CUST031963,268,1,429.93,2,2,1,Lost
CUST031964,9,18,10019.88,5,5,5,Champion
CUST031966,324,3,1921.5300000000002,2,4,4,At Risk
CUST031967,73,4,1658.95,4,4,4,Champion
CUST031968,439,4,2066.16,1,4,4,At Risk
CUST031970,463,1,258.52,1,2,1,Lost
CUST031971,12,1,1018.46,5,2,3,Needs Attention
CUST031972,418,2,1260.17,1,3,3,At Risk
CUST031973,449,2,1893.8200000000002,1,3,4,At Risk
CUST031974,65,2,1702.81,4,3,4,Loyal Customer
CUST031975,1,12,9875.19,5,5,5,Champion
CUST031976,337,4,3356.9300000000003,2,4,5,At Risk
CUST031977,433,2,957.29,1,3,3,At Risk
CUST031979,16,3,2934.13,5,4,5,Champion
CUST031981,882,1,839.58,1,2,2,Lost
CUST031982,223,2,548.2,2,3,2,At Risk
CUST031983,301,2,411.03999999999996,2,3,1,At Risk
CUST031984,294,3,4340.59,2,4,5,At Risk
CUST031985,50,5,3111.19,4,5,5,Champion
CUST031988,633,1,324.94,1,2,1,Lost
CUST031989,707,2,1671.56,1,3,4,At Risk
CUST031991,662,1,2117.5,1,2,4,Lost
CUST031992,461,1,256.77,1,2,1,Lost
CUST031994,83,2,905.87,4,3,3,Loyal Customer
CUST031995,31,10,8147.42,5,5,5,Champion
CUST031996,40,5,3303.83,4,5,5,Champion
CUST031998,267,3,2609.65,2,4,4,At Risk
CUST032000,93,2,1308.7,4,3,3,Loyal Customer
CUST032002,495,2,1828.09,1,3,4,At Risk
CUST032004,188,2,854.05,3,3,2,Loyal Customer
CUST032005,231,3,1299.23,2,4,3,At Risk
CUST032007,189,3,1876.45,3,4,4,Loyal Customer
CUST032009,159,1,34.72,3,2,1,Needs Attention
CUST032011,208,5,2362.19,2,5,4,At Risk
CUST032012,26,13,6961.39,5,5,5,Champion
CUST032014,96,2,1653.1499999999999,4,3,4,Loyal Customer
CUST032016,66,5,2170.23,4,5,4,Champion
CUST032018,179,2,1425.67,3,3,3,Loyal Customer
CUST032019,249,1,538.83,2,2,2,Lost
CUST032020,106,4,3091.96,3,4,5,Loyal Customer
CUST032022,12,3,1469.74,5,4,3,Loyal Customer
CUST032023,75,4,2718.2200000000003,4,4,4,Champion
CUST032027,330,5,3648.2,2,5,5,At Risk
CUST032029,167,3,667.6,3,4,2,Loyal Customer
CUST032032,332,2,1550.01,2,3,3,At Risk
CUST032034,19,1,812.6,5,2,2,Needs Attention
CUST032035,889,1,641.25,1,2,2,Lost
CUST032036,247,1,1871.71,2,2,4,Lost
CUST032037,9,2,1509.38,5,3,3,Loyal Customer
CUST032038,507,1,293.42,1,2,1,Lost
CUST032039,428,2,944.89,1,3,3,At Risk
CUST032040,2,9,6052.91,5,5,5,Champion
CUST032042,216,3,2834.61,2,4,4,At Risk
CUST032045,177,2,689.29,3,3,2,Loyal Customer
CUST032046,129,3,1128.82,3,4,3,Loyal Customer
CUST032047,175,2,307.58000000000004,3,3,1,Loyal Customer
CUST032050,6,13,9709.33,5,5,5,Champion
CUST032054,31,1,159.75,5,2,1,Needs Attention
CUST032055,268,1,62.01,2,2,1,Lost
CUST032056,18,2,1330.4699999999998,5,3,3,Loyal Customer
CUST032061,109,2,1857.23,3,3,4,Loyal Customer
CUST032062,420,1,178.93,1,2,1,Lost
CUST032065,34,21,9067.19,5,5,5,Champion
CUST032066,389,1,818.1,2,2,2,Lost
CUST032068,527,2,505.9,1,3,2,At Risk
CUST032069,151,1,1622.67,3,2,4,Needs Attention
CUST032070,53,3,2138.98,4,4,4,Champion
CUST032071,158,3,1884.92,3,4,4,Loyal Customer
CUST032073,54,4,3932.5899999999997,4,4,5,Champion
CUST032074,182,1,978.12,3,2,3,Needs Attention
CUST032075,12,4,1562.59,5,4,4,Champion
CUST032076,930,1,295.19,1,2,1,Lost
CUST032077,928,1,337.24,1,2,1,Lost
CUST032078,764,1,2199.29,1,2,4,Lost
CUST032080,980,1,263.53,1,2,1,Lost
CUST032081,277,3,514.53,2,4,2,At Risk
CUST032082,16,6,1265.15,5,5,3,Loyal Customer
CUST032084,343,1,113.1,2,2,1,Lost
CUST032085,288,1,476.52,2,2,2,Lost
CUST032086,413,1,103.79,1,2,1,Lost
CUST032088,187,1,70.4,3,2,1,Needs Attention
CUST032089,262,3,1615.9899999999998,2,4,4,At Risk
CUST032090,106,3,1019.3,3,4,3,Loyal Customer
CUST032091,22,1,192.72,5,2,1,Needs Attention
CUST032094,562,1,446.81,1,2,2,Lost
CUST032097,801,2,877.88,1,3,3,At Risk
CUST032098,92,2,895.17,4,3,3,Loyal Customer
CUST032099,558,1,543.97,1,2,2,Lost
CUST032100,3,10,5587.85,5,5,5,Champion
CUST032101,38,3,1390.72,5,4,3,Loyal Customer
CUST032102,86,3,729.75,4,4,2,Loyal Customer
CUST032103,493,2,1366.93,1,3,3,At Risk
CUST032106,311,3,1958.9499999999998,2,4,4,At Risk
CUST032108,87,4,1085.91,4,4,3,Loyal Customer
CUST032109,239,2,473.05,2,3,2,At Risk
CUST032110,308,1,226.07,2,2,1,Lost
CUST032112,523,1,588.32,1,2,2,Lost
CUST032113,505,3,2860.36,1,4,4,At Risk
CUST032115,650,1,443.06,1,2,2,Lost
CUST032117,29,5,2712.72,5,5,4,Champion
CUST032119,197,1,655.75,3,2,2,Needs Attention
CUST032120,452,1,513.24,1,2,2,Lost
CUST032121,204,2,549.9300000000001,2,3,2,At Risk
CUST032122,8,10,4575.12,5,5,5,Champion
CUST032123,40,1,335.75,4,2,1,Needs Attention
CUST032125,84,5,3659.28,4,5,5,Champion
CUST032126,103,1,1006.8,3,2,3,Needs Attention
CUST032127,112,7,3236.78,3,5,5,Loyal Customer
CUST032130,4,2,754.95,5,3,2,Loyal Customer
CUST032131,43,3,1917.5700000000002,4,4,4,Champion
CUST032132,70,2,437.34000000000003,4,3,2,Loyal Customer
CUST032133,185,4,2313.81,3,4,4,Loyal Customer
CUST032134,178,3,2603.35,3,4,4,Loyal Customer
CUST032136,203,2,468.83000000000004,3,3,2,Loyal Customer
CUST032139,28,6,3878.73,5,5,5,Champion
CUST032142,272,1,628.51,2,2,2,Lost
CUST032143,825,2,703.65,1,3,2,At Risk
CUST032144,154,1,600.7,3,2,2,Needs Attention
CUST032146,455,1,565.01,1,2,2,Lost
CUST032147,100,7,3049.7999999999997,4,5,5,Champion
CUST032151,27,22,12091.25,5,5,5,Champion
CUST032153,400,2,1758.6699999999998,1,3,4,At Risk
CUST032154,80,1,500.75,4,2,2,Needs Attention
CUST032155,77,2,1710.62,4,3,4,Loyal Customer
CUST032158,142,5,5165.54,3,5,5,Loyal Customer
CUST032159,100,1,1410.49,4,2,3,Needs Attention
CUST032162,305,1,44.62,2,2,1,Lost
CUST032163,194,1,690.94,3,2,2,Needs Attention
CUST032165,48,2,810.47,4,3,2,Loyal Customer
CUST032166,21,5,4430.38,5,5,5,Champion
CUST032168,32,2,983.34,5,3,3,Loyal Customer
CUST032169,99,1,1357.08,4,2,3,Needs Attention
CUST032171,69,5,4177.21,4,5,5,Champion
CUST032172,135,1,489.17,3,2,2,Needs Attention
CUST032173,585,2,747.24,1,3,2,At Risk
CUST032174,162,1,106.52,3,2,1,Needs Attention
CUST032178,282,3,1222.32,2,4,3,At Risk
CUST032179,445,1,500.7,1,2,2,Lost
CUST032180,9,4,2876.07,5,4,4,Champion
CUST032181,200,1,534.42,3,2,2,Needs Attention
CUST032183,13,4,2049.69,5,4,4,Champion
CUST032184,9,9,6041.55,5,5,5,Champion
CUST032185,222,1,565.91,2,2,2,Lost
CUST032187,7,2,348.90999999999997,5,3,1,Loyal Customer
CUST032188,5,36,21675.96,5,5,5,Champion
CUST032189,24,7,3293.3499999999995,5,5,5,Champion
CUST032191,151,2,1148.66,3,3,3,Loyal Customer
CUST032192,5,3,1912.51,5,4,4,Champion
CUST032194,366,3,1915.63,2,4,4,At Risk
CUST032196,244,2,889.3,2,3,3,At Risk
CUST032197,11,4,3524.41,5,4,5,Champion
CUST032199,68,3,1862.7800000000002,4,4,4,Champion
CUST032204,918,1,585.12,1,2,2,Lost
CUST032205,194,1,733.17,3,2,2,Needs Attention
CUST032207,24,8,3563.7799999999997,5,5,5,Champion
CUST032208,212,1,368.81,2,2,1,Lost
CUST032209,5,1,803.12,5,2,2,Needs Attention
CUST032210,533,1,284.35,1,2,1,Lost
CUST032211,322,1,431.48,2,2,1,Lost
CUST032212,709,1,33.42,1,2,1,Lost
CUST032213,18,3,1594.81,5,4,4,Champion
CUST032214,429,1,745.31,1,2,2,Lost
CUST032215,666,1,402.98,1,2,1,Lost
CUST032216,681,1,335.9,1,2,1,Lost
CUST032218,567,1,611.91,1,2,2,Lost
CUST032220,643,1,1377.31,1,2,3,Lost
CUST032221,152,2,659.64,3,3,2,Loyal Customer
CUST032224,919,1,557.58,1,2,2,Lost
CUST032225,249,1,155.37,2,2,1,Lost
CUST032227,161,6,4262.6900000000005,3,5,5,Loyal Customer
CUST032228,28,5,2492.35,5,5,4,Champion
CUST032230,28,1,224.97,5,2,1,Needs Attention
CUST032233,212,2,1400.8,2,3,3,At Risk
CUST032235,53,1,1930.89,4,2,4,Needs Attention
CUST032236,1,3,3698.1899999999996,5,4,5,Champion
CUST032237,42,1,420.08,4,2,1,Needs Attention
CUST032238,30,2,1339.03,5,3,3,Loyal Customer
CUST032239,186,5,2887.0,3,5,4,Loyal Customer
CUST032240,7,5,2994.21,5,5,5,Champion
CUST032241,128,7,5633.3099999999995,3,5,5,Loyal Customer
CUST032242,444,1,718.45,1,2,2,Lost
CUST032243,291,1,166.66,2,2,1,Lost
CUST032247,559,3,1235.5300000000002,1,4,3,At Risk
CUST032248,632,1,573.81,1,2,2,Lost
CUST032249,202,5,2913.58,3,5,5,Loyal Customer
CUST032250,65,1,681.19,4,2,2,Needs Attention
CUST032253,360,1,405.95,2,2,1,Lost
CUST032254,422,2,1019.34,1,3,3,At Risk
CUST032255,254,2,629.62,2,3,2,At Risk
CUST032259,354,1,381.85,2,2,1,Lost
CUST032260,763,1,82.0,1,2,1,Lost
CUST032261,10,3,2041.77,5,4,4,Champion
CUST032263,742,1,1032.98,1,2,3,Lost
CUST032264,388,3,1252.04,2,4,3,At Risk
CUST032265,462,1,639.56,1,2,2,Lost
CUST032266,57,14,11563.18,4,5,5,Champion
CUST032267,170,1,249.46,3,2,1,Needs Attention
CUST032268,5,3,1999.8899999999999,5,4,4,Champion
CUST032269,641,1,683.15,1,2,2,Lost
CUST032270,384,1,309.22,2,2,1,Lost
CUST032271,606,1,510.44,1,2,2,Lost
CUST032272,68,2,1542.6399999999999,4,3,3,Loyal Customer
CUST032274,45,1,770.87,4,2,2,Needs Attention
CUST032275,33,1,266.31,5,2,1,Needs Attention
CUST032276,832,1,103.32,1,2,1,Lost
CUST032279,57,6,2860.2,4,5,4,Champion
CUST032280,28,2,2452.64,5,3,4,Loyal Customer
CUST032282,107,3,974.28,3,4,3,Loyal Customer
CUST032284,206,6,2618.96,2,5,4,At Risk
CUST032285,21,2,1032.51,5,3,3,Loyal Customer
CUST032287,271,1,309.22,2,2,1,Lost
CUST032288,261,3,1072.08,2,4,3,At Risk
CUST032289,99,3,726.63,4,4,2,Loyal Customer
CUST032290,7,5,2460.9300000000003,5,5,4,Champion
CUST032291,811,1,88.56,1,2,1,Lost
CUST032292,185,4,3232.9,3,4,5,Loyal Customer
CUST032293,118,2,1605.75,3,3,4,Loyal Customer
CUST032296,197,1,636.19,3,2,2,Needs Attention
CUST032298,179,1,293.54,3,2,1,Needs Attention
CUST032299,508,2,913.41,1,3,3,At Risk
CUST032300,306,4,4038.88,2,4,5,At Risk
CUST032301,186,1,1693.08,3,2,4,Needs Attention
CUST032303,373,1,1623.81,2,2,4,Lost
CUST032305,96,2,144.93,4,3,1,Loyal Customer
CUST032306,359,4,4225.68,2,4,5,At Risk
CUST032307,58,2,306.17,4,3,1,Loyal Customer
CUST032311,66,2,1008.81,4,3,3,Loyal Customer
CUST032313,49,4,1258.64,4,4,3,Loyal Customer
CUST032314,196,1,1930.44,3,2,4,Needs Attention
CUST032315,1,5,2650.3199999999997,5,5,4,Champion
CUST032316,116,1,180.24,3,2,1,Needs Attention
CUST032317,723,1,728.26,1,2,2,Lost
CUST032318,23,5,2890.88,5,5,4,Champion
CUST032319,265,1,278.56,2,2,1,Lost
CUST032320,352,1,455.79,2,2,2,Lost
CUST032321,784,1,590.53,1,2,2,Lost
CUST032322,355,3,1318.44,2,4,3,At Risk
CUST032324,86,5,2831.25,4,5,4,Champion
CUST032327,43,2,1355.01,4,3,3,Loyal Customer
CUST032328,263,2,2005.79,2,3,4,At Risk
CUST032329,318,2,360.37,2,3,1,At Risk
CUST032330,644,2,671.46,1,3,2,At Risk
CUST032331,163,2,571.9,3,3,2,Loyal Customer
CUST032332,21,1,654.94,5,2,2,Needs Attention
CUST032333,234,3,793.99,2,4,2,At Risk
CUST032334,246,3,2113.87,2,4,4,At Risk
CUST032336,30,6,5960.58,5,5,5,Champion
CUST032337,62,3,1732.66,4,4,4,Champion
CUST032341,26,1,636.97,5,2,2,Needs Attention
CUST032343,399,2,1153.71,1,3,3,At Risk
CUST032344,275,6,3092.92,2,5,5,At Risk
CUST032346,165,4,1556.55,3,4,3,Loyal Customer
CUST032347,33,4,3018.01,5,4,5,Champion
CUST032348,2,3,1810.01,5,4,4,Champion
CUST032350,99,1,929.38,4,2,3,Needs Attention
CUST032351,122,1,156.21,3,2,1,Needs Attention
CUST032352,278,1,142.62,2,2,1,Lost
CUST032353,2,2,982.75,5,3,3,Loyal Customer
CUST032354,297,2,819.72,2,3,2,At Risk
CUST032355,14,6,4376.139999999999,5,5,5,Champion
CUST032356,112,5,2517.58,3,5,4,Loyal Customer
CUST032357,66,5,1548.48,4,5,3,Loyal Customer
CUST032358,103,2,733.21,3,3,2,Loyal Customer
CUST032362,181,2,1218.34,3,3,3,Loyal Customer
CUST032365,174,6,4036.83,3,5,5,Loyal Customer
CUST032366,25,15,7301.08,5,5,5,Champion
CUST032367,223,1,880.66,2,2,3,Lost
CUST032370,483,1,586.6,1,2,2,Lost
CUST032371,107,4,2986.52,3,4,5,Loyal Customer
CUST032372,413,1,921.16,1,2,3,Lost
CUST032373,254,1,350.5,2,2,1,Lost
CUST032374,568,2,1681.1100000000001,1,3,4,At Risk
CUST032376,8,6,4411.81,5,5,5,Champion
CUST032377,283,2,991.49,2,3,3,At Risk
CUST032378,99,6,2887.44,4,5,4,Champion
CUST032381,122,1,492.14,3,2,2,Needs Attention
CUST032382,241,5,3534.28,2,5,5,At Risk
CUST032383,143,3,1096.13,3,4,3,Loyal Customer
CUST032384,68,4,2350.17,4,4,4,Champion
CUST032385,257,1,1352.28,2,2,3,Lost
CUST032388,223,2,784.91,2,3,2,At Risk
CUST032389,26,4,1186.76,5,4,3,Loyal Customer
CUST032390,484,1,130.22,1,2,1,Lost
CUST032392,296,1,99.37,2,2,1,Lost
CUST032394,246,3,486.32000000000005,2,4,2,At Risk
CUST032395,391,1,81.69,2,2,1,Lost
CUST032396,112,4,2373.26,3,4,4,Loyal Customer
CUST032397,123,2,684.1,3,3,2,Loyal Customer
CUST032398,197,1,80.54,3,2,1,Needs Attention
CUST032399,246,1,158.35,2,2,1,Lost
CUST032402,26,2,646.01,5,3,2,Loyal Customer
CUST032404,145,6,3729.27,3,5,5,Loyal Customer
CUST032405,20,4,2909.0299999999997,5,4,5,Champion
CUST032406,390,1,818.16,2,2,2,Lost
CUST032407,60,2,2105.23,4,3,4,Loyal Customer
CUST032408,379,1,404.07,2,2,1,Lost
CUST032409,66,2,678.12,4,3,2,Loyal Customer
CUST032412,48,1,227.99,4,2,1,Needs Attention
CUST032414,483,1,497.93,1,2,2,Lost
CUST032415,155,6,3385.52,3,5,5,Loyal Customer
CUST032416,118,1,333.48,3,2,1,Needs Attention
CUST032417,31,11,6303.84,5,5,5,Champion
CUST032418,543,3,929.8999999999999,1,4,3,At Risk
CUST032420,125,2,942.6600000000001,3,3,3,Loyal Customer
CUST032422,6,15,10178.88,5,5,5,Champion
CUST032423,24,2,1756.22,5,3,4,Loyal Customer
CUST032424,77,7,4888.76,4,5,5,Champion
CUST032429,36,2,573.8299999999999,5,3,2,Loyal Customer
CUST032431,73,2,735.83,4,3,2,Loyal Customer
CUST032432,345,2,1879.08,2,3,4,At Risk
CUST032433,349,1,735.66,2,2,2,Lost
CUST032434,37,8,5053.23,5,5,5,Champion
CUST032440,148,13,7647.15,3,5,5,Loyal Customer
CUST032442,107,1,506.74,3,2,2,Needs Attention
CUST032443,462,4,1771.21,1,4,4,At Risk
CUST032444,250,5,2957.7000000000003,2,5,5,At Risk
CUST032445,6,14,8577.72,5,5,5,Champion
CUST032446,179,6,3697.98,3,5,5,Loyal Customer
CUST032447,731,1,270.55,1,2,1,Lost
CUST032449,125,5,2128.95,3,5,4,Loyal Customer
CUST032450,407,2,1302.65,1,3,3,At Risk
CUST032451,76,2,594.53,4,3,2,Loyal Customer
CUST032452,88,5,2977.3900000000003,4,5,5,Champion
CUST032453,978,1,297.9,1,2,1,Lost
CUST032454,293,4,3340.9100000000003,2,4,5,At Risk
CUST032455,286,1,411.18,2,2,1,Lost
CUST032456,296,1,164.68,2,2,1,Lost
CUST032457,186,1,540.24,3,2,2,Needs Attention
CUST032458,63,4,3429.82,4,4,5,Champion
CUST032459,328,3,701.83,2,4,2,At Risk
CUST032460,120,1,155.47,3,2,1,Needs Attention
CUST032461,876,1,146.76,1,2,1,Lost
CUST032462,217,3,1511.74,2,4,3,At Risk
CUST032463,23,4,2103.45,5,4,4,Champion
CUST032464,53,3,851.19,4,4,2,Loyal Customer
CUST032465,156,3,2408.84,3,4,4,Loyal Customer
CUST032466,72,3,1553.73,4,4,3,Loyal Customer
CUST032467,58,5,2531.22,4,5,4,Champion
CUST032468,208,5,3733.0299999999997,2,5,5,At Risk
CUST032469,5,1,2094.77,5,2,4,Needs Attention
CUST032470,838,1,33.42,1,2,1,Lost
CUST032472,78,4,2691.66,4,4,4,Champion
CUST032473,44,2,1826.74,4,3,4,Loyal Customer
CUST032475,18,5,2618.61,5,5,4,Champion
CUST032476,174,2,2073.83,3,3,4,Loyal Customer
CUST032477,56,13,5145.110000000001,4,5,5,Champion
CUST032478,456,1,195.55,1,2,1,Lost
CUST032480,36,1,293.86,5,2,1,Needs Attention
CUST032483,317,1,76.2,2,2,1,Lost
CUST032485,728,1,799.71,1,2,2,Lost
CUST032486,98,2,528.62,4,3,2,Loyal Customer
CUST032487,236,1,419.65,2,2,1,Lost
CUST032488,253,1,1365.77,2,2,3,Lost
CUST032489,55,1,284.35,4,2,1,Needs Attention
CUST032490,15,2,1606.27,5,3,4,Loyal Customer
CUST032491,74,5,3376.84,4,5,5,Champion
CUST032493,197,3,1443.15,3,4,3,Loyal Customer
CUST032494,590,2,710.64,1,3,2,At Risk
CUST032495,213,1,777.51,2,2,2,Lost
CUST032497,321,1,798.72,2,2,2,Lost
CUST032498,12,5,2642.3,5,5,4,Champion
CUST032499,193,1,293.86,3,2,1,Needs Attention
CUST032501,21,8,5142.52,5,5,5,Champion
CUST032502,989,1,639.7,1,2,2,Lost
CUST032506,42,10,4989.570000000001,4,5,5,Champion
CUST032507,3,37,24128.47,5,5,5,Champion
CUST032509,57,1,341.25,4,2,1,Needs Attention
CUST032511,73,1,466.1,4,2,2,Needs Attention
CUST032512,462,1,265.39,1,2,1,Lost
CUST032513,59,8,3458.13,4,5,5,Champion
CUST032514,288,3,693.46,2,4,2,At Risk
CUST032515,29,4,973.8100000000001,5,4,3,Loyal Customer
CUST032516,46,2,1767.82,4,3,4,Loyal Customer
CUST032517,218,2,1160.78,2,3,3,At Risk
CUST032518,2,13,10697.53,5,5,5,Champion
CUST032523,154,1,52.02,3,2,1,Needs Attention
CUST032524,145,1,657.17,3,2,2,Needs Attention
CUST032525,63,6,5249.94,4,5,5,Champion
CUST032526,264,1,222.66,2,2,1,Lost
CUST032527,262,2,1002.78,2,3,3,At Risk
CUST032528,25,6,3051.6400000000003,5,5,5,Champion
CUST032529,212,9,5469.21,2,5,5,At Risk
CUST032530,616,1,77.43,1,2,1,Lost
CUST032533,165,5,4702.110000000001,3,5,5,Loyal Customer
CUST032534,14,16,6747.009999999999,5,5,5,Champion
CUST032537,55,1,499.38,4,2,2,Needs Attention
CUST032539,66,1,1420.56,4,2,3,Needs Attention
CUST032541,98,3,1162.22,4,4,3,Loyal Customer
CUST032544,442,3,1636.56,1,4,4,At Risk
CUST032546,161,1,95.77,3,2,1,Needs Attention
CUST032547,93,3,2910.7000000000003,4,4,5,Champion
CUST032548,31,6,3396.4900000000002,5,5,5,Champion
CUST032550,123,4,1644.93,3,4,4,Loyal Customer
CUST032552,282,1,1839.31,2,2,4,Lost
CUST032553,592,1,1248.93,1,2,3,Lost
CUST032554,176,1,186.74,3,2,1,Needs Attention
CUST032557,76,4,2551.68,4,4,4,Champion
CUST032558,278,4,2190.1000000000004,2,4,4,At Risk
CUST032560,2,6,3384.39,5,5,5,Champion
CUST032561,106,1,167.68,3,2,1,Needs Attention
CUST032562,173,3,833.44,3,4,2,Loyal Customer
CUST032563,437,1,582.5,1,2,2,Lost
CUST032564,16,1,693.69,5,2,2,Needs Attention
CUST032565,385,1,383.52,2,2,1,Lost
CUST032566,17,2,1674.4299999999998,5,3,4,Loyal Customer
CUST032569,11,2,1969.34,5,3,4,Loyal Customer
CUST032571,22,2,927.4100000000001,5,3,3,Loyal Customer
CUST032572,243,3,1807.77,2,4,4,At Risk
CUST032574,274,2,505.53000000000003,2,3,2,At Risk
CUST032577,507,1,241.76,1,2,1,Lost
CUST032578,30,1,486.47,5,2,2,Needs Attention
CUST032579,125,2,844.61,3,3,2,Loyal Customer
CUST032580,50,2,1987.6,4,3,4,Loyal Customer
CUST032582,64,4,1408.1,4,4,3,Loyal Customer
CUST032583,528,2,1298.46,1,3,3,At Risk
CUST032584,144,2,1129.1399999999999,3,3,3,Loyal Customer
CUST032585,453,1,795.72,1,2,2,Lost
CUST032586,68,3,2067.62,4,4,4,Champion
CUST032588,654,1,154.22,1,2,1,Lost
CUST032592,200,2,1689.72,3,3,4,Loyal Customer
CUST032593,248,1,969.96,2,2,3,Lost
CUST032594,576,1,20.34,1,2,1,Lost
CUST032598,50,5,4519.24,4,5,5,Champion
CUST032600,770,1,889.08,1,2,3,Lost
CUST032601,259,1,777.53,2,2,2,Lost
CUST032602,374,3,1140.57,2,4,3,At Risk
CUST032603,53,4,2318.34,4,4,4,Champion
CUST032604,821,1,672.51,1,2,2,Lost
CUST032605,39,3,2319.6400000000003,5,4,4,Champion
CUST032606,367,1,723.2,2,2,2,Lost
CUST032607,5,2,1955.69,5,3,4,Loyal Customer
CUST032608,36,3,2032.06,5,4,4,Champion
CUST032609,50,14,6270.9,4,5,5,Champion
CUST032613,579,2,1773.98,1,3,4,At Risk
CUST032614,114,2,469.65999999999997,3,3,2,Loyal Customer
CUST032616,234,1,212.27,2,2,1,Lost
CUST032617,282,1,1705.74,2,2,4,Lost
CUST032618,48,3,2415.07,4,4,4,Champion
CUST032620,305,4,1599.29,2,4,4,At Risk
CUST032621,2,1,842.06,5,2,2,Needs Attention
CUST032622,68,11,6093.3099999999995,4,5,5,Champion
CUST032623,199,1,38.38,3,2,1,Needs Attention
CUST032625,374,2,1914.0,2,3,4,At Risk
CUST032626,222,1,159.82,2,2,1,Lost
CUST032627,631,1,782.49,1,2,2,Lost
CUST032629,52,10,6052.53,4,5,5,Champion
CUST032630,118,5,886.52,3,5,3,Loyal Customer
CUST032631,510,1,276.18,1,2,1,Lost
CUST032634,264,2,361.79,2,3,1,At Risk
CUST032635,274,1,290.73,2,2,1,Lost
CUST032637,209,1,485.97,2,2,2,Lost
CUST032640,98,5,2557.68,4,5,4,Champion
CUST032641,250,2,1008.8499999999999,2,3,3,At Risk
CUST032644,165,1,529.28,3,2,2,Needs Attention
CUST032645,48,5,2947.6,4,5,5,Champion
CUST032646,287,3,1882.21,2,4,4,At Risk
CUST032647,5,4,821.52,5,4,2,Loyal Customer
CUST032648,171,2,581.9300000000001,3,3,2,Loyal Customer
CUST032649,31,3,1776.33,5,4,4,Champion
CUST032651,358,3,3034.89,2,4,5,At Risk
CUST032654,623,1,1282.36,1,2,3,Lost
CUST032657,196,6,2532.42,3,5,4,Loyal Customer
CUST032658,596,1,1323.87,1,2,3,Lost
CUST032661,29,8,3968.0699999999997,5,5,5,Champion
CUST032662,704,1,286.47,1,2,1,Lost
CUST032663,273,5,2205.4700000000003,2,5,4,At Risk
CUST032665,118,1,492.23,3,2,2,Needs Attention
CUST032666,38,8,4142.87,5,5,5,Champion
CUST032667,913,1,503.12,1,2,2,Lost
CUST032668,11,18,11358.82,5,5,5,Champion
CUST032669,156,3,785.93,3,4,2,Loyal Customer
CUST032670,9,1,677.73,5,2,2,Needs Attention
CUST032671,362,3,1545.49,2,4,3,At Risk
CUST032672,104,4,1882.0,3,4,4,Loyal Customer
CUST032673,25,4,4363.28,5,4,5,Champion
CUST032674,137,1,466.05,3,2,2,Needs Attention
CUST032675,86,3,2258.71,4,4,4,Champion
CUST032676,41,3,1429.0,4,4,3,Loyal Customer
CUST032677,36,4,1857.16,5,4,4,Champion
CUST032678,71,2,904.3900000000001,4,3,3,Loyal Customer
CUST032679,696,2,669.03,1,3,2,At Risk
CUST032680,6,1,80.47,5,2,1,Needs Attention
CUST032681,112,2,1090.95,3,3,3,Loyal Customer
CUST032682,232,2,142.53,2,3,1,At Risk
CUST032683,128,5,2264.01,3,5,4,Loyal Customer
CUST032686,392,1,1782.23,1,2,4,Lost
CUST032687,380,1,474.67,2,2,2,Lost
CUST032689,695,1,105.08,1,2,1,Lost
CUST032692,864,1,279.48,1,2,1,Lost
CUST032693,557,2,2360.84,1,3,4,At Risk
CUST032694,148,2,437.05,3,3,2,Loyal Customer
CUST032695,12,13,6840.39,5,5,5,Champion
CUST032697,226,3,1323.95,2,4,3,At Risk
CUST032698,747,1,203.14,1,2,1,Lost
CUST032701,263,1,281.99,2,2,1,Lost
CUST032702,21,2,765.65,5,3,2,Loyal Customer
CUST032704,70,4,1775.5,4,4,4,Champion
CUST032705,76,11,7294.26,4,5,5,Champion
CUST032707,53,3,1453.06,4,4,3,Loyal Customer
CUST032708,134,1,495.78,3,2,2,Needs Attention
CUST032709,266,3,3291.53,2,4,5,At Risk
CUST032710,79,1,746.6,4,2,2,Needs Attention
CUST032711,5,7,4819.75,5,5,5,Champion
CUST032712,275,2,2174.95,2,3,4,At Risk
CUST032713,233,3,965.11,2,4,3,At Risk
CUST032718,29,6,3372.96,5,5,5,Champion
CUST032719,324,5,1725.01,2,5,4,At Risk
CUST032722,362,2,366.12,2,3,1,At Risk
CUST032723,75,4,1197.34,4,4,3,Loyal Customer
CUST032724,148,4,1622.4099999999999,3,4,4,Loyal Customer
CUST032726,312,2,705.18,2,3,2,At Risk
CUST032730,437,2,884.3799999999999,1,3,3,At Risk
CUST032732,495,3,1426.43,1,4,3,At Risk
CUST032734,423,4,1380.64,1,4,3,At Risk
CUST032737,528,1,53.8,1,2,1,Lost
CUST032739,203,1,930.57,3,2,3,Needs Attention
CUST032740,3,8,3621.25,5,5,5,Champion
CUST032743,370,1,1381.67,2,2,3,Lost
CUST032744,353,2,1182.5700000000002,2,3,3,At Risk
CUST032745,408,3,1194.6799999999998,1,4,3,At Risk
CUST032749,550,1,556.96,1,2,2,Lost
CUST032750,53,4,2628.74,4,4,4,Champion
CUST032751,288,1,126.9,2,2,1,Lost
CUST032753,100,2,514.78,4,3,2,Loyal Customer
CUST032754,144,1,58.11,3,2,1,Needs Attention
CUST032756,109,14,7161.93,3,5,5,Loyal Customer
CUST032757,119,3,2210.4900000000002,3,4,4,Loyal Customer
CUST032759,888,1,206.01,1,2,1,Lost
CUST032762,1,5,2945.49,5,5,5,Champion
CUST032764,78,3,2699.7000000000003,4,4,4,Champion
CUST032765,49,1,311.6,4,2,1,Needs Attention
CUST032766,86,2,1264.8200000000002,4,3,3,Loyal Customer
CUST032771,996,1,1273.2,1,2,3,Lost
CUST032772,307,1,689.06,2,2,2,Lost
CUST032773,726,1,191.54,1,2,1,Lost
CUST032774,81,1,1132.24,4,2,3,Needs Attention
CUST032776,164,2,820.5,3,3,2,Loyal Customer
CUST032777,122,3,2246.08,3,4,4,Loyal Customer
CUST032778,230,1,203.88,2,2,1,Lost
CUST032779,198,2,447.06,3,3,2,Loyal Customer
CUST032780,12,3,867.7,5,4,2,Loyal Customer
CUST032781,833,1,220.05,1,2,1,Lost
CUST032783,174,1,749.75,3,2,2,Needs Attention
CUST032784,79,2,2938.1099999999997,4,3,5,Loyal Customer
CUST032785,271,4,3108.36,2,4,5,At Risk
CUST032787,574,1,384.3,1,2,1,Lost
CUST032788,633,1,948.56,1,2,3,Lost
CUST032789,428,2,1265.67,1,3,3,At Risk
CUST032791,556,2,1209.31,1,3,3,At Risk
CUST032792,16,2,2754.54,5,3,4,Loyal Customer
CUST032793,19,24,16294.119999999999,5,5,5,Champion
CUST032794,149,2,626.27,3,3,2,Loyal Customer
CUST032795,52,2,578.27,4,3,2,Loyal Customer
CUST032796,599,1,368.93,1,2,1,Lost
CUST032797,141,3,956.33,3,4,3,Loyal Customer
CUST032798,12,1,213.28,5,2,1,Needs Attention
CUST032800,24,6,3755.6,5,5,5,Champion
CUST032801,6,7,3139.84,5,5,5,Champion
CUST032803,139,2,466.01,3,3,2,Loyal Customer
CUST032804,39,8,4073.71,5,5,5,Champion
CUST032813,98,1,2796.19,4,2,4,Needs Attention
CUST032815,118,2,240.03,3,3,1,Loyal Customer
CUST032817,221,2,403.53000000000003,2,3,1,At Risk
CUST032820,792,1,239.06,1,2,1,Lost
CUST032821,449,3,1102.43,1,4,3,At Risk
CUST032822,23,3,1137.04,5,4,3,Loyal Customer
CUST032825,123,2,1059.1100000000001,3,3,3,Loyal Customer
CUST032826,167,2,840.36,3,3,2,Loyal Customer
CUST032827,16,17,10086.33,5,5,5,Champion
CUST032829,96,3,860.08,4,4,2,Loyal Customer
CUST032833,6,3,2544.6,5,4,4,Champion
CUST032834,389,1,849.96,2,2,2,Lost
CUST032835,414,2,1119.25,1,3,3,At Risk
CUST032837,28,4,2779.7,5,4,4,Champion
CUST032841,67,6,2421.41,4,5,4,Champion
CUST032842,39,1,947.03,5,2,3,Needs Attention
CUST032843,372,1,267.6,2,2,1,Lost
CUST032844,246,2,1319.28,2,3,3,At Risk
CUST032846,797,1,504.0,1,2,2,Lost
CUST032847,197,2,361.35,3,3,1,Loyal Customer
CUST032850,67,1,160.72,4,2,1,Needs Attention
CUST032851,7,11,5417.389999999999,5,5,5,Champion
CUST032852,407,2,871.56,1,3,3,At Risk
CUST032854,498,1,731.59,1,2,2,Lost
CUST032855,252,7,4188.75,2,5,5,At Risk
CUST032856,204,2,995.5,2,3,3,At Risk
CUST032857,113,2,1436.24,3,3,3,Loyal Customer
CUST032858,97,4,1546.67,4,4,3,Loyal Customer
CUST032859,209,2,662.59,2,3,2,At Risk
CUST032860,2,15,8564.4,5,5,5,Champion
CUST032861,701,3,2825.26,1,4,4,At Risk
CUST032862,160,2,1370.1,3,3,3,Loyal Customer
CUST032863,407,6,2497.54,1,5,4,At Risk
CUST032865,821,2,822.59,1,3,2,At Risk
CUST032866,280,1,199.84,2,2,1,Lost
CUST032867,40,2,1285.2,4,3,3,Loyal Customer
CUST032869,55,13,9414.98,4,5,5,Champion
CUST032871,520,2,959.5699999999999,1,3,3,At Risk
CUST032874,257,2,1733.2399999999998,2,3,4,At Risk
CUST032875,22,6,1924.75,5,5,4,Champion
CUST032876,405,1,20.71,1,2,1,Lost
CUST032877,188,1,509.41,3,2,2,Needs Attention
CUST032880,63,6,4281.76,4,5,5,Champion
CUST032882,83,6,2752.34,4,5,4,Champion
CUST032884,818,1,984.46,1,2,3,Lost
CUST032885,26,9,4771.9800000000005,5,5,5,Champion
CUST032886,631,1,712.49,1,2,2,Lost
CUST032889,23,3,514.1,5,4,2,Loyal Customer
CUST032892,562,1,637.72,1,2,2,Lost
CUST032894,406,2,1029.85,1,3,3,At Risk
CUST032896,46,5,2825.48,4,5,4,Champion
CUST032897,91,8,4194.84,4,5,5,Champion
CUST032899,89,1,1105.96,4,2,3,Needs Attention
CUST032900,9,3,1895.35,5,4,4,Champion
CUST032901,357,1,362.05,2,2,1,Lost
CUST032902,111,5,3537.8199999999997,3,5,5,Loyal Customer
CUST032903,26,1,387.82,5,2,1,Needs Attention
CUST032904,153,1,925.92,3,2,3,Needs Attention
CUST032908,954,1,233.62,1,2,1,Lost
CUST032909,248,2,247.01,2,3,1,At Risk
CUST032910,151,3,1358.3,3,4,3,Loyal Customer
CUST032911,634,1,596.48,1,2,2,Lost
CUST032913,498,1,350.5,1,2,1,Lost
CUST032915,282,2,1672.8200000000002,2,3,4,At Risk
CUST032916,379,2,329.85,2,3,1,At Risk
CUST032917,98,2,334.89,4,3,1,Loyal Customer
CUST032919,186,2,1244.49,3,3,3,Loyal Customer
CUST032920,203,1,168.0,3,2,1,Needs Attention
CUST032921,23,4,3962.41,5,4,5,Champion
CUST032923,10,2,496.4,5,3,2,Loyal Customer
CUST032925,4,3,3060.37,5,4,5,Champion
CUST032927,4,7,4321.72,5,5,5,Champion
CUST032928,68,7,3590.13,4,5,5,Champion
CUST032932,53,6,4297.88,4,5,5,Champion
CUST032934,11,26,13630.78,5,5,5,Champion
CUST032935,309,1,500.4,2,2,2,Lost
CUST032936,105,1,586.6,3,2,2,Needs Attention
CUST032939,538,1,274.58,1,2,1,Lost
CUST032941,135,3,1762.31,3,4,4,Loyal Customer
CUST032942,13,8,4056.41,5,5,5,Champion
CUST032943,632,1,82.29,1,2,1,Lost
CUST032944,600,1,237.9,1,2,1,Lost
CUST032945,121,6,3555.87,3,5,5,Loyal Customer
CUST032951,201,2,1204.3600000000001,3,3,3,Loyal Customer
CUST032952,19,6,2389.79,5,5,4,Champion
CUST032953,53,4,903.31,4,4,3,Loyal Customer
CUST032954,229,1,380.07,2,2,1,Lost
CUST032963,14,12,9806.01,5,5,5,Champion
CUST032965,92,5,4433.110000000001,4,5,5,Champion
CUST032966,5,38,21370.9,5,5,5,Champion
CUST032968,23,5,1814.92,5,5,4,Champion
CUST032969,121,3,1692.3600000000001,3,4,4,Loyal Customer
CUST032970,6,22,12212.08,5,5,5,Champion
CUST032971,18,4,1843.5,5,4,4,Champion
CUST032972,337,2,1257.0,2,3,3,At Risk
CUST032973,673,1,588.54,1,2,2,Lost
CUST032974,189,3,3265.9700000000003,3,4,5,Loyal Customer
CUST032975,1,13,6243.2,5,5,5,Champion
CUST032976,3,2,693.84,5,3,2,Loyal Customer
CUST032979,204,1,387.16,2,2,1,Lost
CUST032980,315,2,1171.74,2,3,3,At Risk
CUST032982,239,9,2685.58,2,5,4,At Risk
CUST032983,31,1,781.63,5,2,2,Needs Attention
CUST032984,17,2,830.3599999999999,5,3,2,Loyal Customer
CUST032985,398,2,1218.21,1,3,3,At Risk
CUST032987,663,1,864.79,1,2,2,Lost
CUST032990,136,3,1912.47,3,4,4,Loyal Customer
CUST032991,999,1,233.2,1,2,1,Lost
CUST032994,208,3,661.3199999999999,2,4,2,At Risk
CUST032995,102,4,2119.91,3,4,4,Loyal Customer
CUST032996,235,3,1844.47,2,4,4,At Risk
CUST032997,376,1,237.9,2,2,1,Lost
CUST032998,348,1,1373.33,2,2,3,Lost
CUST032999,520,1,117.65,1,2,1,Lost
CUST033000,846,1,239.06,1,2,1,Lost
CUST033002,169,2,653.8399999999999,3,3,2,Loyal Customer
CUST033006,64,5,5993.16,4,5,5,Champion
CUST033007,358,2,571.75,2,3,2,At Risk
CUST033008,321,2,569.1800000000001,2,3,2,At Risk
CUST033009,102,10,4849.78,3,5,5,Loyal Customer
CUST033011,304,1,892.01,2,2,3,Lost
CUST033012,599,1,198.78,1,2,1,Lost
CUST033013,117,7,4249.12,3,5,5,Loyal Customer
CUST033014,34,36,19778.3,5,5,5,Champion
CUST033015,142,2,1388.16,3,3,3,Loyal Customer
CUST033017,59,6,4719.68,4,5,5,Champion
CUST033018,606,2,410.84000000000003,1,3,1,At Risk
CUST033019,329,3,3560.7000000000003,2,4,5,At Risk
CUST033021,502,1,706.49,1,2,2,Lost
CUST033022,239,2,1048.72,2,3,3,At Risk
CUST033023,329,1,160.87,2,2,1,Lost
CUST033024,170,4,1850.27,3,4,4,Loyal Customer
CUST033025,427,1,294.54,1,2,1,Lost
CUST033027,55,2,868.74,4,3,2,Loyal Customer
CUST033028,50,1,117.65,4,2,1,Needs Attention
CUST033029,398,1,528.18,1,2,2,Lost
CUST033030,366,2,1575.52,2,3,4,At Risk
CUST033031,280,2,1060.19,2,3,3,At Risk
CUST033034,823,2,676.56,1,3,2,At Risk
CUST033035,412,1,166.66,1,2,1,Lost
CUST033036,49,2,1460.99,4,3,3,Loyal Customer
CUST033038,262,1,638.17,2,2,2,Lost
CUST033039,83,11,4857.24,4,5,5,Champion
CUST033041,432,1,283.32,1,2,1,Lost
CUST033042,55,2,845.33,4,3,2,Loyal Customer
CUST033045,283,1,92.28,2,2,1,Lost
CUST033047,87,1,474.71,4,2,2,Needs Attention
CUST033048,71,1,1481.93,4,2,3,Needs Attention
CUST033049,317,2,1012.46,2,3,3,At Risk
CUST033050,21,4,1499.79,5,4,3,Loyal Customer
CUST033051,26,3,1342.8200000000002,5,4,3,Loyal Customer
CUST033052,145,3,1564.59,3,4,4,Loyal Customer
CUST033053,26,13,6321.02,5,5,5,Champion
CUST033055,702,1,600.7,1,2,2,Lost
CUST033060,234,2,253.45,2,3,1,At Risk
CUST033065,48,1,712.27,4,2,2,Needs Attention
CUST033068,263,4,2309.5200000000004,2,4,4,At Risk
CUST033069,288,1,430.9,2,2,1,Lost
CUST033070,718,1,365.53,1,2,1,Lost
CUST033071,164,3,722.85,3,4,2,Loyal Customer
CUST033072,27,31,15664.1,5,5,5,Champion
CUST033075,71,22,8284.16,4,5,5,Champion
CUST033076,469,1,436.67,1,2,1,Lost
CUST033077,385,1,657.17,2,2,2,Lost
CUST033078,451,2,1977.6000000000001,1,3,4,At Risk
CUST033079,964,1,191.38,1,2,1,Lost
CUST033080,142,1,391.08,3,2,1,Needs Attention
CUST033081,127,1,252.29,3,2,1,Needs Attention
CUST033082,14,1,457.67,5,2,2,Needs Attention
CUST033083,55,5,2611.56,4,5,4,Champion
CUST033084,173,1,1588.86,3,2,4,Needs Attention
CUST033085,304,6,3389.38,2,5,5,At Risk
CUST033087,87,1,798.33,4,2,2,Needs Attention
CUST033088,605,1,1294.44,1,2,3,Lost
CUST033093,320,1,383.39,2,2,1,Lost
CUST033094,78,2,1122.92,4,3,3,Loyal Customer
CUST033096,638,1,739.72,1,2,2,Lost
CUST033097,38,6,3515.21,5,5,5,Champion
CUST033099,178,7,4072.33,3,5,5,Loyal Customer
CUST033100,70,3,1067.24,4,4,3,Loyal Customer
CUST033102,57,4,2670.9300000000003,4,4,4,Champion
CUST033103,57,3,717.53,4,4,2,Loyal Customer
CUST033104,17,2,2055.2,5,3,4,Loyal Customer
CUST033105,203,4,2646.06,3,4,4,Loyal Customer
CUST033106,202,2,702.32,3,3,2,Loyal Customer
CUST033107,92,3,2266.16,4,4,4,Champion
CUST033108,424,2,499.56,1,3,2,At Risk
CUST033109,314,1,1376.68,2,2,3,Lost
CUST033110,376,3,1179.43,2,4,3,At Risk
CUST033111,169,1,745.17,3,2,2,Needs Attention
CUST033112,419,3,1631.0,1,4,4,At Risk
CUST033113,204,5,4284.030000000001,2,5,5,At Risk
CUST033114,145,3,1696.98,3,4,4,Loyal Customer
CUST033115,6,22,11898.28,5,5,5,Champion
CUST033116,212,3,1294.59,2,4,3,At Risk
CUST033117,7,3,1580.24,5,4,4,Champion
CUST033118,27,2,3334.41,5,3,5,Loyal Customer
CUST033120,167,2,1057.93,3,3,3,Loyal Customer
CUST033122,13,9,5310.77,5,5,5,Champion
CUST033124,477,1,332.75,1,2,1,Lost
CUST033126,25,3,510.66,5,4,2,Loyal Customer
CUST033129,19,1,733.91,5,2,2,Needs Attention
CUST033131,241,1,967.18,2,2,3,Lost
CUST033132,226,3,1094.99,2,4,3,At Risk
CUST033134,5,20,10767.8,5,5,5,Champion
CUST033136,463,1,164.68,1,2,1,Lost
CUST033137,94,4,2476.36,4,4,4,Champion
CUST033138,58,2,737.71,4,3,2,Loyal Customer
CUST033139,219,1,411.18,2,2,1,Lost
CUST033141,236,1,489.06,2,2,2,Lost
CUST033142,558,1,1919.49,1,2,4,Lost
CUST033143,58,4,3110.44,4,4,5,Champion
CUST033145,122,3,1568.56,3,4,4,Loyal Customer
CUST033146,133,4,1424.21,3,4,3,Loyal Customer
CUST033147,82,2,787.81,4,3,2,Loyal Customer
CUST033149,143,3,2265.5,3,4,4,Loyal Customer
CUST033151,734,1,149.71,1,2,1,Lost
CUST033153,685,1,496.57,1,2,2,Lost
CUST033155,73,4,2427.98,4,4,4,Champion
CUST033156,167,1,189.7,3,2,1,Needs Attention
CUST033159,560,1,977.35,1,2,3,Lost
CUST033161,128,4,3098.21,3,4,5,Loyal Customer
CUST033162,317,2,973.9300000000001,2,3,3,At Risk
CUST033164,66,4,2311.75,4,4,4,Champion
CUST033166,14,4,1991.2,5,4,4,Champion
CUST033169,635,1,149.82,1,2,1,Lost
CUST033171,24,26,14203.2,5,5,5,Champion
CUST033172,90,1,457.2,4,2,2,Needs Attention
CUST033173,415,2,2012.07,1,3,4,At Risk
CUST033174,649,1,3022.73,1,2,5,Lost
CUST033175,66,2,1425.4699999999998,4,3,3,Loyal Customer
CUST033178,6,1,1075.08,5,2,3,Needs Attention
CUST033179,66,8,3030.19,4,5,5,Champion
CUST033180,177,1,289.26,3,2,1,Needs Attention
CUST033181,10,12,6420.33,5,5,5,Champion
CUST033185,138,3,735.23,3,4,2,Loyal Customer
CUST033186,651,1,155.47,1,2,1,Lost
CUST033191,134,5,1679.6299999999999,3,5,4,Loyal Customer
CUST033192,410,1,571.35,1,2,2,Lost
CUST033193,17,2,2084.38,5,3,4,Loyal Customer
CUST033194,96,3,884.1099999999999,4,4,3,Loyal Customer
CUST033195,408,1,1351.52,1,2,3,Lost
CUST033197,96,5,1154.12,4,5,3,Loyal Customer
CUST033200,36,1,460.55,5,2,2,Needs Attention
CUST033205,176,1,57.09,3,2,1,Needs Attention
CUST033206,221,3,3307.0099999999998,2,4,5,At Risk
CUST033208,31,2,332.03999999999996,5,3,1,Loyal Customer
CUST033209,72,3,1879.4699999999998,4,4,4,Champion
CUST033211,3,6,4891.68,5,5,5,Champion
CUST033213,186,3,938.5600000000001,3,4,3,Loyal Customer
CUST033214,249,2,1566.42,2,3,4,At Risk
CUST033216,91,5,2651.73,4,5,4,Champion
CUST033217,165,3,2887.31,3,4,4,Loyal Customer
CUST033218,16,3,614.62,5,4,2,Loyal Customer
CUST033219,646,1,359.5,1,2,1,Lost
CUST033220,262,3,1517.18,2,4,3,At Risk
CUST033221,19,10,6244.7300000000005,5,5,5,Champion
CUST033222,9,2,893.93,5,3,3,Loyal Customer
CUST033223,621,1,232.95,1,2,1,Lost
CUST033224,158,4,1585.96,3,4,4,Loyal Customer
CUST033226,127,1,234.44,3,2,1,Needs Attention
CUST033227,7,2,1680.35,5,3,4,Loyal Customer
CUST033228,16,3,1803.05,5,4,4,Champion
CUST033229,134,1,49.03,3,2,1,Needs Attention
CUST033230,21,4,938.71,5,4,3,Loyal Customer
CUST033231,64,7,3289.4700000000003,4,5,5,Champion
CUST033232,579,2,2458.52,1,3,4,At Risk
CUST033236,176,12,5520.58,3,5,5,Loyal Customer
CUST033237,179,1,367.1,3,2,1,Needs Attention
CUST033238,258,1,45.86,2,2,1,Lost
CUST033239,44,1,921.65,4,2,3,Needs Attention
CUST033240,416,1,53.8,1,2,1,Lost
CUST033241,15,1,33.42,5,2,1,Needs Attention
CUST033242,19,3,1231.94,5,4,3,Loyal Customer
CUST033243,62,3,1579.65,4,4,4,Champion
CUST033245,356,2,336.85,2,3,1,At Risk
CUST033246,34,9,8071.74,5,5,5,Champion
CUST033247,299,3,3378.1000000000004,2,4,5,At Risk
CUST033249,98,1,764.24,4,2,2,Needs Attention
CUST033251,806,1,312.92,1,2,1,Lost
CUST033252,170,2,1278.56,3,3,3,Loyal Customer
CUST033255,698,1,255.33,1,2,1,Lost
CUST033257,42,12,9525.2,4,5,5,Champion
CUST033258,622,1,453.13,1,2,2,Lost
CUST033260,537,1,803.9,1,2,2,Lost
CUST033261,393,2,1296.98,1,3,3,At Risk
CUST033262,268,2,380.58,2,3,1,At Risk
CUST033263,19,8,5017.69,5,5,5,Champion
CUST033264,140,1,810.24,3,2,2,Needs Attention
CUST033266,121,3,784.74,3,4,2,Loyal Customer
CUST033268,82,1,192.72,4,2,1,Needs Attention
CUST033269,78,1,566.95,4,2,2,Needs Attention
CUST033271,388,2,1292.28,2,3,3,At Risk
CUST033273,172,1,123.24,3,2,1,Needs Attention
CUST033275,213,3,2423.9900000000002,2,4,4,At Risk
CUST033280,164,2,2330.7,3,3,4,Loyal Customer
CUST033281,847,1,258.52,1,2,1,Lost
CUST033282,8,26,11395.87,5,5,5,Champion
CUST033283,113,1,284.35,3,2,1,Needs Attention
CUST033284,754,1,649.88,1,2,2,Lost
CUST033286,73,3,2804.99,4,4,4,Champion
CUST033287,63,4,2420.81,4,4,4,Champion
CUST033288,45,11,7182.2,4,5,5,Champion
CUST033289,172,4,1523.61,3,4,3,Loyal Customer
CUST033292,31,4,2640.8900000000003,5,4,4,Champion
CUST033296,10,9,6232.17,5,5,5,Champion
CUST033297,34,8,6445.06,5,5,5,Champion
CUST033300,116,3,606.83,3,4,2,Loyal Customer
CUST033301,49,3,990.0699999999999,4,4,3,Loyal Customer
CUST033302,79,5,3492.61,4,5,5,Champion
CUST033303,147,1,184.83,3,2,1,Needs Attention
CUST033305,185,2,4077.35,3,3,5,Loyal Customer
CUST033306,107,6,4013.5299999999997,3,5,5,Loyal Customer
CUST033308,138,2,810.9200000000001,3,3,2,Loyal Customer
CUST033310,366,1,1022.62,2,2,3,Lost
CUST033311,568,2,444.15999999999997,1,3,2,At Risk
CUST033312,66,1,307.14,4,2,1,Needs Attention
CUST033314,59,4,1783.5099999999998,4,4,4,Champion
CUST033316,32,2,1198.8200000000002,5,3,3,Loyal Customer
CUST033317,329,1,158.18,2,2,1,Lost
CUST033318,354,1,149.71,2,2,1,Lost
CUST033320,53,9,3853.82,4,5,5,Champion
CUST033322,186,1,402.27,3,2,1,Needs Attention
CUST033323,325,1,157.69,2,2,1,Lost
CUST033324,16,4,1796.71,5,4,4,Champion
CUST033325,181,4,1629.99,3,4,4,Loyal Customer
CUST033326,91,7,2704.06,4,5,4,Champion
CUST033327,51,5,2832.49,4,5,4,Champion
CUST033328,148,1,22.96,3,2,1,Needs Attention
CUST033329,217,1,1125.06,2,2,3,Lost
CUST033331,206,1,1967.13,2,2,4,Lost
CUST033332,217,1,550.57,2,2,2,Lost
CUST033334,30,5,3110.41,5,5,5,Champion
CUST033336,262,1,153.29,2,2,1,Lost
CUST033337,528,1,207.83,1,2,1,Lost
CUST033338,4,5,1795.85,5,5,4,Champion
CUST033340,122,1,261.56,3,2,1,Needs Attention
CUST033341,45,2,386.23,4,3,1,Loyal Customer
CUST033343,402,1,138.57,1,2,1,Lost
CUST033344,326,3,1990.9500000000003,2,4,4,At Risk
CUST033345,64,4,2960.69,4,4,5,Champion
CUST033346,78,6,3207.52,4,5,5,Champion
CUST033347,4,6,3274.38,5,5,5,Champion
CUST033348,204,2,1208.99,2,3,3,At Risk
CUST033349,17,1,226.94,5,2,1,Needs Attention
CUST033351,144,2,1750.9,3,3,4,Loyal Customer
CUST033352,37,5,1362.23,5,5,3,Loyal Customer
CUST033353,194,2,947.4200000000001,3,3,3,Loyal Customer
CUST033354,44,7,4408.17,4,5,5,Champion
CUST033357,93,3,2195.8599999999997,4,4,4,Champion
CUST033358,22,3,978.29,5,4,3,Loyal Customer
CUST033359,998,1,515.32,1,2,2,Lost
CUST033362,479,2,1436.59,1,3,3,At Risk
CUST033365,37,1,1979.82,5,2,4,Needs Attention
CUST033366,71,4,1315.82,4,4,3,Loyal Customer
CUST033367,603,1,250.42,1,2,1,Lost
CUST033369,244,4,1129.7,2,4,3,At Risk
CUST033370,620,1,625.24,1,2,2,Lost
CUST033371,32,2,602.57,5,3,2,Loyal Customer
CUST033374,3,1,110.2,5,2,1,Needs Attention
CUST033377,287,1,1022.2,2,2,3,Lost
CUST033378,3,20,9616.130000000001,5,5,5,Champion
CUST033379,10,12,7965.889999999999,5,5,5,Champion
CUST033380,94,3,871.41,4,4,3,Loyal Customer
CUST033381,313,2,352.46,2,3,1,At Risk
CUST033382,77,5,4865.42,4,5,5,Champion
CUST033383,202,7,3371.64,3,5,5,Loyal Customer
CUST033384,491,2,611.03,1,3,2,At Risk
CUST033385,480,1,33.53,1,2,1,Lost
CUST033386,719,1,663.78,1,2,2,Lost
CUST033390,196,1,606.25,3,2,2,Needs Attention
CUST033391,174,1,337.43,3,2,1,Needs Attention
CUST033392,2,11,6125.299999999999,5,5,5,Champion
CUST033394,14,14,8059.860000000001,5,5,5,Champion
CUST033395,142,5,2497.86,3,5,4,Loyal Customer
CUST033397,84,2,1604.6100000000001,4,3,4,Loyal Customer
CUST033398,319,1,462.7,2,2,2,Lost
CUST033401,298,2,1634.04,2,3,4,At Risk
CUST033402,557,1,32.91,1,2,1,Lost
CUST033403,5,5,1331.99,5,5,3,Loyal Customer
CUST033404,382,2,1090.2,2,3,3,At Risk
CUST033406,338,3,1297.2399999999998,2,4,3,At Risk
CUST033407,604,1,86.03,1,2,1,Lost
CUST033408,85,2,1525.7,4,3,3,Loyal Customer
CUST033409,8,3,723.8,5,4,2,Loyal Customer
CUST033410,208,1,65.37,2,2,1,Lost
CUST033411,515,1,871.96,1,2,3,Lost
CUST033412,88,4,1476.28,4,4,3,Loyal Customer
CUST033413,117,4,2412.63,3,4,4,Loyal Customer
CUST033416,6,3,1738.42,5,4,4,Champion
CUST033417,123,2,602.94,3,3,2,Loyal Customer
CUST033418,181,2,160.31,3,3,1,Loyal Customer
CUST033419,795,2,194.66,1,3,1,At Risk
CUST033420,24,1,91.51,5,2,1,Needs Attention
CUST033422,47,7,3119.27,4,5,5,Champion
CUST033423,42,11,6350.54,4,5,5,Champion
CUST033424,159,3,2377.0,3,4,4,Loyal Customer
CUST033427,11,34,19622.89,5,5,5,Champion
CUST033430,41,3,1089.83,4,4,3,Loyal Customer
CUST033431,77,7,3357.0,4,5,5,Champion
CUST033434,607,1,15.84,1,2,1,Lost
CUST033435,25,11,7122.219999999999,5,5,5,Champion
CUST033438,245,4,1971.69,2,4,4,At Risk
CUST033439,944,1,546.05,1,2,2,Lost
CUST033440,72,4,2129.61,4,4,4,Champion
CUST033445,7,4,2534.76,5,4,4,Champion
CUST033448,225,1,173.59,2,2,1,Lost
CUST033449,4,5,2497.06,5,5,4,Champion
CUST033453,271,1,1523.45,2,2,3,Lost
CUST033455,90,6,3235.44,4,5,5,Champion
CUST033457,117,1,400.94,3,2,1,Needs Attention
CUST033459,154,4,1466.5,3,4,3,Loyal Customer
CUST033460,145,1,31.75,3,2,1,Needs Attention
CUST033461,134,4,2949.21,3,4,5,Loyal Customer
CUST033463,342,1,103.32,2,2,1,Lost
CUST033464,59,5,1667.65,4,5,4,Champion
CUST033466,209,2,1044.23,2,3,3,At Risk
CUST033467,95,2,506.27000000000004,4,3,2,Loyal Customer
CUST033468,100,3,2216.86,4,4,4,Champion
CUST033473,83,7,3698.65,4,5,5,Champion
CUST033476,3,2,664.22,5,3,2,Loyal Customer
CUST033477,260,4,1280.87,2,4,3,At Risk
CUST033480,45,3,1389.75,4,4,3,Loyal Customer
CUST033481,553,1,109.6,1,2,1,Lost
CUST033483,44,8,4209.82,4,5,5,Champion
CUST033484,726,1,1981.61,1,2,4,Lost
CUST033485,15,9,3927.5099999999998,5,5,5,Champion
CUST033488,308,1,78.78,2,2,1,Lost
CUST033489,70,1,604.62,4,2,2,Needs Attention
CUST033490,39,1,872.04,5,2,3,Needs Attention
CUST033491,95,6,3195.06,4,5,5,Champion
CUST033494,1,2,666.37,5,3,2,Loyal Customer
CUST033495,453,1,323.34,1,2,1,Lost
CUST033496,548,1,604.28,1,2,2,Lost
CUST033498,280,1,876.3,2,2,3,Lost
CUST033499,17,8,4901.13,5,5,5,Champion
CUST033500,231,5,1684.04,2,5,4,At Risk
CUST033501,60,7,2896.0,4,5,4,Champion
CUST033502,702,2,2182.0,1,3,4,At Risk
CUST033504,123,2,639.34,3,3,2,Loyal Customer
CUST033508,171,6,1896.64,3,5,4,Loyal Customer
CUST033509,71,2,1820.6,4,3,4,Loyal Customer
CUST033511,33,10,5320.35,5,5,5,Champion
CUST033512,15,2,1591.3799999999999,5,3,4,Loyal Customer
CUST033513,85,4,1433.36,4,4,3,Loyal Customer
CUST033514,668,2,1032.0,1,3,3,At Risk
CUST033515,112,1,517.78,3,2,2,Needs Attention
CUST033516,157,1,192.83,3,2,1,Needs Attention
CUST033518,53,15,10286.64,4,5,5,Champion
CUST033520,96,3,3167.11,4,4,5,Champion
CUST033521,372,2,1116.9099999999999,2,3,3,At Risk
CUST033522,319,4,2352.6800000000003,2,4,4,At Risk
CUST033523,39,1,444.08,5,2,2,Needs Attention
CUST033524,764,1,217.02,1,2,1,Lost
CUST033527,58,4,2253.9300000000003,4,4,4,Champion
CUST033528,164,1,216.65,3,2,1,Needs Attention
CUST033529,141,2,946.1800000000001,3,3,3,Loyal Customer
CUST033531,301,6,2731.1800000000003,2,5,4,At Risk
CUST033532,396,2,1572.0,1,3,4,At Risk
CUST033533,248,4,2750.8799999999997,2,4,4,At Risk
CUST033534,161,3,1616.69,3,4,4,Loyal Customer
CUST033537,337,1,159.75,2,2,1,Lost
CUST033539,662,1,529.62,1,2,2,Lost
CUST033541,57,2,1708.12,4,3,4,Loyal Customer
CUST033543,359,1,1451.34,2,2,3,Lost
CUST033545,133,2,1151.99,3,3,3,Loyal Customer
CUST033546,556,2,1625.6000000000001,1,3,4,At Risk
CUST033548,129,1,1289.16,3,2,3,Needs Attention
CUST033549,197,5,1351.3899999999999,3,5,3,Loyal Customer
CUST033551,492,1,870.77,1,2,3,Lost
CUST033554,4,4,1768.4,5,4,4,Champion
CUST033558,475,1,345.67,1,2,1,Lost
CUST033559,650,1,659.59,1,2,2,Lost
CUST033561,8,9,5899.31,5,5,5,Champion
CUST033562,58,1,595.53,4,2,2,Needs Attention
CUST033563,61,3,1822.88,4,4,4,Champion
CUST033565,219,3,1382.8000000000002,2,4,3,At Risk
CUST033566,8,2,469.68,5,3,2,Loyal Customer
CUST033567,629,1,735.66,1,2,2,Lost
CUST033568,131,3,2129.4,3,4,4,Loyal Customer
CUST033570,220,3,1165.47,2,4,3,At Risk
CUST033571,13,2,1060.1499999999999,5,3,3,Loyal Customer
CUST033572,228,2,913.5999999999999,2,3,3,At Risk
CUST033573,738,1,220.45,1,2,1,Lost
CUST033576,66,6,1966.24,4,5,4,Champion
CUST033577,298,1,1763.34,2,2,4,Lost
CUST033579,662,1,191.22,1,2,1,Lost
CUST033580,923,1,583.69,1,2,2,Lost
CUST033581,567,1,1142.3,1,2,3,Lost
CUST033582,737,1,582.5,1,2,2,Lost
CUST033583,190,2,957.86,3,3,3,Loyal Customer
CUST033585,223,3,802.8799999999999,2,4,2,At Risk
CUST033586,175,1,384.57,3,2,1,Needs Attention
CUST033587,33,28,16270.19,5,5,5,Champion
CUST033588,13,4,2908.26,5,4,5,Champion
CUST033590,572,1,582.16,1,2,2,Lost
CUST033594,92,5,3873.5099999999998,4,5,5,Champion
CUST033595,243,2,468.82000000000005,2,3,2,At Risk
CUST033596,146,4,2765.02,3,4,4,Loyal Customer
CUST033598,127,7,3218.55,3,5,5,Loyal Customer
CUST033599,406,2,191.01999999999998,1,3,1,At Risk
CUST033600,75,5,4035.56,4,5,5,Champion
CUST033602,298,3,1633.32,2,4,4,At Risk
CUST033603,8,2,1413.55,5,3,3,Loyal Customer
CUST033606,220,1,689.99,2,2,2,Lost
CUST033607,18,13,8762.54,5,5,5,Champion
CUST033610,121,2,2252.77,3,3,4,Loyal Customer
CUST033611,637,1,1105.68,1,2,3,Lost
CUST033613,5,27,16196.77,5,5,5,Champion
CUST033615,324,1,1162.12,2,2,3,Lost
CUST033616,90,2,1167.83,4,3,3,Loyal Customer
CUST033617,101,1,212.27,4,2,1,Needs Attention
CUST033619,61,7,1887.6100000000001,4,5,4,Champion
CUST033620,256,3,3200.3599999999997,2,4,5,At Risk
CUST033621,341,3,1414.36,2,4,3,At Risk
CUST033626,121,9,5463.02,3,5,5,Loyal Customer
CUST033627,102,2,531.42,3,3,2,Loyal Customer
CUST033629,366,1,987.9,2,2,3,Lost
CUST033633,162,1,592.13,3,2,2,Needs Attention
CUST033635,17,1,503.64,5,2,2,Needs Attention
CUST033636,282,2,1094.6299999999999,2,3,3,At Risk
CUST033639,529,3,1158.93,1,4,3,At Risk
CUST033641,28,1,883.12,5,2,3,Needs Attention
CUST033643,9,1,1152.63,5,2,3,Needs Attention
CUST033644,39,1,673.23,5,2,2,Needs Attention
CUST033646,23,1,620.0,5,2,2,Needs Attention
CUST033647,794,1,492.14,1,2,2,Lost
CUST033648,346,1,150.63,2,2,1,Lost
CUST033649,543,1,34.72,1,2,1,Lost
CUST033650,648,2,703.6899999999999,1,3,2,At Risk
CUST033654,541,1,710.12,1,2,2,Lost
CUST033655,290,1,194.47,2,2,1,Lost
CUST033657,180,1,620.0,3,2,2,Needs Attention
CUST033658,280,1,716.3,2,2,2,Lost
CUST033659,6,12,8163.42,5,5,5,Champion
CUST033661,732,1,123.95,1,2,1,Lost
CUST033662,228,2,3659.8,2,3,5,At Risk
CUST033663,13,2,1130.29,5,3,3,Loyal Customer
CUST033664,19,4,3863.55,5,4,5,Champion
CUST033665,103,4,1373.8,3,4,3,Loyal Customer
CUST033669,550,1,13.32,1,2,1,Lost
CUST033672,16,7,4545.21,5,5,5,Champion
CUST033673,36,10,6806.0,5,5,5,Champion
CUST033675,51,5,2155.96,4,5,4,Champion
CUST033676,34,6,2559.5299999999997,5,5,4,Champion
CUST033679,11,9,3485.91,5,5,5,Champion
CUST033681,702,1,130.86,1,2,1,Lost
CUST033683,490,1,2199.75,1,2,4,Lost
CUST033684,31,1,867.52,5,2,2,Needs Attention
CUST033685,116,4,4186.6900000000005,3,4,5,Loyal Customer
CUST033686,154,3,1267.8600000000001,3,4,3,Loyal Customer
CUST033688,202,1,13.32,3,2,1,Needs Attention
CUST033689,109,4,688.0,3,4,2,Loyal Customer
CUST033690,189,3,1885.01,3,4,4,Loyal Customer
CUST033691,66,7,5626.75,4,5,5,Champion
CUST033692,206,1,1202.23,2,2,3,Lost
CUST033693,74,4,1309.59,4,4,3,Loyal Customer
CUST033694,647,1,344.98,1,2,1,Lost
CUST033698,39,1,285.79,5,2,1,Needs Attention
CUST033699,760,1,608.22,1,2,2,Lost
CUST033700,734,1,523.54,1,2,2,Lost
CUST033702,129,1,2261.87,3,2,4,Needs Attention
CUST033703,199,1,291.26,3,2,1,Needs Attention
CUST033704,182,4,3084.0299999999997,3,4,5,Loyal Customer
CUST033705,252,1,428.2,2,2,1,Lost
CUST033706,100,3,1498.9299999999998,4,4,3,Loyal Customer
CUST033708,83,4,2546.7799999999997,4,4,4,Champion
CUST033709,395,2,1979.44,1,3,4,At Risk
CUST033711,92,19,13235.18,4,5,5,Champion
CUST033712,36,4,2069.0,5,4,4,Champion
CUST033713,6,24,13927.84,5,5,5,Champion
CUST033715,47,4,2385.58,4,4,4,Champion
CUST033716,221,2,1109.9099999999999,2,3,3,At Risk
CUST033717,195,3,1642.68,3,4,4,Loyal Customer
CUST033718,71,9,5534.9800000000005,4,5,5,Champion
CUST033722,307,2,1244.58,2,3,3,At Risk
CUST033723,401,1,123.95,1,2,1,Lost
CUST033724,141,1,615.25,3,2,2,Needs Attention
CUST033725,457,1,381.85,1,2,1,Lost
CUST033726,6,5,2642.62,5,5,4,Champion
CUST033727,59,5,1559.68,4,5,4,Champion
CUST033730,215,5,2602.54,2,5,4,At Risk
CUST033733,88,4,1684.88,4,4,4,Champion
CUST033735,374,3,1866.1599999999999,2,4,4,At Risk
CUST033736,453,1,237.22,1,2,1,Lost
CUST033737,595,2,673.26,1,3,2,At Risk
CUST033739,183,1,78.85,3,2,1,Needs Attention
CUST033740,181,4,4166.93,3,4,5,Loyal Customer
CUST033742,147,1,1109.79,3,2,3,Needs Attention
CUST033743,42,2,794.14,4,3,2,Loyal Customer
CUST033744,43,2,2126.11,4,3,4,Loyal Customer
CUST033745,126,3,1112.1,3,4,3,Loyal Customer
CUST033747,106,1,23.17,3,2,1,Needs Attention
CUST033748,150,1,247.0,3,2,1,Needs Attention
CUST033749,267,2,968.26,2,3,3,At Risk
CUST033750,542,1,1004.08,1,2,3,Lost
CUST033751,116,4,2223.92,3,4,4,Loyal Customer
CUST033752,21,4,895.45,5,4,3,Loyal Customer
CUST033753,71,7,2722.21,4,5,4,Champion
CUST033755,957,1,303.42,1,2,1,Lost
CUST033758,782,1,865.34,1,2,2,Lost
CUST033759,551,2,830.3900000000001,1,3,2,At Risk
CUST033760,141,1,466.39,3,2,2,Needs Attention
CUST033761,10,57,34883.55,5,5,5,Champion
CUST033765,162,2,1737.14,3,3,4,Loyal Customer
CUST033766,121,9,4099.29,3,5,5,Loyal Customer
CUST033767,284,3,3666.56,2,4,5,At Risk
CUST033769,3,15,4626.92,5,5,5,Champion
CUST033771,62,2,567.59,4,3,2,Loyal Customer
CUST033772,345,3,1058.17,2,4,3,At Risk
CUST033773,569,1,1149.17,1,2,3,Lost
CUST033774,144,6,3649.89,3,5,5,Loyal Customer
CUST033778,23,5,1893.72,5,5,4,Champion
CUST033780,421,1,812.6,1,2,2,Lost
CUST033781,590,1,829.16,1,2,2,Lost
CUST033782,120,2,793.68,3,3,2,Loyal Customer
CUST033786,111,1,244.76,3,2,1,Needs Attention
CUST033791,72,6,3521.18,4,5,5,Champion
CUST033792,431,1,51.25,1,2,1,Lost
CUST033793,102,2,527.66,3,3,2,Loyal Customer
CUST033795,10,21,10342.21,5,5,5,Champion
CUST033796,121,2,541.36,3,3,2,Loyal Customer
CUST033797,441,1,357.7,1,2,1,Lost
CUST033798,96,1,274.98,4,2,1,Needs Attention
CUST033800,188,4,2863.33,3,4,4,Loyal Customer
CUST033802,198,2,1554.05,3,3,3,Loyal Customer
CUST033803,348,2,748.6,2,3,2,At Risk
CUST033804,43,5,4471.59,4,5,5,Champion
CUST033805,6,2,1069.3899999999999,5,3,3,Loyal Customer
CUST033807,143,2,796.5300000000001,3,3,2,Loyal Customer
CUST033808,483,2,337.35,1,3,1,At Risk
CUST033809,437,1,1457.14,1,2,3,Lost
CUST033810,22,8,3358.56,5,5,5,Champion
CUST033811,19,3,1883.79,5,4,4,Champion
CUST033812,468,1,55.1,1,2,1,Lost
CUST033814,86,3,2127.85,4,4,4,Champion
CUST033815,184,7,2459.35,3,5,4,Loyal Customer
CUST033817,253,1,789.52,2,2,2,Lost
CUST033819,38,3,1372.28,5,4,3,Loyal Customer
CUST033820,130,4,2182.98,3,4,4,Loyal Customer
CUST033821,104,6,3177.95,3,5,5,Loyal Customer
CUST033822,48,1,110.62,4,2,1,Needs Attention
CUST033823,46,17,9229.74,4,5,5,Champion
CUST033824,175,2,694.71,3,3,2,Loyal Customer
CUST033825,179,1,145.57,3,2,1,Needs Attention
CUST033827,819,1,489.28,1,2,2,Lost
CUST033829,7,3,1592.8200000000002,5,4,4,Champion
CUST033830,169,3,1182.5900000000001,3,4,3,Loyal Customer
CUST033831,995,1,1059.91,1,2,3,Lost
CUST033832,242,3,1638.71,2,4,4,At Risk
CUST033833,5,49,29712.46,5,5,5,Champion
CUST033835,77,1,890.84,4,2,3,Needs Attention
CUST033836,2,3,1751.1599999999999,5,4,4,Champion
CUST033837,137,2,1051.4099999999999,3,3,3,Loyal Customer
CUST033839,28,2,636.95,5,3,2,Loyal Customer
CUST033840,760,2,1148.45,1,3,3,At Risk
CUST033841,3,19,7487.17,5,5,5,Champion
CUST033842,78,1,470.85,4,2,2,Needs Attention
CUST033843,107,2,604.28,3,3,2,Loyal Customer
CUST033844,110,3,2716.7,3,4,4,Loyal Customer
CUST033846,961,1,776.05,1,2,2,Lost
CUST033847,437,1,489.83,1,2,2,Lost
CUST033849,127,2,457.74,3,3,2,Loyal Customer
CUST033851,127,4,2699.8599999999997,3,4,4,Loyal Customer
CUST033854,32,1,357.13,5,2,1,Needs Attention
CUST033856,79,1,796.42,4,2,2,Needs Attention
CUST033859,84,6,4037.6499999999996,4,5,5,Champion
CUST033860,34,11,9220.56,5,5,5,Champion
CUST033861,461,1,672.3,1,2,2,Lost
CUST033865,21,26,11505.89,5,5,5,Champion
CUST033866,149,2,2029.69,3,3,4,Loyal Customer
CUST033867,149,1,226.07,3,2,1,Needs Attention
CUST033868,38,3,1305.69,5,4,3,Loyal Customer
CUST033869,556,3,1421.79,1,4,3,At Risk
CUST033875,132,6,2315.32,3,5,4,Loyal Customer
CUST033876,484,1,654.95,1,2,2,Lost
CUST033877,203,1,103.7,3,2,1,Needs Attention
CUST033878,69,10,7066.58,4,5,5,Champion
CUST033881,76,12,8047.03,4,5,5,Champion
CUST033883,781,1,1337.55,1,2,3,Lost
CUST033884,164,1,701.72,3,2,2,Needs Attention
CUST033885,47,9,3501.65,4,5,5,Champion
CUST033886,636,1,118.72,1,2,1,Lost
CUST033887,76,4,3321.05,4,4,5,Champion
CUST033888,367,4,2904.5299999999997,2,4,5,At Risk
CUST033890,183,7,3628.81,3,5,5,Loyal Customer
CUST033891,220,2,397.04,2,3,1,At Risk
CUST033893,3,6,4504.69,5,5,5,Champion
CUST033894,35,9,3192.2,5,5,5,Champion
CUST033896,7,14,9940.18,5,5,5,Champion
CUST033898,166,5,5778.719999999999,3,5,5,Loyal Customer
CUST033900,214,3,1645.01,2,4,4,At Risk
CUST033901,152,5,1653.63,3,5,4,Loyal Customer
CUST033902,226,2,788.27,2,3,2,At Risk
CUST033903,820,2,700.85,1,3,2,At Risk
CUST033905,601,2,673.8,1,3,2,At Risk
CUST033908,35,1,483.27,5,2,2,Needs Attention
CUST033911,49,2,912.77,4,3,3,Loyal Customer
CUST033912,414,4,1374.92,1,4,3,At Risk
CUST033913,149,3,867.79,3,4,2,Loyal Customer
CUST033915,3,2,1002.6,5,3,3,Loyal Customer
CUST033916,80,1,108.51,4,2,1,Needs Attention
CUST033918,166,4,897.65,3,4,3,Loyal Customer
CUST033920,1,6,3741.75,5,5,5,Champion
CUST033921,105,13,7014.59,3,5,5,Loyal Customer
CUST033922,463,3,1873.23,1,4,4,At Risk
CUST033925,152,4,2830.88,3,4,4,Loyal Customer
CUST033928,58,2,3122.3599999999997,4,3,5,Loyal Customer
CUST033929,93,3,1130.91,4,4,3,Loyal Customer
CUST033931,33,15,8410.21,5,5,5,Champion
CUST033932,635,1,322.58,1,2,1,Lost
CUST033933,295,2,478.85,2,3,2,At Risk
CUST033935,302,3,834.1400000000001,2,4,2,At Risk
CUST033936,146,1,326.03,3,2,1,Needs Attention
CUST033937,33,3,679.01,5,4,2,Loyal Customer
CUST033939,85,3,1159.96,4,4,3,Loyal Customer
CUST033941,571,1,645.1,1,2,2,Lost
CUST033942,6,2,918.27,5,3,3,Loyal Customer
CUST033944,182,1,394.01,3,2,1,Needs Attention
CUST033945,140,2,679.8299999999999,3,3,2,Loyal Customer
CUST033946,647,1,261.12,1,2,1,Lost
CUST033952,36,4,1387.55,5,4,3,Loyal Customer
CUST033954,82,9,4592.08,4,5,5,Champion
CUST033955,154,4,3765.15,3,4,5,Loyal Customer
CUST033956,269,2,781.43,2,3,2,At Risk
CUST033957,7,3,2184.4,5,4,4,Champion
CUST033958,304,3,1056.8000000000002,2,4,3,At Risk
CUST033961,213,2,599.58,2,3,2,At Risk
CUST033963,82,1,369.86,4,2,1,Needs Attention
CUST033964,378,1,119.85,2,2,1,Lost
CUST033966,295,1,118.61,2,2,1,Lost
CUST033968,168,3,989.1299999999999,3,4,3,Loyal Customer
CUST033970,72,1,296.2,4,2,1,Needs Attention
CUST033973,40,4,1840.69,4,4,4,Champion
CUST033976,369,2,799.3,2,3,2,At Risk
CUST033977,165,1,158.87,3,2,1,Needs Attention
CUST033978,135,2,585.99,3,3,2,Loyal Customer
CUST033979,533,1,700.88,1,2,2,Lost
CUST033981,31,16,10645.54,5,5,5,Champion
CUST033982,225,1,767.31,2,2,2,Lost
CUST033983,549,1,431.48,1,2,1,Lost
CUST033984,392,4,2791.12,1,4,4,At Risk
CUST033985,390,1,242.8,2,2,1,Lost
CUST033988,103,1,508.55,3,2,2,Needs Attention
CUST033989,60,5,1687.65,4,5,4,Champion
CUST033992,11,7,3875.3199999999997,5,5,5,Champion
CUST033994,656,2,489.91,1,3,2,At Risk
CUST033995,44,2,485.84999999999997,4,3,2,Loyal Customer
CUST033999,218,3,1119.98,2,4,3,At Risk
CUST034000,62,4,2679.63,4,4,4,Champion
CUST034002,301,1,74.45,2,2,1,Lost
CUST034009,23,7,6063.3,5,5,5,Champion
CUST034011,120,4,1184.8,3,4,3,Loyal Customer
CUST034012,15,2,776.69,5,3,2,Loyal Customer
CUST034013,601,1,99.93,1,2,1,Lost
CUST034015,867,1,1000.8,1,2,3,Lost
CUST034018,580,1,201.08,1,2,1,Lost
CUST034019,25,3,1210.79,5,4,3,Loyal Customer
CUST034020,90,6,4863.75,4,5,5,Champion
CUST034021,250,2,197.51,2,3,1,At Risk
CUST034024,14,18,10084.01,5,5,5,Champion
CUST034025,118,1,252.44,3,2,1,Needs Attention
CUST034028,56,1,307.75,4,2,1,Needs Attention
CUST034031,226,4,1810.06,2,4,4,At Risk
CUST034032,187,1,542.74,3,2,2,Needs Attention
CUST034035,17,3,1283.99,5,4,3,Loyal Customer
CUST034036,143,2,293.1,3,3,1,Loyal Customer
CUST034037,26,1,100.49,5,2,1,Needs Attention
CUST034040,11,12,7973.95,5,5,5,Champion
CUST034041,2,3,1571.8600000000001,5,4,4,Champion
CUST034042,407,3,1285.76,1,4,3,At Risk
CUST034045,253,2,617.66,2,3,2,At Risk
CUST034047,88,4,2353.74,4,4,4,Champion
CUST034048,54,2,687.17,4,3,2,Loyal Customer
CUST034049,176,2,889.5699999999999,3,3,3,Loyal Customer
CUST034050,63,2,713.73,4,3,2,Loyal Customer
CUST034051,49,10,5664.81,4,5,5,Champion
CUST034052,117,2,971.3,3,3,3,Loyal Customer
CUST034054,84,5,2535.54,4,5,4,Champion
CUST034055,422,1,357.32,1,2,1,Lost
CUST034057,62,2,1307.53,4,3,3,Loyal Customer
CUST034058,114,7,3243.51,3,5,5,Loyal Customer
CUST034059,94,3,734.75,4,4,2,Loyal Customer
CUST034062,104,2,919.39,3,3,3,Loyal Customer
CUST034063,288,1,645.52,2,2,2,Lost
CUST034064,467,1,203.88,1,2,1,Lost
CUST034069,76,3,2178.6400000000003,4,4,4,Champion
CUST034070,13,3,1291.12,5,4,3,Loyal Customer
CUST034071,769,1,275.36,1,2,1,Lost
CUST034072,1,43,22220.26,5,5,5,Champion
CUST034073,168,1,1473.7,3,2,3,Needs Attention
CUST034074,235,1,173.22,2,2,1,Lost
CUST034075,126,1,599.56,3,2,2,Needs Attention
CUST034076,4,3,2411.8599999999997,5,4,4,Champion
CUST034077,38,4,1577.28,5,4,4,Champion
CUST034078,191,2,101.12,3,3,1,Loyal Customer
CUST034079,76,1,483.37,4,2,2,Needs Attention
CUST034080,160,3,3567.26,3,4,5,Loyal Customer
CUST034081,754,1,455.73,1,2,2,Lost
CUST034082,119,5,3404.0699999999997,3,5,5,Loyal Customer
CUST034085,153,9,5700.92,3,5,5,Loyal Customer
CUST034086,60,1,812.67,4,2,2,Needs Attention
CUST034087,131,2,653.8399999999999,3,3,2,Loyal Customer
CUST034088,198,2,553.21,3,3,2,Loyal Customer
CUST034089,241,3,2107.66,2,4,4,At Risk
CUST034090,279,2,1094.72,2,3,3,At Risk
CUST034092,255,1,18.74,2,2,1,Lost
CUST034094,134,7,6553.29,3,5,5,Loyal Customer
CUST034095,171,8,2635.27,3,5,4,Loyal Customer
CUST034096,2,43,29995.91,5,5,5,Champion
CUST034098,19,3,2948.47,5,4,5,Champion
CUST034099,7,1,560.02,5,2,2,Needs Attention
CUST034100,396,2,2098.17,1,3,4,At Risk
CUST034101,31,4,1251.04,5,4,3,Loyal Customer
CUST034102,230,3,2703.7,2,4,4,At Risk
CUST034104,34,11,5230.42,5,5,5,Champion
CUST034105,807,1,677.84,1,2,2,Lost
CUST034106,26,2,1866.8200000000002,5,3,4,Loyal Customer
CUST034107,151,1,120.74,3,2,1,Needs Attention
CUST034109,36,5,2087.04,5,5,4,Champion
CUST034110,236,3,3379.2400000000002,2,4,5,At Risk
CUST034113,48,5,3093.35,4,5,5,Champion
CUST034114,177,3,2337.68,3,4,4,Loyal Customer
CUST034115,8,16,10442.24,5,5,5,Champion
CUST034116,122,1,791.16,3,2,2,Needs Attention
CUST034117,677,1,85.81,1,2,1,Lost
CUST034118,507,3,2189.33,1,4,4,At Risk
CUST034119,355,3,1887.29,2,4,4,At Risk
CUST034120,22,3,719.27,5,4,2,Loyal Customer
CUST034122,247,3,1173.44,2,4,3,At Risk
CUST034124,375,3,2309.98,2,4,4,At Risk
CUST034127,64,3,1256.77,4,4,3,Loyal Customer
CUST034128,219,2,1994.9,2,3,4,At Risk
CUST034130,455,3,551.86,1,4,2,At Risk
CUST034131,284,2,456.26,2,3,2,At Risk
CUST034132,421,1,934.94,1,2,3,Lost
CUST034135,422,1,275.36,1,2,1,Lost
CUST034136,162,1,917.16,3,2,3,Needs Attention
CUST034137,26,2,1107.26,5,3,3,Loyal Customer
CUST034138,352,3,597.3199999999999,2,4,2,At Risk
CUST034140,272,4,3504.98,2,4,5,At Risk
CUST034141,140,3,726.24,3,4,2,Loyal Customer
CUST034142,511,2,819.82,1,3,2,At Risk
CUST034143,104,1,187.87,3,2,1,Needs Attention
CUST034145,44,2,399.45,4,3,1,Loyal Customer
CUST034146,158,4,3363.9300000000003,3,4,5,Loyal Customer
CUST034147,367,2,3029.81,2,3,5,At Risk
CUST034148,9,1,959.44,5,2,3,Needs Attention
CUST034149,530,1,1590.76,1,2,4,Lost
CUST034150,17,8,5767.66,5,5,5,Champion
CUST034151,1,6,4211.36,5,5,5,Champion
CUST034152,13,3,1287.89,5,4,3,Loyal Customer
CUST034154,56,12,5436.58,4,5,5,Champion
CUST034155,181,1,289.04,3,2,1,Needs Attention
CUST034156,24,1,1082.64,5,2,3,Needs Attention
CUST034158,173,2,1907.9899999999998,3,3,4,Loyal Customer
CUST034159,185,2,674.67,3,3,2,Loyal Customer
CUST034160,474,1,165.15,1,2,1,Lost
CUST034162,136,2,1764.6399999999999,3,3,4,Loyal Customer
CUST034163,374,2,1510.18,2,3,3,At Risk
CUST034165,153,2,1015.96,3,3,3,Loyal Customer
CUST034167,421,2,2349.65,1,3,4,At Risk
CUST034169,46,11,8269.25,4,5,5,Champion
CUST034171,103,3,1688.8999999999999,3,4,4,Loyal Customer
CUST034173,311,2,1183.08,2,3,3,At Risk
CUST034175,36,35,19899.67,5,5,5,Champion
CUST034176,926,1,415.07,1,2,1,Lost
CUST034177,307,2,1119.8700000000001,2,3,3,At Risk
CUST034178,289,1,83.33,2,2,1,Lost
CUST034179,105,3,1170.64,3,4,3,Loyal Customer
CUST034180,626,1,149.35,1,2,1,Lost
CUST034182,59,3,2887.17,4,4,4,Champion
CUST034183,29,10,5526.93,5,5,5,Champion
CUST034184,38,5,2510.65,5,5,4,Champion
CUST034185,285,2,928.28,2,3,3,At Risk
CUST034188,169,1,706.25,3,2,2,Needs Attention
CUST034192,247,1,492.23,2,2,2,Lost
CUST034194,621,2,950.62,1,3,3,At Risk
CUST034195,17,27,13627.03,5,5,5,Champion
CUST034196,266,2,2528.1,2,3,4,At Risk
CUST034197,7,1,1066.06,5,2,3,Needs Attention
CUST034198,162,1,542.17,3,2,2,Needs Attention
CUST034199,53,2,1828.1,4,3,4,Loyal Customer
CUST034200,259,1,703.43,2,2,2,Lost
CUST034201,648,1,882.61,1,2,3,Lost
CUST034202,3,23,12525.91,5,5,5,Champion
CUST034203,176,3,1042.6100000000001,3,4,3,Loyal Customer
CUST034204,36,23,10574.96,5,5,5,Champion
CUST034205,660,1,243.13,1,2,1,Lost
CUST034206,682,1,1084.88,1,2,3,Lost
CUST034209,104,9,3154.08,3,5,5,Loyal Customer
CUST034210,257,2,492.29,2,3,2,At Risk
CUST034211,345,1,655.74,2,2,2,Lost
CUST034212,900,1,666.57,1,2,2,Lost
CUST034214,18,7,7905.8099999999995,5,5,5,Champion
CUST034215,226,1,48.23,2,2,1,Lost
CUST034216,293,3,2508.38,2,4,4,At Risk
CUST034217,57,10,4445.04,4,5,5,Champion
CUST034220,111,7,4328.25,3,5,5,Loyal Customer
CUST034221,416,2,2113.21,1,3,4,At Risk
CUST034222,181,2,785.6600000000001,3,3,2,Loyal Customer
CUST034223,113,1,503.85,3,2,2,Needs Attention
CUST034224,601,1,1047.11,1,2,3,Lost
CUST034225,108,4,3685.73,3,4,5,Loyal Customer
CUST034226,445,1,1283.56,1,2,3,Lost
CUST034228,340,2,463.98,2,3,2,At Risk
CUST034229,176,7,1825.24,3,5,4,Loyal Customer
CUST034230,775,1,291.25,1,2,1,Lost
CUST034231,15,19,10114.61,5,5,5,Champion
CUST034232,348,1,558.63,2,2,2,Lost
CUST034233,855,1,1229.58,1,2,3,Lost
CUST034236,184,5,1500.78,3,5,3,Loyal Customer
CUST034237,369,1,68.88,2,2,1,Lost
CUST034238,22,8,3866.28,5,5,5,Champion
CUST034239,56,1,807.3,4,2,2,Needs Attention
CUST034240,514,1,512.29,1,2,2,Lost
CUST034241,11,3,1585.74,5,4,4,Champion
CUST034243,95,10,5367.26,4,5,5,Champion
CUST034244,56,3,940.88,4,4,3,Loyal Customer
CUST034245,82,2,218.19,4,3,1,Loyal Customer
CUST034249,263,3,1956.46,2,4,4,At Risk
CUST034250,64,2,479.91999999999996,4,3,2,Loyal Customer
CUST034251,295,1,501.76,2,2,2,Lost
CUST034253,422,1,394.87,1,2,1,Lost
CUST034257,574,1,1040.27,1,2,3,Lost
CUST034259,10,13,6340.43,5,5,5,Champion
CUST034260,236,2,729.12,2,3,2,At Risk
CUST034261,306,3,1404.8600000000001,2,4,3,At Risk
CUST034262,369,3,1177.03,2,4,3,At Risk
CUST034264,112,1,389.85,3,2,1,Needs Attention
CUST034265,284,1,431.11,2,2,1,Lost
CUST034266,276,1,1231.69,2,2,3,Lost
CUST034267,197,1,199.84,3,2,1,Needs Attention
CUST034268,963,1,1723.96,1,2,4,Lost
CUST034270,170,1,126.03,3,2,1,Needs Attention
CUST034271,98,1,274.98,4,2,1,Needs Attention
CUST034273,319,3,1555.42,2,4,3,At Risk
CUST034274,305,2,900.1400000000001,2,3,3,At Risk
CUST034276,195,7,2843.46,3,5,4,Loyal Customer
CUST034280,216,1,698.19,2,2,2,Lost
CUST034281,499,2,2596.43,1,3,4,At Risk
CUST034282,333,1,130.42,2,2,1,Lost
CUST034283,19,7,2779.48,5,5,4,Champion
CUST034284,165,3,729.3299999999999,3,4,2,Loyal Customer
CUST034286,323,4,2143.3,2,4,4,At Risk
CUST034287,538,1,788.3,1,2,2,Lost
CUST034288,857,1,853.05,1,2,2,Lost
CUST034290,3,4,1906.84,5,4,4,Champion
CUST034292,50,4,1697.8000000000002,4,4,4,Champion
CUST034294,79,2,198.94,4,3,1,Loyal Customer
CUST034295,204,4,1058.89,2,4,3,At Risk
CUST034296,959,1,756.58,1,2,2,Lost
CUST034297,565,1,776.21,1,2,2,Lost
CUST034298,72,2,1107.29,4,3,3,Loyal Customer
CUST034300,114,3,537.81,3,4,2,Loyal Customer
CUST034301,32,14,9151.47,5,5,5,Champion
CUST034302,207,2,2270.24,2,3,4,At Risk
CUST034303,311,1,245.72,2,2,1,Lost
CUST034305,644,1,873.21,1,2,3,Lost
CUST034306,32,3,1389.43,5,4,3,Loyal Customer
CUST034308,204,1,1211.49,2,2,3,Lost
CUST034309,391,1,628.1,2,2,2,Lost
CUST034311,37,1,567.83,5,2,2,Needs Attention
CUST034312,853,1,471.4,1,2,2,Lost
CUST034313,134,3,2211.04,3,4,4,Loyal Customer
CUST034314,245,1,148.36,2,2,1,Lost
CUST034315,313,2,1387.29,2,3,3,At Risk
CUST034316,32,3,2115.0099999999998,5,4,4,Champion
CUST034318,53,2,631.2,4,3,2,Loyal Customer
CUST034319,99,5,2692.57,4,5,4,Champion
CUST034321,26,19,14543.45,5,5,5,Champion
CUST034322,612,1,930.46,1,2,3,Lost
CUST034323,243,1,208.7,2,2,1,Lost
CUST034324,1,2,390.03,5,3,1,Loyal Customer
CUST034325,48,1,396.63,4,2,1,Needs Attention
CUST034326,226,1,112.93,2,2,1,Lost
CUST034327,309,1,594.78,2,2,2,Lost
CUST034328,234,1,316.56,2,2,1,Lost
CUST034331,146,2,976.78,3,3,3,Loyal Customer
CUST034333,170,4,2603.96,3,4,4,Loyal Customer
CUST034334,58,9,5265.77,4,5,5,Champion
CUST034336,730,1,569.16,1,2,2,Lost
CUST034338,38,3,984.03,5,4,3,Loyal Customer
CUST034339,10,9,6491.32,5,5,5,Champion
CUST034340,175,3,3741.4300000000003,3,4,5,Loyal Customer
CUST034341,6,4,1361.27,5,4,3,Loyal Customer
CUST034342,388,3,1449.1100000000001,2,4,3,At Risk
CUST034343,84,3,822.4300000000001,4,4,2,Loyal Customer
CUST034345,401,1,477.62,1,2,2,Lost
CUST034346,109,2,2624.13,3,3,4,Loyal Customer
CUST034347,9,6,4654.84,5,5,5,Champion
CUST034348,332,1,212.27,2,2,1,Lost
CUST034349,100,2,1400.39,4,3,3,Loyal Customer
CUST034351,53,4,2431.8599999999997,4,4,4,Champion
CUST034353,13,16,9975.58,5,5,5,Champion
CUST034354,550,1,914.74,1,2,3,Lost
CUST034356,533,1,1211.75,1,2,3,Lost
CUST034358,283,1,350.79,2,2,1,Lost
CUST034359,196,3,2471.75,3,4,4,Loyal Customer
CUST034360,64,4,1868.29,4,4,4,Champion
CUST034361,36,9,6306.83,5,5,5,Champion
CUST034363,6,15,6532.51,5,5,5,Champion
CUST034364,153,1,822.78,3,2,2,Needs Attention
CUST034365,86,5,3699.0699999999997,4,5,5,Champion
CUST034367,135,3,1677.5900000000001,3,4,4,Loyal Customer
CUST034368,420,1,307.14,1,2,1,Lost
CUST034369,210,3,1276.34,2,4,3,At Risk
CUST034370,456,2,650.17,1,3,2,At Risk
CUST034372,182,3,2232.98,3,4,4,Loyal Customer
CUST034373,88,5,1639.8,4,5,4,Champion
CUST034375,125,2,1219.7,3,3,3,Loyal Customer
CUST034377,45,2,554.63,4,3,2,Loyal Customer
CUST034383,6,6,1723.78,5,5,4,Champion
CUST034384,7,5,2116.99,5,5,4,Champion
CUST034385,38,4,2775.08,5,4,4,Champion
CUST034386,185,2,2008.4900000000002,3,3,4,Loyal Customer
CUST034389,67,3,1517.6999999999998,4,4,3,Loyal Customer
CUST034390,59,5,3186.86,4,5,5,Champion
CUST034392,505,4,2008.05,1,4,4,At Risk
CUST034393,227,1,914.4,2,2,3,Lost
CUST034394,523,1,487.31,1,2,2,Lost
CUST034398,109,1,1148.49,3,2,3,Needs Attention
CUST034399,234,4,1172.71,2,4,3,At Risk
CUST034400,100,9,4261.08,4,5,5,Champion
CUST034402,129,5,1895.88,3,5,4,Loyal Customer
CUST034403,233,4,3506.4399999999996,2,4,5,At Risk
CUST034404,202,3,3403.06,3,4,5,Loyal Customer
CUST034405,118,9,4565.05,3,5,5,Loyal Customer
CUST034406,472,2,1155.9,1,3,3,At Risk
CUST034408,3,1,852.39,5,2,2,Needs Attention
CUST034409,273,4,4830.910000000001,2,4,5,At Risk
CUST034410,114,4,1641.1599999999999,3,4,4,Loyal Customer
CUST034411,36,5,2197.54,5,5,4,Champion
CUST034413,324,1,808.57,2,2,2,Lost
CUST034414,362,1,585.03,2,2,2,Lost
CUST034416,128,2,532.93,3,3,2,Loyal Customer
CUST034417,32,3,1581.67,5,4,4,Champion
CUST034418,56,4,2691.25,4,4,4,Champion
CUST034420,393,1,2112.36,1,2,4,Lost
CUST034421,321,1,402.06,2,2,1,Lost
CUST034422,385,1,889.39,2,2,3,Lost
CUST034423,269,3,2016.06,2,4,4,At Risk
CUST034424,658,1,174.73,1,2,1,Lost
CUST034425,357,2,1177.4,2,3,3,At Risk
CUST034426,624,1,312.92,1,2,1,Lost
CUST034429,5,6,3110.37,5,5,5,Champion
CUST034430,669,1,525.05,1,2,2,Lost
CUST034431,17,2,571.77,5,3,2,Loyal Customer
CUST034432,211,5,3794.85,2,5,5,At Risk
CUST034433,23,5,3922.3199999999997,5,5,5,Champion
CUST034435,58,4,1508.57,4,4,3,Loyal Customer
CUST034436,353,2,138.04,2,3,1,At Risk
CUST034438,858,1,798.53,1,2,2,Lost
CUST034439,56,7,6127.849999999999,4,5,5,Champion
CUST034441,41,8,5232.47,4,5,5,Champion
CUST034443,157,1,18.65,3,2,1,Needs Attention
CUST034444,686,1,275.88,1,2,1,Lost
CUST034445,185,2,1160.66,3,3,3,Loyal Customer
CUST034449,212,3,1829.04,2,4,4,At Risk
CUST034451,171,1,265.39,3,2,1,Needs Attention
CUST034452,160,3,2617.17,3,4,4,Loyal Customer
CUST034454,23,2,617.46,5,3,2,Loyal Customer
CUST034455,440,1,241.76,1,2,1,Lost
CUST034457,108,7,3147.01,3,5,5,Loyal Customer
CUST034459,300,3,952.22,2,4,3,At Risk
CUST034460,9,9,4630.08,5,5,5,Champion
CUST034462,178,2,996.34,3,3,3,Loyal Customer
CUST034463,136,3,1324.97,3,4,3,Loyal Customer
CUST034464,358,1,1200.64,2,2,3,Lost
CUST034465,92,1,300.93,4,2,1,Needs Attention
CUST034467,291,3,1104.3,2,4,3,At Risk
CUST034470,281,3,2659.79,2,4,4,At Risk
CUST034471,362,1,1764.33,2,2,4,Lost
CUST034472,251,3,833.38,2,4,2,At Risk
CUST034473,477,2,560.95,1,3,2,At Risk
CUST034474,38,3,1641.46,5,4,4,Champion
CUST034475,153,1,233.4,3,2,1,Needs Attention
CUST034479,265,1,294.82,2,2,1,Lost
CUST034481,584,1,3081.95,1,2,5,Lost
CUST034482,706,1,383.52,1,2,1,Lost
CUST034485,97,3,1338.24,4,4,3,Loyal Customer
CUST034488,172,5,2323.84,3,5,4,Loyal Customer
CUST034490,296,3,2872.0299999999997,2,4,4,At Risk
CUST034492,138,2,1587.1,3,3,4,Loyal Customer
CUST034493,466,1,1266.16,1,2,3,Lost
CUST034496,39,26,14115.9,5,5,5,Champion
CUST034499,383,1,457.04,2,2,2,Lost
CUST034500,540,1,122.51,1,2,1,Lost
CUST034503,19,4,1573.31,5,4,4,Champion
CUST034505,79,1,1089.85,4,2,3,Needs Attention
CUST034506,61,10,6495.81,4,5,5,Champion
CUST034507,139,4,2659.71,3,4,4,Loyal Customer
CUST034508,94,2,2658.7599999999998,4,3,4,Loyal Customer
CUST034509,184,3,3216.49,3,4,5,Loyal Customer
CUST034510,307,1,1007.52,2,2,3,Lost
CUST034511,204,2,739.74,2,3,2,At Risk
CUST034512,45,4,2819.88,4,4,4,Champion
CUST034513,672,2,818.9599999999999,1,3,2,At Risk
CUST034514,56,4,3111.63,4,4,5,Champion
CUST034516,2,3,4020.54,5,4,5,Champion
CUST034518,53,2,2689.62,4,3,4,Loyal Customer
CUST034519,554,1,31.02,1,2,1,Lost
CUST034521,597,3,2960.71,1,4,5,At Risk
CUST034523,21,8,5549.37,5,5,5,Champion
CUST034525,403,2,1679.77,1,3,4,At Risk
CUST034526,67,1,1275.25,4,2,3,Needs Attention
CUST034527,130,2,557.1400000000001,3,3,2,Loyal Customer
CUST034528,78,3,1073.5700000000002,4,4,3,Loyal Customer
CUST034529,514,1,271.97,1,2,1,Lost
CUST034530,154,2,352.20000000000005,3,3,1,Loyal Customer
CUST034531,985,1,283.32,1,2,1,Lost
CUST034533,112,2,1396.1100000000001,3,3,3,Loyal Customer
CUST034534,132,3,2939.23,3,4,5,Loyal Customer
CUST034535,95,4,2579.34,4,4,4,Champion
CUST034536,182,4,1939.72,3,4,4,Loyal Customer
CUST034537,42,2,1168.8700000000001,4,3,3,Loyal Customer
CUST034538,298,1,386.21,2,2,1,Lost
CUST034539,64,2,1286.3200000000002,4,3,3,Loyal Customer
CUST034540,550,1,265.84,1,2,1,Lost
CUST034541,10,2,932.52,5,3,3,Loyal Customer
CUST034542,37,3,1982.6000000000001,5,4,4,Champion
CUST034543,43,10,5624.53,4,5,5,Champion
CUST034547,472,1,947.12,1,2,3,Lost
CUST034548,67,4,2450.57,4,4,4,Champion
CUST034549,14,1,99.36,5,2,1,Needs Attention
CUST034550,68,2,1104.89,4,3,3,Loyal Customer
CUST034551,2,3,1309.6599999999999,5,4,3,Loyal Customer
CUST034552,28,5,2117.59,5,5,4,Champion
CUST034553,120,1,720.82,3,2,2,Needs Attention
CUST034554,422,2,779.89,1,3,2,At Risk
CUST034558,564,1,166.52,1,2,1,Lost
CUST034561,334,1,1018.64,2,2,3,Lost
CUST034562,48,5,3209.48,4,5,5,Champion
CUST034563,445,2,1822.03,1,3,4,At Risk
CUST034564,43,3,1639.52,4,4,4,Champion
CUST034565,411,2,1121.95,1,3,3,At Risk
CUST034567,345,3,1182.62,2,4,3,At Risk
CUST034571,387,1,225.93,2,2,1,Lost
CUST034572,378,2,453.28000000000003,2,3,2,At Risk
CUST034573,117,7,3400.4500000000003,3,5,5,Loyal Customer
CUST034575,34,5,4699.99,5,5,5,Champion
CUST034576,216,6,3347.73,2,5,5,At Risk
CUST034577,7,4,1037.21,5,4,3,Loyal Customer
CUST034579,216,3,2631.9700000000003,2,4,4,At Risk
CUST034580,241,8,3792.62,2,5,5,At Risk
CUST034581,376,3,1377.8,2,4,3,At Risk
CUST034583,29,3,1442.29,5,4,3,Loyal Customer
CUST034584,204,3,2193.6400000000003,2,4,4,At Risk
CUST034585,4,40,21259.6,5,5,5,Champion
CUST034586,349,1,80.47,2,2,1,Lost
CUST034587,225,2,548.83,2,3,2,At Risk
CUST034588,106,2,1231.8400000000001,3,3,3,Loyal Customer
CUST034590,193,6,4238.54,3,5,5,Loyal Customer
CUST034591,13,40,24372.69,5,5,5,Champion
CUST034593,435,2,901.1600000000001,1,3,3,At Risk
CUST034594,161,1,609.44,3,2,2,Needs Attention
CUST034595,128,1,350.79,3,2,1,Needs Attention
CUST034597,27,4,1797.28,5,4,4,Champion
CUST034598,67,5,3420.31,4,5,5,Champion
CUST034600,782,2,859.16,1,3,2,At Risk
CUST034601,256,1,61.51,2,2,1,Lost
CUST034603,392,1,1110.04,1,2,3,Lost
CUST034605,68,7,3808.2799999999997,4,5,5,Champion
CUST034606,22,2,706.91,5,3,2,Loyal Customer
CUST034607,16,1,797.64,5,2,2,Needs Attention
CUST034608,234,2,1029.27,2,3,3,At Risk
CUST034609,969,1,300.93,1,2,1,Lost
CUST034610,215,2,1199.5900000000001,2,3,3,At Risk
CUST034613,76,3,1708.78,4,4,4,Champion
CUST034614,57,2,1230.03,4,3,3,Loyal Customer
CUST034615,34,10,5308.07,5,5,5,Champion
CUST034616,72,2,1060.45,4,3,3,Loyal Customer
CUST034617,107,6,4713.84,3,5,5,Loyal Customer
CUST034618,499,2,704.2,1,3,2,At Risk
CUST034619,271,1,97.98,2,2,1,Lost
CUST034621,90,5,3288.53,4,5,5,Champion
CUST034622,101,5,3117.98,4,5,5,Champion
CUST034624,792,1,315.24,1,2,1,Lost
CUST034626,871,1,631.35,1,2,2,Lost
CUST034627,4,2,1030.48,5,3,3,Loyal Customer
CUST034629,238,1,405.72,2,2,1,Lost
CUST034630,123,6,2657.58,3,5,4,Loyal Customer
CUST034631,452,2,943.55,1,3,3,At Risk
CUST034632,679,1,560.55,1,2,2,Lost
CUST034634,20,6,3931.2200000000003,5,5,5,Champion
CUST034635,176,2,239.04,3,3,1,Loyal Customer
CUST034636,44,2,1368.6200000000001,4,3,3,Loyal Customer
CUST034637,10,2,434.88,5,3,1,Loyal Customer
CUST034638,366,2,452.2,2,3,2,At Risk
CUST034639,2,2,776.25,5,3,2,Loyal Customer
CUST034641,63,1,74.91,4,2,1,Needs Attention
CUST034642,91,2,2513.79,4,3,4,Loyal Customer
CUST034643,422,1,1175.89,1,2,3,Lost
CUST034645,390,5,2551.18,2,5,4,At Risk
CUST034648,261,2,1043.35,2,3,3,At Risk
CUST034649,41,2,1747.81,4,3,4,Loyal Customer
CUST034650,85,5,2513.1800000000003,4,5,4,Champion
CUST034652,252,2,1026.0,2,3,3,At Risk
CUST034653,270,1,136.77,2,2,1,Lost
CUST034656,513,2,648.5799999999999,1,3,2,At Risk
CUST034660,422,4,1094.3799999999999,1,4,3,At Risk
CUST034663,272,5,1869.03,2,5,4,At Risk
CUST034669,86,2,2088.56,4,3,4,Loyal Customer
CUST034671,3,63,33867.47,5,5,5,Champion
CUST034672,751,1,535.12,1,2,2,Lost
CUST034673,84,4,1221.27,4,4,3,Loyal Customer
CUST034675,72,7,5087.55,4,5,5,Champion
CUST034676,121,4,1738.54,3,4,4,Loyal Customer
CUST034677,54,11,6573.91,4,5,5,Champion
CUST034678,142,4,1809.2599999999998,3,4,4,Loyal Customer
CUST034680,25,3,1104.5700000000002,5,4,3,Loyal Customer
CUST034681,216,3,1428.1100000000001,2,4,3,At Risk
CUST034683,394,2,302.48,1,3,1,At Risk
CUST034684,115,1,1126.24,3,2,3,Needs Attention
CUST034685,14,2,646.91,5,3,2,Loyal Customer
CUST034687,41,5,2645.16,4,5,4,Champion
CUST034690,135,2,1004.59,3,3,3,Loyal Customer
CUST034692,84,2,762.99,4,3,2,Loyal Customer
CUST034693,386,2,2201.8599999999997,2,3,4,At Risk
CUST034694,50,1,19.19,4,2,1,Needs Attention
CUST034697,118,1,294.82,3,2,1,Needs Attention
CUST034698,591,3,1045.03,1,4,3,At Risk
CUST034699,55,1,963.6,4,2,3,Needs Attention
CUST034703,26,17,9538.2,5,5,5,Champion
CUST034704,197,1,308.24,3,2,1,Needs Attention
CUST034706,174,1,114.66,3,2,1,Needs Attention
CUST034707,238,1,84.0,2,2,1,Lost
CUST034708,3,3,2606.58,5,4,4,Champion
CUST034710,115,3,1692.06,3,4,4,Loyal Customer
CUST034711,220,3,1268.87,2,4,3,At Risk
CUST034714,62,3,1718.04,4,4,4,Champion
CUST034716,916,1,241.34,1,2,1,Lost
CUST034717,73,5,2475.33,4,5,4,Champion
CUST034718,315,1,328.32,2,2,1,Lost
CUST034719,132,3,438.58000000000004,3,4,2,Loyal Customer
CUST034721,60,3,2611.79,4,4,4,Champion
CUST034722,163,2,735.22,3,3,2,Loyal Customer
CUST034724,222,2,767.5899999999999,2,3,2,At Risk
CUST034725,447,2,783.72,1,3,2,At Risk
CUST034726,50,4,943.23,4,4,3,Loyal Customer
CUST034728,272,1,220.45,2,2,1,Lost
CUST034729,47,3,1907.85,4,4,4,Champion
CUST034731,291,1,1632.22,2,2,4,Lost
CUST034733,44,1,346.04,4,2,1,Needs Attention
CUST034734,53,3,884.97,4,4,3,Loyal Customer
CUST034736,97,2,1199.0500000000002,4,3,3,Loyal Customer
CUST034737,275,3,2384.87,2,4,4,At Risk
CUST034738,276,1,439.5,2,2,2,Lost
CUST034739,872,1,2116.84,1,2,4,Lost
CUST034741,97,4,4053.49,4,4,5,Champion
CUST034745,235,4,2496.5499999999997,2,4,4,At Risk
CUST034747,78,5,1662.0900000000001,4,5,4,Champion
CUST034748,413,1,445.19,1,2,2,Lost
CUST034749,33,1,414.69,5,2,1,Needs Attention
CUST034751,114,3,1369.56,3,4,3,Loyal Customer
CUST034752,60,9,6842.88,4,5,5,Champion
CUST034754,84,2,836.11,4,3,2,Loyal Customer
CUST034756,175,1,513.67,3,2,2,Needs Attention
CUST034757,10,3,1736.51,5,4,4,Champion
CUST034759,958,1,803.3,1,2,2,Lost
CUST034760,161,3,2917.5699999999997,3,4,5,Loyal Customer
CUST034762,96,3,2691.27,4,4,4,Champion
CUST034766,155,3,1467.37,3,4,3,Loyal Customer
CUST034767,326,1,914.61,2,2,3,Lost
CUST034768,737,1,173.51,1,2,1,Lost
CUST034769,427,2,659.0899999999999,1,3,2,At Risk
CUST034771,155,4,1350.13,3,4,3,Loyal Customer
CUST034772,2,11,4571.18,5,5,5,Champion
CUST034773,465,1,109.24,1,2,1,Lost
CUST034774,22,3,3178.13,5,4,5,Champion
CUST034775,551,2,3927.85,1,3,5,At Risk
CUST034776,105,1,249.46,3,2,1,Needs Attention
CUST034777,839,1,146.34,1,2,1,Lost
CUST034778,8,5,2346.5,5,5,4,Champion
CUST034779,35,2,1891.46,5,3,4,Loyal Customer
CUST034780,278,2,655.6199999999999,2,3,2,At Risk
CUST034782,2,15,8943.86,5,5,5,Champion
CUST034784,76,9,3500.39,4,5,5,Champion
CUST034785,64,2,913.09,4,3,3,Loyal Customer
CUST034788,197,5,2809.54,3,5,4,Loyal Customer
CUST034790,63,4,1630.78,4,4,4,Champion
CUST034791,534,1,418.56,1,2,1,Lost
CUST034793,37,1,420.44,5,2,1,Needs Attention
CUST034796,26,5,1836.1,5,5,4,Champion
CUST034797,557,1,111.31,1,2,1,Lost
CUST034801,150,6,2752.13,3,5,4,Loyal Customer
CUST034802,230,2,1487.48,2,3,3,At Risk
CUST034804,71,5,2842.52,4,5,4,Champion
CUST034805,4,82,49260.19,5,5,5,Champion
CUST034806,160,2,1945.1599999999999,3,3,4,Loyal Customer
CUST034808,275,2,1910.82,2,3,4,At Risk
CUST034809,2,3,1100.84,5,4,3,Loyal Customer
CUST034811,27,5,1896.29,5,5,4,Champion
CUST034812,404,3,1232.65,1,4,3,At Risk
CUST034813,57,3,1159.46,4,4,3,Loyal Customer
CUST034814,34,3,812.84,5,4,2,Loyal Customer
CUST034816,357,4,1873.52,2,4,4,At Risk
CUST034817,523,1,634.69,1,2,2,Lost
CUST034818,106,2,884.5600000000001,3,3,3,Loyal Customer
CUST034819,58,1,2229.07,4,2,4,Needs Attention
CUST034821,17,23,14988.210000000001,5,5,5,Champion
CUST034822,818,1,372.04,1,2,1,Lost
CUST034823,110,2,1787.13,3,3,4,Loyal Customer
CUST034824,70,3,1401.6599999999999,4,4,3,Loyal Customer
CUST034825,25,22,10662.68,5,5,5,Champion
CUST034826,19,24,11634.84,5,5,5,Champion
CUST034828,122,7,3413.52,3,5,5,Loyal Customer
CUST034829,313,1,35.97,2,2,1,Lost
CUST034830,468,1,1838.19,1,2,4,Lost
CUST034831,531,1,102.72,1,2,1,Lost
CUST034832,36,10,5360.29,5,5,5,Champion
CUST034833,314,3,852.1099999999999,2,4,2,At Risk
CUST034834,10,2,1122.67,5,3,3,Loyal Customer
CUST034835,371,1,1170.63,2,2,3,Lost
CUST034836,681,1,571.72,1,2,2,Lost
CUST034837,365,4,1877.42,2,4,4,At Risk
CUST034838,771,2,1427.4,1,3,3,At Risk
CUST034839,162,1,1051.24,3,2,3,Needs Attention
CUST034842,475,1,682.53,1,2,2,Lost
CUST034843,549,2,1006.98,1,3,3,At Risk
CUST034845,5,6,1376.32,5,5,3,Loyal Customer
CUST034846,495,1,813.18,1,2,2,Lost
CUST034848,1,5,1089.49,5,5,3,Loyal Customer
CUST034851,529,1,76.69,1,2,1,Lost
CUST034852,240,2,972.1,2,3,3,At Risk
CUST034856,166,1,914.96,3,2,3,Needs Attention
CUST034857,353,1,196.89,2,2,1,Lost
CUST034858,980,1,543.97,1,2,2,Lost
CUST034860,35,8,2860.26,5,5,4,Champion
CUST034862,21,5,2492.37,5,5,4,Champion
CUST034864,18,4,2974.9700000000003,5,4,5,Champion
CUST034866,36,12,6114.66,5,5,5,Champion
CUST034867,46,2,1189.81,4,3,3,Loyal Customer
CUST034869,381,1,169.22,2,2,1,Lost
CUST034870,75,1,339.24,4,2,1,Needs Attention
CUST034871,133,1,170.05,3,2,1,Needs Attention
CUST034873,69,2,4031.09,4,3,5,Loyal Customer
CUST034874,251,2,483.41,2,3,2,At Risk
CUST034876,631,1,660.48,1,2,2,Lost
CUST034881,605,1,422.89,1,2,1,Lost
CUST034884,21,1,266.72,5,2,1,Needs Attention
CUST034885,57,9,4321.35,4,5,5,Champion
CUST034886,418,2,1031.31,1,3,3,At Risk
CUST034887,118,1,1281.19,3,2,3,Needs Attention
CUST034888,39,1,253.24,5,2,1,Needs Attention
CUST034890,346,1,258.19,2,2,1,Lost
CUST034891,123,3,1981.27,3,4,4,Loyal Customer
CUST034892,117,5,1895.48,3,5,4,Loyal Customer
CUST034894,160,1,504.84,3,2,2,Needs Attention
CUST034895,229,1,359.43,2,2,1,Lost
CUST034897,222,1,368.55,2,2,1,Lost
CUST034898,63,1,103.32,4,2,1,Needs Attention
CUST034899,25,2,232.83999999999997,5,3,1,Loyal Customer
CUST034900,502,1,457.2,1,2,2,Lost
CUST034901,248,1,306.18,2,2,1,Lost
CUST034902,161,1,416.45,3,2,1,Needs Attention
CUST034905,453,2,428.22,1,3,1,At Risk
CUST034906,507,1,94.13,1,2,1,Lost
CUST034908,124,2,496.09,3,3,2,Loyal Customer
CUST034910,130,1,262.11,3,2,1,Needs Attention
CUST034911,480,1,742.71,1,2,2,Lost
CUST034912,20,26,14935.15,5,5,5,Champion
CUST034913,89,7,4792.08,4,5,5,Champion
CUST034916,49,1,170.29,4,2,1,Needs Attention
CUST034917,13,2,919.0799999999999,5,3,3,Loyal Customer
CUST034918,298,2,1471.2,2,3,3,At Risk
CUST034919,140,1,727.43,3,2,2,Needs Attention
CUST034920,394,3,3005.99,1,4,5,At Risk
CUST034922,40,2,880.81,4,3,3,Loyal Customer
CUST034927,330,2,1922.81,2,3,4,At Risk
CUST034928,371,2,803.44,2,3,2,At Risk
CUST034929,135,6,4274.73,3,5,5,Loyal Customer
CUST034930,85,7,3366.29,4,5,5,Champion
CUST034932,495,1,660.18,1,2,2,Lost
CUST034934,290,1,1639.29,2,2,4,Lost
CUST034937,152,1,380.02,3,2,1,Needs Attention
CUST034938,74,3,833.26,4,4,2,Loyal Customer
CUST034940,6,11,7829.54,5,5,5,Champion
CUST034941,60,3,1660.27,4,4,4,Champion
CUST034946,675,1,777.66,1,2,2,Lost
CUST034947,56,3,1214.59,4,4,3,Loyal Customer
CUST034948,97,3,3167.46,4,4,5,Champion
CUST034950,70,3,1449.3,4,4,3,Loyal Customer
CUST034951,14,15,9486.85,5,5,5,Champion
CUST034952,518,1,1080.63,1,2,3,Lost
CUST034953,7,18,8935.94,5,5,5,Champion
CUST034955,330,1,1335.67,2,2,3,Lost
CUST034957,59,7,2641.49,4,5,4,Champion
CUST034959,49,22,8026.36,4,5,5,Champion
CUST034960,11,2,548.15,5,3,2,Loyal Customer
CUST034965,22,4,678.14,5,4,2,Loyal Customer
CUST034966,140,1,370.67,3,2,1,Needs Attention
CUST034967,570,1,1320.76,1,2,3,Lost
CUST034968,125,7,4898.5199999999995,3,5,5,Loyal Customer
CUST034969,97,3,2721.89,4,4,4,Champion
CUST034975,44,2,228.35,4,3,1,Loyal Customer
CUST034976,842,1,528.18,1,2,2,Lost
CUST034977,336,2,813.0,2,3,2,At Risk
CUST034978,46,5,3085.53,4,5,5,Champion
CUST034979,256,1,567.01,2,2,2,Lost
CUST034980,28,16,8394.84,5,5,5,Champion
CUST034982,49,8,6015.21,4,5,5,Champion
CUST034983,113,1,504.57,3,2,2,Needs Attention
CUST034984,180,7,3382.18,3,5,5,Loyal Customer
CUST034986,135,3,2648.96,3,4,4,Loyal Customer
CUST034987,83,1,541.89,4,2,2,Needs Attention
CUST034988,37,1,1602.61,5,2,4,Needs Attention
CUST034990,197,4,1419.54,3,4,3,Loyal Customer
CUST034991,66,1,29.89,4,2,1,Needs Attention
CUST034992,535,1,26.01,1,2,1,Lost
CUST034996,410,4,986.1600000000001,1,4,3,At Risk
CUST034997,8,11,4971.7,5,5,5,Champion
CUST034998,504,4,3359.2,1,4,5,At Risk
